date,mandi,variety,modal_price
2022-01-01,Raipur,Common,2249
2022-01-02,Raipur,Common,2224
2022-01-03,Raipur,Common,2208
2022-01-04,Raipur,Common,2209
2022-01-05,Raipur,Common,2170
2022-01-06,Raipur,Common,2210
2022-01-07,Raipur,Common,2211
2022-01-08,Raipur,Common,2223
2022-01-09,Raipur,Common,2224
2022-01-10,Raipur,Common,2239
2022-01-11,Raipur,Common,2234
2022-01-12,Raipur,Common,2246
2022-01-13,Raipur,Common,2257
2022-01-14,Raipur,Common,2265
2022-01-15,Raipur,Common,2255
2022-01-16,Raipur,Common,2273
2022-01-17,Raipur,Common,2272
2022-01-18,Raipur,Common,2276
2022-01-19,Raipur,Common,2278
2022-01-20,Raipur,Common,2294
2022-01-21,Raipur,Common,2270
2022-01-22,Raipur,Common,2284
2022-01-23,Raipur,Common,2285
2022-01-24,Raipur,Common,2265
2022-01-25,Raipur,Common,2283
2022-01-26,Raipur,Common,2294
2022-01-27,Raipur,Common,2289
2022-01-28,Raipur,Common,2268
2022-01-29,Raipur,Common,2257
2022-01-30,Raipur,Common,2243
2022-01-31,Raipur,Common,2267
2022-02-01,Raipur,Common,2248
2022-02-02,Raipur,Common,2256
2022-02-03,Raipur,Common,2214
2022-02-04,Raipur,Common,2216
2022-02-05,Raipur,Common,2236
2022-02-06,Raipur,Common,2231
2022-02-07,Raipur,Common,2200
2022-02-08,Raipur,Common,2194
2022-02-09,Raipur,Common,2201
2022-02-10,Raipur,Common,2196
2022-02-11,Raipur,Common,2191
2022-02-12,Raipur,Common,2191
2022-02-13,Raipur,Common,2190
2022-02-14,Raipur,Common,2173
2022-02-15,Raipur,Common,2180
2022-02-16,Raipur,Common,2194
2022-02-17,Raipur,Common,2206
2022-02-18,Raipur,Common,2190
2022-02-19,Raipur,Common,2190
2022-02-20,Raipur,Common,2215
2022-02-21,Raipur,Common,2193
2022-02-22,Raipur,Common,2201
2022-02-23,Raipur,Common,2192
2022-02-24,Raipur,Common,2206
2022-02-25,Raipur,Common,2206
2022-02-26,Raipur,Common,2223
2022-02-27,Raipur,Common,2235
2022-02-28,Raipur,Common,2229
2022-03-01,Raipur,Common,2233
2022-03-02,Raipur,Common,2224
2022-03-03,Raipur,Common,2235
2022-03-04,Raipur,Common,2228
2022-03-05,Raipur,Common,2205
2022-03-06,Raipur,Common,2194
2022-03-07,Raipur,Common,2214
2022-03-08,Raipur,Common,2219
2022-03-09,Raipur,Common,2217
2022-03-10,Raipur,Common,2202
2022-03-11,Raipur,Common,2173
2022-03-12,Raipur,Common,2176
2022-03-13,Raipur,Common,2177
2022-03-14,Raipur,Common,2151
2022-03-15,Raipur,Common,2149
2022-03-16,Raipur,Common,2166
2022-03-17,Raipur,Common,2165
2022-03-18,Raipur,Common,2162
2022-03-19,Raipur,Common,2166
2022-03-20,Raipur,Common,2170
2022-03-21,Raipur,Common,2178
2022-03-22,Raipur,Common,2167
2022-03-23,Raipur,Common,2165
2022-03-24,Raipur,Common,2138
2022-03-25,Raipur,Common,2114
2022-03-26,Raipur,Common,2112
2022-03-27,Raipur,Common,2107
2022-03-28,Raipur,Common,2095
2022-03-29,Raipur,Common,2078
2022-03-30,Raipur,Common,2097
2022-03-31,Raipur,Common,2099
2022-04-01,Raipur,Common,2077
2022-04-02,Raipur,Common,2048
2022-04-03,Raipur,Common,2071
2022-04-04,Raipur,Common,2065
2022-04-05,Raipur,Common,2034
2022-04-06,Raipur,Common,2018
2022-04-07,Raipur,Common,2029
2022-04-08,Raipur,Common,2053
2022-04-09,Raipur,Common,2083
2022-04-10,Raipur,Common,2094
2022-04-11,Raipur,Common,2088
2022-04-12,Raipur,Common,2079
2022-04-13,Raipur,Common,2086
2022-04-14,Raipur,Common,2105
2022-04-15,Raipur,Common,2104
2022-04-16,Raipur,Common,2094
2022-04-17,Raipur,Common,2085
2022-04-18,Raipur,Common,2102
2022-04-19,Raipur,Common,2098
2022-04-20,Raipur,Common,2130
2022-04-21,Raipur,Common,2119
2022-04-22,Raipur,Common,2077
2022-04-23,Raipur,Common,2061
2022-04-24,Raipur,Common,2044
2022-04-25,Raipur,Common,2042
2022-04-26,Raipur,Common,2063
2022-04-27,Raipur,Common,2047
2022-04-28,Raipur,Common,2057
2022-04-29,Raipur,Common,2087
2022-04-30,Raipur,Common,2097
2022-05-01,Raipur,Common,2105
2022-05-02,Raipur,Common,2116
2022-05-03,Raipur,Common,2130
2022-05-04,Raipur,Common,2116
2022-05-05,Raipur,Common,2120
2022-05-06,Raipur,Common,2107
2022-05-07,Raipur,Common,2088
2022-05-08,Raipur,Common,2089
2022-05-09,Raipur,Common,2079
2022-05-10,Raipur,Common,2092
2022-05-11,Raipur,Common,2060
2022-05-12,Raipur,Common,2070
2022-05-13,Raipur,Common,2076
2022-05-14,Raipur,Common,2073
2022-05-15,Raipur,Common,2062
2022-05-16,Raipur,Common,2044
2022-05-17,Raipur,Common,2041
2022-05-18,Raipur,Common,2044
2022-05-19,Raipur,Common,2036
2022-05-20,Raipur,Common,2048
2022-05-21,Raipur,Common,2034
2022-05-22,Raipur,Common,2051
2022-05-23,Raipur,Common,2042
2022-05-24,Raipur,Common,2053
2022-05-25,Raipur,Common,2046
2022-05-26,Raipur,Common,2090
2022-05-27,Raipur,Common,2053
2022-05-28,Raipur,Common,2080
2022-05-29,Raipur,Common,2089
2022-05-30,Raipur,Common,2106
2022-05-31,Raipur,Common,2078
2022-06-01,Raipur,Common,2067
2022-06-02,Raipur,Common,2033
2022-06-03,Raipur,Common,2032
2022-06-04,Raipur,Common,2029
2022-06-05,Raipur,Common,2028
2022-06-06,Raipur,Common,2020
2022-06-07,Raipur,Common,2002
2022-06-08,Raipur,Common,2007
2022-06-09,Raipur,Common,2036
2022-06-10,Raipur,Common,2044
2022-06-11,Raipur,Common,2033
2022-06-12,Raipur,Common,2042
2022-06-13,Raipur,Common,2054
2022-06-14,Raipur,Common,2039
2022-06-15,Raipur,Common,2030
2022-06-16,Raipur,Common,2048
2022-06-17,Raipur,Common,2056
2022-06-18,Raipur,Common,2035
2022-06-19,Raipur,Common,2031
2022-06-20,Raipur,Common,2015
2022-06-21,Raipur,Common,2041
2022-06-22,Raipur,Common,2036
2022-06-23,Raipur,Common,2027
2022-06-24,Raipur,Common,2008
2022-06-25,Raipur,Common,2042
2022-06-26,Raipur,Common,2046
2022-06-27,Raipur,Common,2064
2022-06-28,Raipur,Common,2057
2022-06-29,Raipur,Common,2077
2022-06-30,Raipur,Common,2078
2022-07-01,Raipur,Common,2069
2022-07-02,Raipur,Common,2070
2022-07-03,Raipur,Common,2075
2022-07-04,Raipur,Common,2088
2022-07-05,Raipur,Common,2100
2022-07-06,Raipur,Common,2059
2022-07-07,Raipur,Common,2062
2022-07-08,Raipur,Common,2044
2022-07-09,Raipur,Common,2052
2022-07-10,Raipur,Common,2065
2022-07-11,Raipur,Common,2067
2022-07-12,Raipur,Common,2063
2022-07-13,Raipur,Common,2075
2022-07-14,Raipur,Common,2079
2022-07-15,Raipur,Common,2063
2022-07-16,Raipur,Common,2077
2022-07-17,Raipur,Common,2092
2022-07-18,Raipur,Common,2097
2022-07-19,Raipur,Common,2104
2022-07-20,Raipur,Common,2098
2022-07-21,Raipur,Common,2092
2022-07-22,Raipur,Common,2093
2022-07-23,Raipur,Common,2075
2022-07-24,Raipur,Common,2098
2022-07-25,Raipur,Common,2107
2022-07-26,Raipur,Common,2132
2022-07-27,Raipur,Common,2122
2022-07-28,Raipur,Common,2141
2022-07-29,Raipur,Common,2106
2022-07-30,Raipur,Common,2103
2022-07-31,Raipur,Common,2121
2022-08-01,Raipur,Common,2119
2022-08-02,Raipur,Common,2102
2022-08-03,Raipur,Common,2119
2022-08-04,Raipur,Common,2114
2022-08-05,Raipur,Common,2121
2022-08-06,Raipur,Common,2121
2022-08-07,Raipur,Common,2118
2022-08-08,Raipur,Common,2119
2022-08-09,Raipur,Common,2079
2022-08-10,Raipur,Common,2050
2022-08-11,Raipur,Common,2098
2022-08-12,Raipur,Common,2081
2022-08-13,Raipur,Common,2085
2022-08-14,Raipur,Common,2098
2022-08-15,Raipur,Common,2134
2022-08-16,Raipur,Common,2150
2022-08-17,Raipur,Common,2155
2022-08-18,Raipur,Common,2154
2022-08-19,Raipur,Common,2134
2022-08-20,Raipur,Common,2100
2022-08-21,Raipur,Common,2098
2022-08-22,Raipur,Common,2101
2022-08-23,Raipur,Common,2133
2022-08-24,Raipur,Common,2141
2022-08-25,Raipur,Common,2136
2022-08-26,Raipur,Common,2125
2022-08-27,Raipur,Common,2140
2022-08-28,Raipur,Common,2140
2022-08-29,Raipur,Common,2166
2022-08-30,Raipur,Common,2199
2022-08-31,Raipur,Common,2211
2022-09-01,Raipur,Common,2212
2022-09-02,Raipur,Common,2218
2022-09-03,Raipur,Common,2235
2022-09-04,Raipur,Common,2218
2022-09-05,Raipur,Common,2215
2022-09-06,Raipur,Common,2207
2022-09-07,Raipur,Common,2199
2022-09-08,Raipur,Common,2225
2022-09-09,Raipur,Common,2219
2022-09-10,Raipur,Common,2221
2022-09-11,Raipur,Common,2239
2022-09-12,Raipur,Common,2232
2022-09-13,Raipur,Common,2250
2022-09-14,Raipur,Common,2241
2022-09-15,Raipur,Common,2247
2022-09-16,Raipur,Common,2237
2022-09-17,Raipur,Common,2234
2022-09-18,Raipur,Common,2260
2022-09-19,Raipur,Common,2254
2022-09-20,Raipur,Common,2253
2022-09-21,Raipur,Common,2271
2022-09-22,Raipur,Common,2270
2022-09-23,Raipur,Common,2274
2022-09-24,Raipur,Common,2250
2022-09-25,Raipur,Common,2264
2022-09-26,Raipur,Common,2295
2022-09-27,Raipur,Common,2304
2022-09-28,Raipur,Common,2298
2022-09-29,Raipur,Common,2301
2022-09-30,Raipur,Common,2260
2022-10-01,Raipur,Common,2260
2022-10-02,Raipur,Common,2241
2022-10-03,Raipur,Common,2250
2022-10-04,Raipur,Common,2268
2022-10-05,Raipur,Common,2264
2022-10-06,Raipur,Common,2256
2022-10-07,Raipur,Common,2263
2022-10-08,Raipur,Common,2238
2022-10-09,Raipur,Common,2236
2022-10-10,Raipur,Common,2227
2022-10-11,Raipur,Common,2223
2022-10-12,Raipur,Common,2266
2022-10-13,Raipur,Common,2268
2022-10-14,Raipur,Common,2255
2022-10-15,Raipur,Common,2226
2022-10-16,Raipur,Common,2238
2022-10-17,Raipur,Common,2225
2022-10-18,Raipur,Common,2243
2022-10-19,Raipur,Common,2283
2022-10-20,Raipur,Common,2285
2022-10-21,Raipur,Common,2280
2022-10-22,Raipur,Common,2266
2022-10-23,Raipur,Common,2252
2022-10-24,Raipur,Common,2274
2022-10-25,Raipur,Common,2276
2022-10-26,Raipur,Common,2265
2022-10-27,Raipur,Common,2252
2022-10-28,Raipur,Common,2252
2022-10-29,Raipur,Common,2287
2022-10-30,Raipur,Common,2280
2022-10-31,Raipur,Common,2268
2022-11-01,Raipur,Common,2275
2022-11-02,Raipur,Common,2241
2022-11-03,Raipur,Common,2228
2022-11-04,Raipur,Common,2246
2022-11-05,Raipur,Common,2256
2022-11-06,Raipur,Common,2263
2022-11-07,Raipur,Common,2288
2022-11-08,Raipur,Common,2255
2022-11-09,Raipur,Common,2266
2022-11-10,Raipur,Common,2264
2022-11-11,Raipur,Common,2261
2022-11-12,Raipur,Common,2248
2022-11-13,Raipur,Common,2259
2022-11-14,Raipur,Common,2294
2022-11-15,Raipur,Common,2299
2022-11-16,Raipur,Common,2303
2022-11-17,Raipur,Common,2296
2022-11-18,Raipur,Common,2304
2022-11-19,Raipur,Common,2285
2022-11-20,Raipur,Common,2299
2022-11-21,Raipur,Common,2263
2022-11-22,Raipur,Common,2262
2022-11-23,Raipur,Common,2256
2022-11-24,Raipur,Common,2260
2022-11-25,Raipur,Common,2260
2022-11-26,Raipur,Common,2262
2022-11-27,Raipur,Common,2260
2022-11-28,Raipur,Common,2255
2022-11-29,Raipur,Common,2241
2022-11-30,Raipur,Common,2247
2022-12-01,Raipur,Common,2259
2022-12-02,Raipur,Common,2259
2022-12-03,Raipur,Common,2259
2022-12-04,Raipur,Common,2277
2022-12-05,Raipur,Common,2263
2022-12-06,Raipur,Common,2264
2022-12-07,Raipur,Common,2303
2022-12-08,Raipur,Common,2299
2022-12-09,Raipur,Common,2321
2022-12-10,Raipur,Common,2311
2022-12-11,Raipur,Common,2316
2022-12-12,Raipur,Common,2296
2022-12-13,Raipur,Common,2299
2022-12-14,Raipur,Common,2308
2022-12-15,Raipur,Common,2318
2022-12-16,Raipur,Common,2342
2022-12-17,Raipur,Common,2336
2022-12-18,Raipur,Common,2330
2022-12-19,Raipur,Common,2325
2022-12-20,Raipur,Common,2329
2022-12-21,Raipur,Common,2312
2022-12-22,Raipur,Common,2309
2022-12-23,Raipur,Common,2293
2022-12-24,Raipur,Common,2295
2022-12-25,Raipur,Common,2280
2022-12-26,Raipur,Common,2292
2022-12-27,Raipur,Common,2293
2022-12-28,Raipur,Common,2288
2022-12-29,Raipur,Common,2289
2022-12-30,Raipur,Common,2268
2022-12-31,Raipur,Common,2273
2023-01-01,Raipur,Common,2265
2023-01-02,Raipur,Common,2259
2023-01-03,Raipur,Common,2295
2023-01-04,Raipur,Common,2307
2023-01-05,Raipur,Common,2302
2023-01-06,Raipur,Common,2291
2023-01-07,Raipur,Common,2300
2023-01-08,Raipur,Common,2281
2023-01-09,Raipur,Common,2315
2023-01-10,Raipur,Common,2296
2023-01-11,Raipur,Common,2295
2023-01-12,Raipur,Common,2312
2023-01-13,Raipur,Common,2297
2023-01-14,Raipur,Common,2317
2023-01-15,Raipur,Common,2305
2023-01-16,Raipur,Common,2296
2023-01-17,Raipur,Common,2297
2023-01-18,Raipur,Common,2276
2023-01-19,Raipur,Common,2276
2023-01-20,Raipur,Common,2253
2023-01-21,Raipur,Common,2233
2023-01-22,Raipur,Common,2222
2023-01-23,Raipur,Common,2241
2023-01-24,Raipur,Common,2261
2023-01-25,Raipur,Common,2226
2023-01-26,Raipur,Common,2235
2023-01-27,Raipur,Common,2226
2023-01-28,Raipur,Common,2239
2023-01-29,Raipur,Common,2219
2023-01-30,Raipur,Common,2214
2023-01-31,Raipur,Common,2236
2023-02-01,Raipur,Common,2245
2023-02-02,Raipur,Common,2218
2023-02-03,Raipur,Common,2221
2023-02-04,Raipur,Common,2242
2023-02-05,Raipur,Common,2237
2023-02-06,Raipur,Common,2229
2023-02-07,Raipur,Common,2233
2023-02-08,Raipur,Common,2206
2023-02-09,Raipur,Common,2174
2023-02-10,Raipur,Common,2159
2023-02-11,Raipur,Common,2160
2023-02-12,Raipur,Common,2178
2023-02-13,Raipur,Common,2204
2023-02-14,Raipur,Common,2202
2023-02-15,Raipur,Common,2222
2023-02-16,Raipur,Common,2223
2023-02-17,Raipur,Common,2211
2023-02-18,Raipur,Common,2239
2023-02-19,Raipur,Common,2246
2023-02-20,Raipur,Common,2243
2023-02-21,Raipur,Common,2227
2023-02-22,Raipur,Common,2198
2023-02-23,Raipur,Common,2212
2023-02-24,Raipur,Common,2224
2023-02-25,Raipur,Common,2238
2023-02-26,Raipur,Common,2238
2023-02-27,Raipur,Common,2214
2023-02-28,Raipur,Common,2201
2023-03-01,Raipur,Common,2198
2023-03-02,Raipur,Common,2221
2023-03-03,Raipur,Common,2205
2023-03-04,Raipur,Common,2199
2023-03-05,Raipur,Common,2170
2023-03-06,Raipur,Common,2171
2023-03-07,Raipur,Common,2177
2023-03-08,Raipur,Common,2162
2023-03-09,Raipur,Common,2169
2023-03-10,Raipur,Common,2153
2023-03-11,Raipur,Common,2145
2023-03-12,Raipur,Common,2149
2023-03-13,Raipur,Common,2146
2023-03-14,Raipur,Common,2149
2023-03-15,Raipur,Common,2160
2023-03-16,Raipur,Common,2149
2023-03-17,Raipur,Common,2130
2023-03-18,Raipur,Common,2158
2023-03-19,Raipur,Common,2152
2023-03-20,Raipur,Common,2137
2023-03-21,Raipur,Common,2153
2023-03-22,Raipur,Common,2138
2023-03-23,Raipur,Common,2148
2023-03-24,Raipur,Common,2139
2023-03-25,Raipur,Common,2149
2023-03-26,Raipur,Common,2112
2023-03-27,Raipur,Common,2093
2023-03-28,Raipur,Common,2114
2023-03-29,Raipur,Common,2138
2023-03-30,Raipur,Common,2135
2023-03-31,Raipur,Common,2136
2023-04-01,Raipur,Common,2129
2023-04-02,Raipur,Common,2153
2023-04-03,Raipur,Common,2172
2023-04-04,Raipur,Common,2170
2023-04-05,Raipur,Common,2159
2023-04-06,Raipur,Common,2159
2023-04-07,Raipur,Common,2149
2023-04-08,Raipur,Common,2169
2023-04-09,Raipur,Common,2137
2023-04-10,Raipur,Common,2123
2023-04-11,Raipur,Common,2121
2023-04-12,Raipur,Common,2124
2023-04-13,Raipur,Common,2092
2023-04-14,Raipur,Common,2104
2023-04-15,Raipur,Common,2121
2023-04-16,Raipur,Common,2105
2023-04-17,Raipur,Common,2084
2023-04-18,Raipur,Common,2116
2023-04-19,Raipur,Common,2118
2023-04-20,Raipur,Common,2097
2023-04-21,Raipur,Common,2077
2023-04-22,Raipur,Common,2092
2023-04-23,Raipur,Common,2105
2023-04-24,Raipur,Common,2082
2023-04-25,Raipur,Common,2060
2023-04-26,Raipur,Common,2031
2023-04-27,Raipur,Common,2056
2023-04-28,Raipur,Common,2025
2023-04-29,Raipur,Common,2025
2023-04-30,Raipur,Common,2038
2023-05-01,Raipur,Common,2042
2023-05-02,Raipur,Common,2050
2023-05-03,Raipur,Common,2068
2023-05-04,Raipur,Common,2046
2023-05-05,Raipur,Common,2044
2023-05-06,Raipur,Common,2036
2023-05-07,Raipur,Common,2033
2023-05-08,Raipur,Common,2046
2023-05-09,Raipur,Common,2065
2023-05-10,Raipur,Common,2077
2023-05-11,Raipur,Common,2078
2023-05-12,Raipur,Common,2088
2023-05-13,Raipur,Common,2106
2023-05-14,Raipur,Common,2117
2023-05-15,Raipur,Common,2141
2023-05-16,Raipur,Common,2130
2023-05-17,Raipur,Common,2128
2023-05-18,Raipur,Common,2100
2023-05-19,Raipur,Common,2103
2023-05-20,Raipur,Common,2092
2023-05-21,Raipur,Common,2086
2023-05-22,Raipur,Common,2093
2023-05-23,Raipur,Common,2090
2023-05-24,Raipur,Common,2101
2023-05-25,Raipur,Common,2102
2023-05-26,Raipur,Common,2115
2023-05-27,Raipur,Common,2099
2023-05-28,Raipur,Common,2090
2023-05-29,Raipur,Common,2076
2023-05-30,Raipur,Common,2066
2023-05-31,Raipur,Common,2081
2023-06-01,Raipur,Common,2089
2023-06-02,Raipur,Common,2109
2023-06-03,Raipur,Common,2091
2023-06-04,Raipur,Common,2127
2023-06-05,Raipur,Common,2125
2023-06-06,Raipur,Common,2112
2023-06-07,Raipur,Common,2117
2023-06-08,Raipur,Common,2111
2023-06-09,Raipur,Common,2124
2023-06-10,Raipur,Common,2113
2023-06-11,Raipur,Common,2121
2023-06-12,Raipur,Common,2101
2023-06-13,Raipur,Common,2086
2023-06-14,Raipur,Common,2093
2023-06-15,Raipur,Common,2074
2023-06-16,Raipur,Common,2067
2023-06-17,Raipur,Common,2082
2023-06-18,Raipur,Common,2095
2023-06-19,Raipur,Common,2064
2023-06-20,Raipur,Common,2069
2023-06-21,Raipur,Common,2076
2023-06-22,Raipur,Common,2086
2023-06-23,Raipur,Common,2100
2023-06-24,Raipur,Common,2108
2023-06-25,Raipur,Common,2093
2023-06-26,Raipur,Common,2100
2023-06-27,Raipur,Common,2131
2023-06-28,Raipur,Common,2147
2023-06-29,Raipur,Common,2165
2023-06-30,Raipur,Common,2168
2023-07-01,Raipur,Common,2166
2023-07-02,Raipur,Common,2178
2023-07-03,Raipur,Common,2156
2023-07-04,Raipur,Common,2163
2023-07-05,Raipur,Common,2167
2023-07-06,Raipur,Common,2168
2023-07-07,Raipur,Common,2184
2023-07-08,Raipur,Common,2191
2023-07-09,Raipur,Common,2208
2023-07-10,Raipur,Common,2203
2023-07-11,Raipur,Common,2195
2023-07-12,Raipur,Common,2195
2023-07-13,Raipur,Common,2202
2023-07-14,Raipur,Common,2172
2023-07-15,Raipur,Common,2175
2023-07-16,Raipur,Common,2179
2023-07-17,Raipur,Common,2174
2023-07-18,Raipur,Common,2156
2023-07-19,Raipur,Common,2152
2023-07-20,Raipur,Common,2129
2023-07-21,Raipur,Common,2115
2023-07-22,Raipur,Common,2112
2023-07-23,Raipur,Common,2080
2023-07-24,Raipur,Common,2078
2023-07-25,Raipur,Common,2097
2023-07-26,Raipur,Common,2110
2023-07-27,Raipur,Common,2109
2023-07-28,Raipur,Common,2111
2023-07-29,Raipur,Common,2110
2023-07-30,Raipur,Common,2123
2023-07-31,Raipur,Common,2112
2023-08-01,Raipur,Common,2093
2023-08-02,Raipur,Common,2086
2023-08-03,Raipur,Common,2078
2023-08-04,Raipur,Common,2092
2023-08-05,Raipur,Common,2068
2023-08-06,Raipur,Common,2073
2023-08-07,Raipur,Common,2074
2023-08-08,Raipur,Common,2091
2023-08-09,Raipur,Common,2124
2023-08-10,Raipur,Common,2132
2023-08-11,Raipur,Common,2155
2023-08-12,Raipur,Common,2167
2023-08-13,Raipur,Common,2160
2023-08-14,Raipur,Common,2146
2023-08-15,Raipur,Common,2153
2023-08-16,Raipur,Common,2139
2023-08-17,Raipur,Common,2137
2023-08-18,Raipur,Common,2150
2023-08-19,Raipur,Common,2190
2023-08-20,Raipur,Common,2161
2023-08-21,Raipur,Common,2189
2023-08-22,Raipur,Common,2180
2023-08-23,Raipur,Common,2184
2023-08-24,Raipur,Common,2188
2023-08-25,Raipur,Common,2203
2023-08-26,Raipur,Common,2219
2023-08-27,Raipur,Common,2215
2023-08-28,Raipur,Common,2225
2023-08-29,Raipur,Common,2233
2023-08-30,Raipur,Common,2212
2023-08-31,Raipur,Common,2221
2023-09-01,Raipur,Common,2228
2023-09-02,Raipur,Common,2237
2023-09-03,Raipur,Common,2245
2023-09-04,Raipur,Common,2251
2023-09-05,Raipur,Common,2219
2023-09-06,Raipur,Common,2218
2023-09-07,Raipur,Common,2224
2023-09-08,Raipur,Common,2229
2023-09-09,Raipur,Common,2239
2023-09-10,Raipur,Common,2249
2023-09-11,Raipur,Common,2285
2023-09-12,Raipur,Common,2253
2023-09-13,Raipur,Common,2216
2023-09-14,Raipur,Common,2223
2023-09-15,Raipur,Common,2218
2023-09-16,Raipur,Common,2233
2023-09-17,Raipur,Common,2235
2023-09-18,Raipur,Common,2254
2023-09-19,Raipur,Common,2258
2023-09-20,Raipur,Common,2288
2023-09-21,Raipur,Common,2289
2023-09-22,Raipur,Common,2261
2023-09-23,Raipur,Common,2251
2023-09-24,Raipur,Common,2239
2023-09-25,Raipur,Common,2230
2023-09-26,Raipur,Common,2252
2023-09-27,Raipur,Common,2238
2023-09-28,Raipur,Common,2255
2023-09-29,Raipur,Common,2262
2023-09-30,Raipur,Common,2282
2023-10-01,Raipur,Common,2295
2023-10-02,Raipur,Common,2274
2023-10-03,Raipur,Common,2269
2023-10-04,Raipur,Common,2282
2023-10-05,Raipur,Common,2275
2023-10-06,Raipur,Common,2288
2023-10-07,Raipur,Common,2289
2023-10-08,Raipur,Common,2282
2023-10-09,Raipur,Common,2273
2023-10-10,Raipur,Common,2266
2023-10-11,Raipur,Common,2243
2023-10-12,Raipur,Common,2240
2023-10-13,Raipur,Common,2233
2023-10-14,Raipur,Common,2242
2023-10-15,Raipur,Common,2234
2023-10-16,Raipur,Common,2230
2023-10-17,Raipur,Common,2211
2023-10-18,Raipur,Common,2207
2023-10-19,Raipur,Common,2205
2023-10-20,Raipur,Common,2230
2023-10-21,Raipur,Common,2219
2023-10-22,Raipur,Common,2216
2023-10-23,Raipur,Common,2219
2023-10-24,Raipur,Common,2237
2023-10-25,Raipur,Common,2248
2023-10-26,Raipur,Common,2244
2023-10-27,Raipur,Common,2249
2023-10-28,Raipur,Common,2254
2023-10-29,Raipur,Common,2269
2023-10-30,Raipur,Common,2267
2023-10-31,Raipur,Common,2267
2023-11-01,Raipur,Common,2257
2023-11-02,Raipur,Common,2247
2023-11-03,Raipur,Common,2237
2023-11-04,Raipur,Common,2239
2023-11-05,Raipur,Common,2260
2023-11-06,Raipur,Common,2285
2023-11-07,Raipur,Common,2273
2023-11-08,Raipur,Common,2297
2023-11-09,Raipur,Common,2322
2023-11-10,Raipur,Common,2321
2023-11-11,Raipur,Common,2322
2023-11-12,Raipur,Common,2292
2023-11-13,Raipur,Common,2287
2023-11-14,Raipur,Common,2280
2023-11-15,Raipur,Common,2276
2023-11-16,Raipur,Common,2274
2023-11-17,Raipur,Common,2276
2023-11-18,Raipur,Common,2285
2023-11-19,Raipur,Common,2291
2023-11-20,Raipur,Common,2275
2023-11-21,Raipur,Common,2274
2023-11-22,Raipur,Common,2260
2023-11-23,Raipur,Common,2279
2023-11-24,Raipur,Common,2295
2023-11-25,Raipur,Common,2349
2023-11-26,Raipur,Common,2355
2023-11-27,Raipur,Common,2368
2023-11-28,Raipur,Common,2360
2023-11-29,Raipur,Common,2352
2023-11-30,Raipur,Common,2357
2023-12-01,Raipur,Common,2355
2023-12-02,Raipur,Common,2352
2023-12-03,Raipur,Common,2345
2023-12-04,Raipur,Common,2310
2023-12-05,Raipur,Common,2316
2023-12-06,Raipur,Common,2309
2023-12-07,Raipur,Common,2304
2023-12-08,Raipur,Common,2315
2023-12-09,Raipur,Common,2312
2023-12-10,Raipur,Common,2322
2023-12-11,Raipur,Common,2341
2023-12-12,Raipur,Common,2331
2023-12-13,Raipur,Common,2319
2023-12-14,Raipur,Common,2301
2023-12-15,Raipur,Common,2299
2023-12-16,Raipur,Common,2306
2023-12-17,Raipur,Common,2325
2023-12-18,Raipur,Common,2332
2023-12-19,Raipur,Common,2367
2023-12-20,Raipur,Common,2359
2023-12-21,Raipur,Common,2350
2023-12-22,Raipur,Common,2336
2023-12-23,Raipur,Common,2340
2023-12-24,Raipur,Common,2320
2023-12-25,Raipur,Common,2269
2023-12-26,Raipur,Common,2269
2023-12-27,Raipur,Common,2297
2023-12-28,Raipur,Common,2295
2023-12-29,Raipur,Common,2314
2023-12-30,Raipur,Common,2297
2023-12-31,Raipur,Common,2298
2024-01-01,Raipur,Common,2280
2024-01-02,Raipur,Common,2281
2024-01-03,Raipur,Common,2256
2024-01-04,Raipur,Common,2251
2024-01-05,Raipur,Common,2266
2024-01-06,Raipur,Common,2264
2024-01-07,Raipur,Common,2240
2024-01-08,Raipur,Common,2241
2024-01-09,Raipur,Common,2262
2024-01-10,Raipur,Common,2260
2024-01-11,Raipur,Common,2265
2024-01-12,Raipur,Common,2294
2024-01-13,Raipur,Common,2304
2024-01-14,Raipur,Common,2300
2024-01-15,Raipur,Common,2295
2024-01-16,Raipur,Common,2319
2024-01-17,Raipur,Common,2327
2024-01-18,Raipur,Common,2335
2024-01-19,Raipur,Common,2324
2024-01-20,Raipur,Common,2333
2024-01-21,Raipur,Common,2314
2024-01-22,Raipur,Common,2310
2024-01-23,Raipur,Common,2321
2024-01-24,Raipur,Common,2342
2024-01-25,Raipur,Common,2311
2024-01-26,Raipur,Common,2308
2024-01-27,Raipur,Common,2338
2024-01-28,Raipur,Common,2353
2024-01-29,Raipur,Common,2325
2024-01-30,Raipur,Common,2333
2024-01-31,Raipur,Common,2290
2024-02-01,Raipur,Common,2279
2024-02-02,Raipur,Common,2299
2024-02-03,Raipur,Common,2294
2024-02-04,Raipur,Common,2291
2024-02-05,Raipur,Common,2292
2024-02-06,Raipur,Common,2299
2024-02-07,Raipur,Common,2303
2024-02-08,Raipur,Common,2303
2024-02-09,Raipur,Common,2288
2024-02-10,Raipur,Common,2303
2024-02-11,Raipur,Common,2318
2024-02-12,Raipur,Common,2321
2024-02-13,Raipur,Common,2323
2024-02-14,Raipur,Common,2285
2024-02-15,Raipur,Common,2303
2024-02-16,Raipur,Common,2291
2024-02-17,Raipur,Common,2306
2024-02-18,Raipur,Common,2299
2024-02-19,Raipur,Common,2295
2024-02-20,Raipur,Common,2290
2024-02-21,Raipur,Common,2296
2024-02-22,Raipur,Common,2293
2024-02-23,Raipur,Common,2303
2024-02-24,Raipur,Common,2284
2024-02-25,Raipur,Common,2290
2024-02-26,Raipur,Common,2277
2024-02-27,Raipur,Common,2277
2024-02-28,Raipur,Common,2276
2024-02-29,Raipur,Common,2276
2024-03-01,Raipur,Common,2283
2024-03-02,Raipur,Common,2263
2024-03-03,Raipur,Common,2264
2024-03-04,Raipur,Common,2277
2024-03-05,Raipur,Common,2305
2024-03-06,Raipur,Common,2302
2024-03-07,Raipur,Common,2306
2024-03-08,Raipur,Common,2286
2024-03-09,Raipur,Common,2276
2024-03-10,Raipur,Common,2276
2024-03-11,Raipur,Common,2276
2024-03-12,Raipur,Common,2263
2024-03-13,Raipur,Common,2226
2024-03-14,Raipur,Common,2234
2024-03-15,Raipur,Common,2237
2024-03-16,Raipur,Common,2231
2024-03-17,Raipur,Common,2221
2024-03-18,Raipur,Common,2244
2024-03-19,Raipur,Common,2240
2024-03-20,Raipur,Common,2222
2024-03-21,Raipur,Common,2205
2024-03-22,Raipur,Common,2196
2024-03-23,Raipur,Common,2221
2024-03-24,Raipur,Common,2197
2024-03-25,Raipur,Common,2219
2024-03-26,Raipur,Common,2205
2024-03-27,Raipur,Common,2189
2024-03-28,Raipur,Common,2168
2024-03-29,Raipur,Common,2182
2024-03-30,Raipur,Common,2201
2024-03-31,Raipur,Common,2182
2024-04-01,Raipur,Common,2183
2024-04-02,Raipur,Common,2179
2024-04-03,Raipur,Common,2192
2024-04-04,Raipur,Common,2160
2024-04-05,Raipur,Common,2175
2024-04-06,Raipur,Common,2192
2024-04-07,Raipur,Common,2190
2024-04-08,Raipur,Common,2160
2024-04-09,Raipur,Common,2152
2024-04-10,Raipur,Common,2129
2024-04-11,Raipur,Common,2183
2024-04-12,Raipur,Common,2173
2024-04-13,Raipur,Common,2171
2024-04-14,Raipur,Common,2158
2024-04-15,Raipur,Common,2176
2024-04-16,Raipur,Common,2189
2024-04-17,Raipur,Common,2182
2024-04-18,Raipur,Common,2166
2024-04-19,Raipur,Common,2175
2024-04-20,Raipur,Common,2174
2024-04-21,Raipur,Common,2173
2024-04-22,Raipur,Common,2174
2024-04-23,Raipur,Common,2165
2024-04-24,Raipur,Common,2161
2024-04-25,Raipur,Common,2130
2024-04-26,Raipur,Common,2132
2024-04-27,Raipur,Common,2131
2024-04-28,Raipur,Common,2129
2024-04-29,Raipur,Common,2129
2024-04-30,Raipur,Common,2139
2024-05-01,Raipur,Common,2147
2024-05-02,Raipur,Common,2131
2024-05-03,Raipur,Common,2135
2024-05-04,Raipur,Common,2146
2024-05-05,Raipur,Common,2158
2024-05-06,Raipur,Common,2150
2024-05-07,Raipur,Common,2136
2024-05-08,Raipur,Common,2130
2024-05-09,Raipur,Common,2117
2024-05-10,Raipur,Common,2124
2024-05-11,Raipur,Common,2100
2024-05-12,Raipur,Common,2088
2024-05-13,Raipur,Common,2093
2024-05-14,Raipur,Common,2092
2024-05-15,Raipur,Common,2106
2024-05-16,Raipur,Common,2126
2024-05-17,Raipur,Common,2128
2024-05-18,Raipur,Common,2125
2024-05-19,Raipur,Common,2108
2024-05-20,Raipur,Common,2071
2024-05-21,Raipur,Common,2078
2024-05-22,Raipur,Common,2078
2024-05-23,Raipur,Common,2097
2024-05-24,Raipur,Common,2119
2024-05-25,Raipur,Common,2100
2024-05-26,Raipur,Common,2110
2024-05-27,Raipur,Common,2125
2024-05-28,Raipur,Common,2113
2024-05-29,Raipur,Common,2108
2024-05-30,Raipur,Common,2115
2024-05-31,Raipur,Common,2086
2024-06-01,Raipur,Common,2110
2024-06-02,Raipur,Common,2116
2024-06-03,Raipur,Common,2134
2024-06-04,Raipur,Common,2133
2024-06-05,Raipur,Common,2155
2024-06-06,Raipur,Common,2153
2024-06-07,Raipur,Common,2154
2024-06-08,Raipur,Common,2154
2024-06-09,Raipur,Common,2150
2024-06-10,Raipur,Common,2142
2024-06-11,Raipur,Common,2138
2024-06-12,Raipur,Common,2140
2024-06-13,Raipur,Common,2128
2024-06-14,Raipur,Common,2122
2024-06-15,Raipur,Common,2100
2024-06-16,Raipur,Common,2114
2024-06-17,Raipur,Common,2091
2024-06-18,Raipur,Common,2085
2024-06-19,Raipur,Common,2093
2024-06-20,Raipur,Common,2086
2024-06-21,Raipur,Common,2087
2024-06-22,Raipur,Common,2100
2024-06-23,Raipur,Common,2109
2024-06-24,Raipur,Common,2089
2024-06-25,Raipur,Common,2095
2024-06-26,Raipur,Common,2109
2024-06-27,Raipur,Common,2124
2024-06-28,Raipur,Common,2136
2024-06-29,Raipur,Common,2136
2024-06-30,Raipur,Common,2152
2024-07-01,Raipur,Common,2126
2024-07-02,Raipur,Common,2121
2024-07-03,Raipur,Common,2105
2024-07-04,Raipur,Common,2104
2024-07-05,Raipur,Common,2102
2024-07-06,Raipur,Common,2130
2024-07-07,Raipur,Common,2136
2024-07-08,Raipur,Common,2146
2024-07-09,Raipur,Common,2125
2024-07-10,Raipur,Common,2178
2024-07-11,Raipur,Common,2190
2024-07-12,Raipur,Common,2212
2024-07-13,Raipur,Common,2234
2024-07-14,Raipur,Common,2202
2024-07-15,Raipur,Common,2221
2024-07-16,Raipur,Common,2207
2024-07-17,Raipur,Common,2209
2024-07-18,Raipur,Common,2213
2024-07-19,Raipur,Common,2211
2024-07-20,Raipur,Common,2181
2024-07-21,Raipur,Common,2166
2024-07-22,Raipur,Common,2163
2024-07-23,Raipur,Common,2173
2024-07-24,Raipur,Common,2161
2024-07-25,Raipur,Common,2128
2024-07-26,Raipur,Common,2119
2024-07-27,Raipur,Common,2101
2024-07-28,Raipur,Common,2115
2024-07-29,Raipur,Common,2100
2024-07-30,Raipur,Common,2125
2024-07-31,Raipur,Common,2132
2024-08-01,Raipur,Common,2133
2024-08-02,Raipur,Common,2097
2024-08-03,Raipur,Common,2122
2024-08-04,Raipur,Common,2146
2024-08-05,Raipur,Common,2148
2024-08-06,Raipur,Common,2158
2024-08-07,Raipur,Common,2166
2024-08-08,Raipur,Common,2188
2024-08-09,Raipur,Common,2177
2024-08-10,Raipur,Common,2204
2024-08-11,Raipur,Common,2234
2024-08-12,Raipur,Common,2244
2024-08-13,Raipur,Common,2246
2024-08-14,Raipur,Common,2242
2024-08-15,Raipur,Common,2236
2024-08-16,Raipur,Common,2215
2024-08-17,Raipur,Common,2207
2024-08-18,Raipur,Common,2205
2024-08-19,Raipur,Common,2189
2024-08-20,Raipur,Common,2172
2024-08-21,Raipur,Common,2173
2024-08-22,Raipur,Common,2182
2024-08-23,Raipur,Common,2209
2024-08-24,Raipur,Common,2195
2024-08-25,Raipur,Common,2216
2024-08-26,Raipur,Common,2193
2024-08-27,Raipur,Common,2183
2024-08-28,Raipur,Common,2189
2024-08-29,Raipur,Common,2179
2024-08-30,Raipur,Common,2197
2024-08-31,Raipur,Common,2176
2024-09-01,Raipur,Common,2172
2024-09-02,Raipur,Common,2167
2024-09-03,Raipur,Common,2210
2024-09-04,Raipur,Common,2235
2024-09-05,Raipur,Common,2233
2024-09-06,Raipur,Common,2227
2024-09-07,Raipur,Common,2249
2024-09-08,Raipur,Common,2239
2024-09-09,Raipur,Common,2241
2024-09-10,Raipur,Common,2256
2024-09-11,Raipur,Common,2269
2024-09-12,Raipur,Common,2267
2024-09-13,Raipur,Common,2260
2024-09-14,Raipur,Common,2281
2024-09-15,Raipur,Common,2271
2024-09-16,Raipur,Common,2277
2024-09-17,Raipur,Common,2271
2024-09-18,Raipur,Common,2265
2024-09-19,Raipur,Common,2287
2024-09-20,Raipur,Common,2286
2024-09-21,Raipur,Common,2285
2024-09-22,Raipur,Common,2251
2024-09-23,Raipur,Common,2260
2024-09-24,Raipur,Common,2266
2024-09-25,Raipur,Common,2270
2024-09-26,Raipur,Common,2279
2024-09-27,Raipur,Common,2294
2024-09-28,Raipur,Common,2300
2024-09-29,Raipur,Common,2296
2024-09-30,Raipur,Common,2321
2024-10-01,Raipur,Common,2334
2024-10-02,Raipur,Common,2346
2024-10-03,Raipur,Common,2351
2024-10-04,Raipur,Common,2347
2024-10-05,Raipur,Common,2358
2024-10-06,Raipur,Common,2366
2024-10-07,Raipur,Common,2366
2024-10-08,Raipur,Common,2349
2024-10-09,Raipur,Common,2346
2024-10-10,Raipur,Common,2371
2024-10-11,Raipur,Common,2358
2024-10-12,Raipur,Common,2368
2024-10-13,Raipur,Common,2348
2024-10-14,Raipur,Common,2343
2024-10-15,Raipur,Common,2323
2024-10-16,Raipur,Common,2334
2024-10-17,Raipur,Common,2378
2024-10-18,Raipur,Common,2360
2024-10-19,Raipur,Common,2353
2024-10-20,Raipur,Common,2355
2024-10-21,Raipur,Common,2343
2024-10-22,Raipur,Common,2326
2024-10-23,Raipur,Common,2292
2024-10-24,Raipur,Common,2302
2024-10-25,Raipur,Common,2326
2024-10-26,Raipur,Common,2346
2024-10-27,Raipur,Common,2356
2024-10-28,Raipur,Common,2325
2024-10-29,Raipur,Common,2336
2024-10-30,Raipur,Common,2318
2024-10-31,Raipur,Common,2305
2024-11-01,Raipur,Common,2320
2024-11-02,Raipur,Common,2323
2024-11-03,Raipur,Common,2331
2024-11-04,Raipur,Common,2317
2024-11-05,Raipur,Common,2342
2024-11-06,Raipur,Common,2349
2024-11-07,Raipur,Common,2330
2024-11-08,Raipur,Common,2335
2024-11-09,Raipur,Common,2341
2024-11-10,Raipur,Common,2292
2024-11-11,Raipur,Common,2309
2024-11-12,Raipur,Common,2319
2024-11-13,Raipur,Common,2332
2024-11-14,Raipur,Common,2353
2024-11-15,Raipur,Common,2367
2024-11-16,Raipur,Common,2350
2024-11-17,Raipur,Common,2343
2024-11-18,Raipur,Common,2362
2024-11-19,Raipur,Common,2366
2024-11-20,Raipur,Common,2378
2024-11-21,Raipur,Common,2361
2024-11-22,Raipur,Common,2377
2024-11-23,Raipur,Common,2355
2024-11-24,Raipur,Common,2359
2024-11-25,Raipur,Common,2359
2024-11-26,Raipur,Common,2366
2024-11-27,Raipur,Common,2349
2024-11-28,Raipur,Common,2362
2024-11-29,Raipur,Common,2342
2024-11-30,Raipur,Common,2391
2024-12-01,Raipur,Common,2370
2024-12-02,Raipur,Common,2377
2024-12-03,Raipur,Common,2367
2024-12-04,Raipur,Common,2346
2024-12-05,Raipur,Common,2347
2024-12-06,Raipur,Common,2371
2024-12-07,Raipur,Common,2365
2024-12-08,Raipur,Common,2343
2024-12-09,Raipur,Common,2341
2024-12-10,Raipur,Common,2319
2024-12-11,Raipur,Common,2336
2024-12-12,Raipur,Common,2363
2024-12-13,Raipur,Common,2364
2024-12-14,Raipur,Common,2368
2024-12-15,Raipur,Common,2347
2024-12-16,Raipur,Common,2315
2024-12-17,Raipur,Common,2307
2024-12-18,Raipur,Common,2323
2024-12-19,Raipur,Common,2314
2024-12-20,Raipur,Common,2330
2024-12-21,Raipur,Common,2333
2024-12-22,Raipur,Common,2333
2024-12-23,Raipur,Common,2326
2024-12-24,Raipur,Common,2326
2024-12-25,Raipur,Common,2313
2024-12-26,Raipur,Common,2318
2024-12-27,Raipur,Common,2339
2024-12-28,Raipur,Common,2365
2024-12-29,Raipur,Common,2378
2024-12-30,Raipur,Common,2363
2024-12-31,Raipur,Common,2333
2025-01-01,Raipur,Common,2340
2025-01-02,Raipur,Common,2321
2025-01-03,Raipur,Common,2337
2025-01-04,Raipur,Common,2354
2025-01-05,Raipur,Common,2356
2025-01-06,Raipur,Common,2387
2025-01-07,Raipur,Common,2360
2025-01-08,Raipur,Common,2356
2025-01-09,Raipur,Common,2342
2025-01-10,Raipur,Common,2322
2025-01-11,Raipur,Common,2315
2025-01-12,Raipur,Common,2309
2025-01-13,Raipur,Common,2317
2025-01-14,Raipur,Common,2332
2025-01-15,Raipur,Common,2320
2025-01-16,Raipur,Common,2309
2025-01-17,Raipur,Common,2316
2025-01-18,Raipur,Common,2334
2025-01-19,Raipur,Common,2329
2025-01-20,Raipur,Common,2307
2025-01-21,Raipur,Common,2271
2025-01-22,Raipur,Common,2294
2025-01-23,Raipur,Common,2293
2025-01-24,Raipur,Common,2315
2025-01-25,Raipur,Common,2314
2025-01-26,Raipur,Common,2298
2025-01-27,Raipur,Common,2274
2025-01-28,Raipur,Common,2310
2025-01-29,Raipur,Common,2292
2025-01-30,Raipur,Common,2304
2025-01-31,Raipur,Common,2308
2025-02-01,Raipur,Common,2314
2025-02-02,Raipur,Common,2329
2025-02-03,Raipur,Common,2343
2025-02-04,Raipur,Common,2367
2025-02-05,Raipur,Common,2350
2025-02-06,Raipur,Common,2351
2025-02-07,Raipur,Common,2335
2025-02-08,Raipur,Common,2335
2025-02-09,Raipur,Common,2317
2025-02-10,Raipur,Common,2316
2025-02-11,Raipur,Common,2318
2025-02-12,Raipur,Common,2315
2025-02-13,Raipur,Common,2301
2025-02-14,Raipur,Common,2285
2025-02-15,Raipur,Common,2273
2025-02-16,Raipur,Common,2276
2025-02-17,Raipur,Common,2281
2025-02-18,Raipur,Common,2293
2025-02-19,Raipur,Common,2308
2025-02-20,Raipur,Common,2303
2025-02-21,Raipur,Common,2310
2025-02-22,Raipur,Common,2302
2025-02-23,Raipur,Common,2321
2025-02-24,Raipur,Common,2299
2025-02-25,Raipur,Common,2336
2025-02-26,Raipur,Common,2295
2025-02-27,Raipur,Common,2275
2025-02-28,Raipur,Common,2280
2025-03-01,Raipur,Common,2269
2025-03-02,Raipur,Common,2242
2025-03-03,Raipur,Common,2268
2025-03-04,Raipur,Common,2272
2025-03-05,Raipur,Common,2248
2025-03-06,Raipur,Common,2244
2025-03-07,Raipur,Common,2260
2025-03-08,Raipur,Common,2259
2025-03-09,Raipur,Common,2263
2025-03-10,Raipur,Common,2246
2025-03-11,Raipur,Common,2250
2025-03-12,Raipur,Common,2251
2025-03-13,Raipur,Common,2248
2025-03-14,Raipur,Common,2261
2025-03-15,Raipur,Common,2261
2025-03-16,Raipur,Common,2261
2025-03-17,Raipur,Common,2243
2025-03-18,Raipur,Common,2227
2025-03-19,Raipur,Common,2199
2025-03-20,Raipur,Common,2190
2025-03-21,Raipur,Common,2219
2025-03-22,Raipur,Common,2195
2025-03-23,Raipur,Common,2189
2025-03-24,Raipur,Common,2188
2025-03-25,Raipur,Common,2220
2025-03-26,Raipur,Common,2206
2025-03-27,Raipur,Common,2234
2025-03-28,Raipur,Common,2202
2025-03-29,Raipur,Common,2188
2025-03-30,Raipur,Common,2187
2025-03-31,Raipur,Common,2223
2025-04-01,Raipur,Common,2234
2025-04-02,Raipur,Common,2225
2025-04-03,Raipur,Common,2218
2025-04-04,Raipur,Common,2191
2025-04-05,Raipur,Common,2172
2025-04-06,Raipur,Common,2170
2025-04-07,Raipur,Common,2155
2025-04-08,Raipur,Common,2148
2025-04-09,Raipur,Common,2145
2025-04-10,Raipur,Common,2146
2025-04-11,Raipur,Common,2172
2025-04-12,Raipur,Common,2213
2025-04-13,Raipur,Common,2173
2025-04-14,Raipur,Common,2172
2025-04-15,Raipur,Common,2151
2025-04-16,Raipur,Common,2142
2025-04-17,Raipur,Common,2118
2025-04-18,Raipur,Common,2139
2025-04-19,Raipur,Common,2116
2025-04-20,Raipur,Common,2126
2025-04-21,Raipur,Common,2106
2025-04-22,Raipur,Common,2116
2025-04-23,Raipur,Common,2114
2025-04-24,Raipur,Common,2097
2025-04-25,Raipur,Common,2098
2025-04-26,Raipur,Common,2106
2025-04-27,Raipur,Common,2094
2025-04-28,Raipur,Common,2107
2025-04-29,Raipur,Common,2119
2025-04-30,Raipur,Common,2113
2025-05-01,Raipur,Common,2140
2025-05-02,Raipur,Common,2125
2025-05-03,Raipur,Common,2128
2025-05-04,Raipur,Common,2138
2025-05-05,Raipur,Common,2106
2025-05-06,Raipur,Common,2135
2025-05-07,Raipur,Common,2113
2025-05-08,Raipur,Common,2109
2025-05-09,Raipur,Common,2085
2025-05-10,Raipur,Common,2066
2025-05-11,Raipur,Common,2084
2025-05-12,Raipur,Common,2093
2025-05-13,Raipur,Common,2103
2025-05-14,Raipur,Common,2091
2025-05-15,Raipur,Common,2120
2025-05-16,Raipur,Common,2132
2025-05-17,Raipur,Common,2140
2025-05-18,Raipur,Common,2125
2025-05-19,Raipur,Common,2109
2025-05-20,Raipur,Common,2132
2025-05-21,Raipur,Common,2164
2025-05-22,Raipur,Common,2173
2025-05-23,Raipur,Common,2144
2025-05-24,Raipur,Common,2141
2025-05-25,Raipur,Common,2175
2025-05-26,Raipur,Common,2178
2025-05-27,Raipur,Common,2188
2025-05-28,Raipur,Common,2193
2025-05-29,Raipur,Common,2173
2025-05-30,Raipur,Common,2154
2025-05-31,Raipur,Common,2180
2025-06-01,Raipur,Common,2185
2025-06-02,Raipur,Common,2180
2025-06-03,Raipur,Common,2218
2025-06-04,Raipur,Common,2191
2025-06-05,Raipur,Common,2196
2025-06-06,Raipur,Common,2206
2025-06-07,Raipur,Common,2212
2025-06-08,Raipur,Common,2186
2025-06-09,Raipur,Common,2217
2025-06-10,Raipur,Common,2204
2025-06-11,Raipur,Common,2216
2025-06-12,Raipur,Common,2201
2025-06-13,Raipur,Common,2207
2025-06-14,Raipur,Common,2172
2025-06-15,Raipur,Common,2179
2025-06-16,Raipur,Common,2183
2025-06-17,Raipur,Common,2185
2025-06-18,Raipur,Common,2148
2025-06-19,Raipur,Common,2165
2025-06-20,Raipur,Common,2182
2025-06-21,Raipur,Common,2198
2025-06-22,Raipur,Common,2200
2025-06-23,Raipur,Common,2184
2025-06-24,Raipur,Common,2214
2025-06-25,Raipur,Common,2206
2025-06-26,Raipur,Common,2218
2025-06-27,Raipur,Common,2223
2025-06-28,Raipur,Common,2187
2025-06-29,Raipur,Common,2185
2025-06-30,Raipur,Common,2168
2025-07-01,Raipur,Common,2169
2025-07-02,Raipur,Common,2180
2025-07-03,Raipur,Common,2206
2025-07-04,Raipur,Common,2175
2025-07-05,Raipur,Common,2156
2025-07-06,Raipur,Common,2139
2025-07-07,Raipur,Common,2117
2025-07-08,Raipur,Common,2122
2025-07-09,Raipur,Common,2115
2025-07-10,Raipur,Common,2128
2025-07-11,Raipur,Common,2137
2025-07-12,Raipur,Common,2100
2025-07-13,Raipur,Common,2110
2025-07-14,Raipur,Common,2120
2025-07-15,Raipur,Common,2133
2025-07-16,Raipur,Common,2154
2025-07-17,Raipur,Common,2163
2025-07-18,Raipur,Common,2137
2025-07-19,Raipur,Common,2133
2025-07-20,Raipur,Common,2130
2025-07-21,Raipur,Common,2123
2025-07-22,Raipur,Common,2134
2025-07-23,Raipur,Common,2135
2025-07-24,Raipur,Common,2156
2025-07-25,Raipur,Common,2142
2025-07-26,Raipur,Common,2159
2025-07-27,Raipur,Common,2161
2025-07-28,Raipur,Common,2168
2025-07-29,Raipur,Common,2176
2025-07-30,Raipur,Common,2175
2025-07-31,Raipur,Common,2186
2025-08-01,Raipur,Common,2209
2025-08-02,Raipur,Common,2159
2025-08-03,Raipur,Common,2162
2025-08-04,Raipur,Common,2159
2025-08-05,Raipur,Common,2159
2025-08-06,Raipur,Common,2155
2025-08-07,Raipur,Common,2161
2025-08-08,Raipur,Common,2134
2025-08-09,Raipur,Common,2150
2025-08-10,Raipur,Common,2141
2025-08-11,Raipur,Common,2158
2025-08-12,Raipur,Common,2157
2025-08-13,Raipur,Common,2168
2025-08-14,Raipur,Common,2185
2025-08-15,Raipur,Common,2172
2025-08-16,Raipur,Common,2180
2025-08-17,Raipur,Common,2155
2025-08-18,Raipur,Common,2153
2025-08-19,Raipur,Common,2167
2025-08-20,Raipur,Common,2193
2025-08-21,Raipur,Common,2182
2025-08-22,Raipur,Common,2166
2025-08-23,Raipur,Common,2196
2025-08-24,Raipur,Common,2222
2025-08-25,Raipur,Common,2220
2025-08-26,Raipur,Common,2221
2025-08-27,Raipur,Common,2246
2025-08-28,Raipur,Common,2234
2025-08-29,Raipur,Common,2261
2025-08-30,Raipur,Common,2260
2025-08-31,Raipur,Common,2273
2025-09-01,Raipur,Common,2288
2025-09-02,Raipur,Common,2301
2025-09-03,Raipur,Common,2313
2025-09-04,Raipur,Common,2294
2025-09-05,Raipur,Common,2291
2025-09-06,Raipur,Common,2293
2025-09-07,Raipur,Common,2299
2025-09-08,Raipur,Common,2302
2025-09-09,Raipur,Common,2307
2025-09-10,Raipur,Common,2311
2025-09-11,Raipur,Common,2312
2025-09-12,Raipur,Common,2339
2025-09-13,Raipur,Common,2353
2025-09-14,Raipur,Common,2367
2025-09-15,Raipur,Common,2352
2025-09-16,Raipur,Common,2370
2025-09-17,Raipur,Common,2352
2025-09-18,Raipur,Common,2358
2025-09-19,Raipur,Common,2351
2025-09-20,Raipur,Common,2388
2025-09-21,Raipur,Common,2375
2025-09-22,Raipur,Common,2387
2025-09-23,Raipur,Common,2401
2025-09-24,Raipur,Common,2386
2025-09-25,Raipur,Common,2368
2025-09-26,Raipur,Common,2383
2025-09-27,Raipur,Common,2370
2025-09-28,Raipur,Common,2370
2025-09-29,Raipur,Common,2386
2025-09-30,Raipur,Common,2384
2025-10-01,Raipur,Common,2386
2025-10-02,Raipur,Common,2384
2025-10-03,Raipur,Common,2388
2025-10-04,Raipur,Common,2398
2025-10-05,Raipur,Common,2401
2025-10-06,Raipur,Common,2385
2025-10-07,Raipur,Common,2376
2025-10-08,Raipur,Common,2357
2025-10-09,Raipur,Common,2348
2025-10-10,Raipur,Common,2357
2025-10-11,Raipur,Common,2356
2025-10-12,Raipur,Common,2372
2025-10-13,Raipur,Common,2365
2025-10-14,Raipur,Common,2348
2025-10-15,Raipur,Common,2339
2025-10-16,Raipur,Common,2347
2025-10-17,Raipur,Common,2341
2025-10-18,Raipur,Common,2337
2025-10-19,Raipur,Common,2323
2025-10-20,Raipur,Common,2287
2025-10-21,Raipur,Common,2258
2025-10-22,Raipur,Common,2266
2025-10-23,Raipur,Common,2269
2025-10-24,Raipur,Common,2283
2025-10-25,Raipur,Common,2305
2025-10-26,Raipur,Common,2292
2025-10-27,Raipur,Common,2280
2025-10-28,Raipur,Common,2294
2025-10-29,Raipur,Common,2293
2025-10-30,Raipur,Common,2292
2025-10-31,Raipur,Common,2281
2025-11-01,Raipur,Common,2285
2025-11-02,Raipur,Common,2290
2025-11-03,Raipur,Common,2272
2025-11-04,Raipur,Common,2298
2025-11-05,Raipur,Common,2279
2025-11-06,Raipur,Common,2303
2025-11-07,Raipur,Common,2314
2025-11-08,Raipur,Common,2328
2025-11-09,Raipur,Common,2342
2025-11-10,Raipur,Common,2325
2025-11-11,Raipur,Common,2338
2025-11-12,Raipur,Common,2352
2025-11-13,Raipur,Common,2363
2025-11-14,Raipur,Common,2358
2025-11-15,Raipur,Common,2364
2025-11-16,Raipur,Common,2329
2025-11-17,Raipur,Common,2331
2025-11-18,Raipur,Common,2330
2025-11-19,Raipur,Common,2370
2025-11-20,Raipur,Common,2372
2025-11-21,Raipur,Common,2362
2025-11-22,Raipur,Common,2364
2025-11-23,Raipur,Common,2379
2025-11-24,Raipur,Common,2387
2025-11-25,Raipur,Common,2398
2025-11-26,Raipur,Common,2383
2025-11-27,Raipur,Common,2392
2025-11-28,Raipur,Common,2392
2025-11-29,Raipur,Common,2368
2025-11-30,Raipur,Common,2362
2025-12-01,Raipur,Common,2363
2025-12-02,Raipur,Common,2398
2025-12-03,Raipur,Common,2430
2025-12-04,Raipur,Common,2427
2025-12-05,Raipur,Common,2430
2025-12-06,Raipur,Common,2407
2025-12-07,Raipur,Common,2406
2025-12-08,Raipur,Common,2399
2025-12-09,Raipur,Common,2399
2025-12-10,Raipur,Common,2379
2025-12-11,Raipur,Common,2393
2025-12-12,Raipur,Common,2416
2025-12-13,Raipur,Common,2430
2025-12-14,Raipur,Common,2419
2025-12-15,Raipur,Common,2443
2025-12-16,Raipur,Common,2457
2025-12-17,Raipur,Common,2456
2025-12-18,Raipur,Common,2461
2025-12-19,Raipur,Common,2460
2025-12-20,Raipur,Common,2442
2025-12-21,Raipur,Common,2454
2025-12-22,Raipur,Common,2470
2025-12-23,Raipur,Common,2480
2025-12-24,Raipur,Common,2469
2025-12-25,Raipur,Common,2494
2025-12-26,Raipur,Common,2472
2025-12-27,Raipur,Common,2463
2025-12-28,Raipur,Common,2474
2025-12-29,Raipur,Common,2450
2025-12-30,Raipur,Common,2451
2025-12-31,Raipur,Common,2422
2022-01-01,Raipur,Grade A,2489
2022-01-02,Raipur,Grade A,2467
2022-01-03,Raipur,Grade A,2457
2022-01-04,Raipur,Grade A,2449
2022-01-05,Raipur,Grade A,2446
2022-01-06,Raipur,Grade A,2448
2022-01-07,Raipur,Grade A,2470
2022-01-08,Raipur,Grade A,2458
2022-01-09,Raipur,Grade A,2443
2022-01-10,Raipur,Grade A,2439
2022-01-11,Raipur,Grade A,2464
2022-01-12,Raipur,Grade A,2445
2022-01-13,Raipur,Grade A,2436
2022-01-14,Raipur,Grade A,2429
2022-01-15,Raipur,Grade A,2432
2022-01-16,Raipur,Grade A,2399
2022-01-17,Raipur,Grade A,2403
2022-01-18,Raipur,Grade A,2392
2022-01-19,Raipur,Grade A,2385
2022-01-20,Raipur,Grade A,2405
2022-01-21,Raipur,Grade A,2396
2022-01-22,Raipur,Grade A,2412
2022-01-23,Raipur,Grade A,2369
2022-01-24,Raipur,Grade A,2375
2022-01-25,Raipur,Grade A,2372
2022-01-26,Raipur,Grade A,2369
2022-01-27,Raipur,Grade A,2379
2022-01-28,Raipur,Grade A,2368
2022-01-29,Raipur,Grade A,2364
2022-01-30,Raipur,Grade A,2377
2022-01-31,Raipur,Grade A,2373
2022-02-01,Raipur,Grade A,2358
2022-02-02,Raipur,Grade A,2348
2022-02-03,Raipur,Grade A,2374
2022-02-04,Raipur,Grade A,2405
2022-02-05,Raipur,Grade A,2420
2022-02-06,Raipur,Grade A,2434
2022-02-07,Raipur,Grade A,2433
2022-02-08,Raipur,Grade A,2423
2022-02-09,Raipur,Grade A,2455
2022-02-10,Raipur,Grade A,2438
2022-02-11,Raipur,Grade A,2443
2022-02-12,Raipur,Grade A,2428
2022-02-13,Raipur,Grade A,2452
2022-02-14,Raipur,Grade A,2443
2022-02-15,Raipur,Grade A,2431
2022-02-16,Raipur,Grade A,2439
2022-02-17,Raipur,Grade A,2443
2022-02-18,Raipur,Grade A,2449
2022-02-19,Raipur,Grade A,2471
2022-02-20,Raipur,Grade A,2470
2022-02-21,Raipur,Grade A,2454
2022-02-22,Raipur,Grade A,2435
2022-02-23,Raipur,Grade A,2420
2022-02-24,Raipur,Grade A,2424
2022-02-25,Raipur,Grade A,2404
2022-02-26,Raipur,Grade A,2427
2022-02-27,Raipur,Grade A,2431
2022-02-28,Raipur,Grade A,2400
2022-03-01,Raipur,Grade A,2401
2022-03-02,Raipur,Grade A,2411
2022-03-03,Raipur,Grade A,2388
2022-03-04,Raipur,Grade A,2387
2022-03-05,Raipur,Grade A,2379
2022-03-06,Raipur,Grade A,2395
2022-03-07,Raipur,Grade A,2390
2022-03-08,Raipur,Grade A,2424
2022-03-09,Raipur,Grade A,2420
2022-03-10,Raipur,Grade A,2418
2022-03-11,Raipur,Grade A,2431
2022-03-12,Raipur,Grade A,2412
2022-03-13,Raipur,Grade A,2412
2022-03-14,Raipur,Grade A,2389
2022-03-15,Raipur,Grade A,2397
2022-03-16,Raipur,Grade A,2413
2022-03-17,Raipur,Grade A,2421
2022-03-18,Raipur,Grade A,2426
2022-03-19,Raipur,Grade A,2422
2022-03-20,Raipur,Grade A,2411
2022-03-21,Raipur,Grade A,2423
2022-03-22,Raipur,Grade A,2416
2022-03-23,Raipur,Grade A,2421
2022-03-24,Raipur,Grade A,2393
2022-03-25,Raipur,Grade A,2411
2022-03-26,Raipur,Grade A,2415
2022-03-27,Raipur,Grade A,2414
2022-03-28,Raipur,Grade A,2414
2022-03-29,Raipur,Grade A,2377
2022-03-30,Raipur,Grade A,2387
2022-03-31,Raipur,Grade A,2364
2022-04-01,Raipur,Grade A,2351
2022-04-02,Raipur,Grade A,2367
2022-04-03,Raipur,Grade A,2357
2022-04-04,Raipur,Grade A,2328
2022-04-05,Raipur,Grade A,2346
2022-04-06,Raipur,Grade A,2330
2022-04-07,Raipur,Grade A,2349
2022-04-08,Raipur,Grade A,2342
2022-04-09,Raipur,Grade A,2348
2022-04-10,Raipur,Grade A,2318
2022-04-11,Raipur,Grade A,2333
2022-04-12,Raipur,Grade A,2341
2022-04-13,Raipur,Grade A,2369
2022-04-14,Raipur,Grade A,2363
2022-04-15,Raipur,Grade A,2366
2022-04-16,Raipur,Grade A,2357
2022-04-17,Raipur,Grade A,2366
2022-04-18,Raipur,Grade A,2365
2022-04-19,Raipur,Grade A,2369
2022-04-20,Raipur,Grade A,2343
2022-04-21,Raipur,Grade A,2337
2022-04-22,Raipur,Grade A,2354
2022-04-23,Raipur,Grade A,2341
2022-04-24,Raipur,Grade A,2340
2022-04-25,Raipur,Grade A,2345
2022-04-26,Raipur,Grade A,2335
2022-04-27,Raipur,Grade A,2323
2022-04-28,Raipur,Grade A,2327
2022-04-29,Raipur,Grade A,2326
2022-04-30,Raipur,Grade A,2311
2022-05-01,Raipur,Grade A,2310
2022-05-02,Raipur,Grade A,2303
2022-05-03,Raipur,Grade A,2305
2022-05-04,Raipur,Grade A,2297
2022-05-05,Raipur,Grade A,2293
2022-05-06,Raipur,Grade A,2300
2022-05-07,Raipur,Grade A,2306
2022-05-08,Raipur,Grade A,2282
2022-05-09,Raipur,Grade A,2259
2022-05-10,Raipur,Grade A,2265
2022-05-11,Raipur,Grade A,2277
2022-05-12,Raipur,Grade A,2274
2022-05-13,Raipur,Grade A,2301
2022-05-14,Raipur,Grade A,2298
2022-05-15,Raipur,Grade A,2318
2022-05-16,Raipur,Grade A,2308
2022-05-17,Raipur,Grade A,2296
2022-05-18,Raipur,Grade A,2288
2022-05-19,Raipur,Grade A,2292
2022-05-20,Raipur,Grade A,2306
2022-05-21,Raipur,Grade A,2305
2022-05-22,Raipur,Grade A,2274
2022-05-23,Raipur,Grade A,2272
2022-05-24,Raipur,Grade A,2274
2022-05-25,Raipur,Grade A,2285
2022-05-26,Raipur,Grade A,2283
2022-05-27,Raipur,Grade A,2279
2022-05-28,Raipur,Grade A,2292
2022-05-29,Raipur,Grade A,2277
2022-05-30,Raipur,Grade A,2290
2022-05-31,Raipur,Grade A,2285
2022-06-01,Raipur,Grade A,2271
2022-06-02,Raipur,Grade A,2282
2022-06-03,Raipur,Grade A,2307
2022-06-04,Raipur,Grade A,2299
2022-06-05,Raipur,Grade A,2302
2022-06-06,Raipur,Grade A,2304
2022-06-07,Raipur,Grade A,2296
2022-06-08,Raipur,Grade A,2300
2022-06-09,Raipur,Grade A,2292
2022-06-10,Raipur,Grade A,2298
2022-06-11,Raipur,Grade A,2270
2022-06-12,Raipur,Grade A,2256
2022-06-13,Raipur,Grade A,2242
2022-06-14,Raipur,Grade A,2244
2022-06-15,Raipur,Grade A,2254
2022-06-16,Raipur,Grade A,2251
2022-06-17,Raipur,Grade A,2235
2022-06-18,Raipur,Grade A,2244
2022-06-19,Raipur,Grade A,2244
2022-06-20,Raipur,Grade A,2272
2022-06-21,Raipur,Grade A,2259
2022-06-22,Raipur,Grade A,2268
2022-06-23,Raipur,Grade A,2274
2022-06-24,Raipur,Grade A,2259
2022-06-25,Raipur,Grade A,2265
2022-06-26,Raipur,Grade A,2248
2022-06-27,Raipur,Grade A,2211
2022-06-28,Raipur,Grade A,2219
2022-06-29,Raipur,Grade A,2243
2022-06-30,Raipur,Grade A,2270
2022-07-01,Raipur,Grade A,2261
2022-07-02,Raipur,Grade A,2267
2022-07-03,Raipur,Grade A,2255
2022-07-04,Raipur,Grade A,2247
2022-07-05,Raipur,Grade A,2239
2022-07-06,Raipur,Grade A,2245
2022-07-07,Raipur,Grade A,2276
2022-07-08,Raipur,Grade A,2280
2022-07-09,Raipur,Grade A,2263
2022-07-10,Raipur,Grade A,2257
2022-07-11,Raipur,Grade A,2281
2022-07-12,Raipur,Grade A,2276
2022-07-13,Raipur,Grade A,2259
2022-07-14,Raipur,Grade A,2250
2022-07-15,Raipur,Grade A,2258
2022-07-16,Raipur,Grade A,2244
2022-07-17,Raipur,Grade A,2261
2022-07-18,Raipur,Grade A,2261
2022-07-19,Raipur,Grade A,2276
2022-07-20,Raipur,Grade A,2251
2022-07-21,Raipur,Grade A,2237
2022-07-22,Raipur,Grade A,2256
2022-07-23,Raipur,Grade A,2251
2022-07-24,Raipur,Grade A,2249
2022-07-25,Raipur,Grade A,2245
2022-07-26,Raipur,Grade A,2266
2022-07-27,Raipur,Grade A,2301
2022-07-28,Raipur,Grade A,2292
2022-07-29,Raipur,Grade A,2294
2022-07-30,Raipur,Grade A,2318
2022-07-31,Raipur,Grade A,2310
2022-08-01,Raipur,Grade A,2327
2022-08-02,Raipur,Grade A,2343
2022-08-03,Raipur,Grade A,2368
2022-08-04,Raipur,Grade A,2337
2022-08-05,Raipur,Grade A,2360
2022-08-06,Raipur,Grade A,2353
2022-08-07,Raipur,Grade A,2372
2022-08-08,Raipur,Grade A,2384
2022-08-09,Raipur,Grade A,2391
2022-08-10,Raipur,Grade A,2375
2022-08-11,Raipur,Grade A,2349
2022-08-12,Raipur,Grade A,2341
2022-08-13,Raipur,Grade A,2332
2022-08-14,Raipur,Grade A,2361
2022-08-15,Raipur,Grade A,2385
2022-08-16,Raipur,Grade A,2376
2022-08-17,Raipur,Grade A,2395
2022-08-18,Raipur,Grade A,2402
2022-08-19,Raipur,Grade A,2404
2022-08-20,Raipur,Grade A,2414
2022-08-21,Raipur,Grade A,2429
2022-08-22,Raipur,Grade A,2415
2022-08-23,Raipur,Grade A,2417
2022-08-24,Raipur,Grade A,2412
2022-08-25,Raipur,Grade A,2401
2022-08-26,Raipur,Grade A,2408
2022-08-27,Raipur,Grade A,2391
2022-08-28,Raipur,Grade A,2417
2022-08-29,Raipur,Grade A,2437
2022-08-30,Raipur,Grade A,2440
2022-08-31,Raipur,Grade A,2413
2022-09-01,Raipur,Grade A,2446
2022-09-02,Raipur,Grade A,2425
2022-09-03,Raipur,Grade A,2431
2022-09-04,Raipur,Grade A,2422
2022-09-05,Raipur,Grade A,2402
2022-09-06,Raipur,Grade A,2399
2022-09-07,Raipur,Grade A,2410
2022-09-08,Raipur,Grade A,2397
2022-09-09,Raipur,Grade A,2392
2022-09-10,Raipur,Grade A,2416
2022-09-11,Raipur,Grade A,2418
2022-09-12,Raipur,Grade A,2436
2022-09-13,Raipur,Grade A,2430
2022-09-14,Raipur,Grade A,2446
2022-09-15,Raipur,Grade A,2439
2022-09-16,Raipur,Grade A,2433
2022-09-17,Raipur,Grade A,2429
2022-09-18,Raipur,Grade A,2426
2022-09-19,Raipur,Grade A,2422
2022-09-20,Raipur,Grade A,2405
2022-09-21,Raipur,Grade A,2379
2022-09-22,Raipur,Grade A,2346
2022-09-23,Raipur,Grade A,2372
2022-09-24,Raipur,Grade A,2361
2022-09-25,Raipur,Grade A,2356
2022-09-26,Raipur,Grade A,2355
2022-09-27,Raipur,Grade A,2347
2022-09-28,Raipur,Grade A,2318
2022-09-29,Raipur,Grade A,2339
2022-09-30,Raipur,Grade A,2361
2022-10-01,Raipur,Grade A,2364
2022-10-02,Raipur,Grade A,2367
2022-10-03,Raipur,Grade A,2376
2022-10-04,Raipur,Grade A,2371
2022-10-05,Raipur,Grade A,2350
2022-10-06,Raipur,Grade A,2328
2022-10-07,Raipur,Grade A,2376
2022-10-08,Raipur,Grade A,2389
2022-10-09,Raipur,Grade A,2431
2022-10-10,Raipur,Grade A,2434
2022-10-11,Raipur,Grade A,2450
2022-10-12,Raipur,Grade A,2452
2022-10-13,Raipur,Grade A,2471
2022-10-14,Raipur,Grade A,2449
2022-10-15,Raipur,Grade A,2461
2022-10-16,Raipur,Grade A,2415
2022-10-17,Raipur,Grade A,2412
2022-10-18,Raipur,Grade A,2413
2022-10-19,Raipur,Grade A,2423
2022-10-20,Raipur,Grade A,2423
2022-10-21,Raipur,Grade A,2403
2022-10-22,Raipur,Grade A,2416
2022-10-23,Raipur,Grade A,2453
2022-10-24,Raipur,Grade A,2443
2022-10-25,Raipur,Grade A,2453
2022-10-26,Raipur,Grade A,2464
2022-10-27,Raipur,Grade A,2460
2022-10-28,Raipur,Grade A,2457
2022-10-29,Raipur,Grade A,2442
2022-10-30,Raipur,Grade A,2455
2022-10-31,Raipur,Grade A,2440
2022-11-01,Raipur,Grade A,2440
2022-11-02,Raipur,Grade A,2452
2022-11-03,Raipur,Grade A,2471
2022-11-04,Raipur,Grade A,2473
2022-11-05,Raipur,Grade A,2471
2022-11-06,Raipur,Grade A,2471
2022-11-07,Raipur,Grade A,2482
2022-11-08,Raipur,Grade A,2447
2022-11-09,Raipur,Grade A,2494
2022-11-10,Raipur,Grade A,2519
2022-11-11,Raipur,Grade A,2497
2022-11-12,Raipur,Grade A,2473
2022-11-13,Raipur,Grade A,2481
2022-11-14,Raipur,Grade A,2502
2022-11-15,Raipur,Grade A,2496
2022-11-16,Raipur,Grade A,2475
2022-11-17,Raipur,Grade A,2470
2022-11-18,Raipur,Grade A,2472
2022-11-19,Raipur,Grade A,2442
2022-11-20,Raipur,Grade A,2461
2022-11-21,Raipur,Grade A,2457
2022-11-22,Raipur,Grade A,2492
2022-11-23,Raipur,Grade A,2514
2022-11-24,Raipur,Grade A,2510
2022-11-25,Raipur,Grade A,2516
2022-11-26,Raipur,Grade A,2490
2022-11-27,Raipur,Grade A,2503
2022-11-28,Raipur,Grade A,2521
2022-11-29,Raipur,Grade A,2527
2022-11-30,Raipur,Grade A,2517
2022-12-01,Raipur,Grade A,2518
2022-12-02,Raipur,Grade A,2500
2022-12-03,Raipur,Grade A,2511
2022-12-04,Raipur,Grade A,2503
2022-12-05,Raipur,Grade A,2470
2022-12-06,Raipur,Grade A,2467
2022-12-07,Raipur,Grade A,2462
2022-12-08,Raipur,Grade A,2483
2022-12-09,Raipur,Grade A,2505
2022-12-10,Raipur,Grade A,2520
2022-12-11,Raipur,Grade A,2521
2022-12-12,Raipur,Grade A,2509
2022-12-13,Raipur,Grade A,2515
2022-12-14,Raipur,Grade A,2515
2022-12-15,Raipur,Grade A,2507
2022-12-16,Raipur,Grade A,2498
2022-12-17,Raipur,Grade A,2481
2022-12-18,Raipur,Grade A,2475
2022-12-19,Raipur,Grade A,2495
2022-12-20,Raipur,Grade A,2497
2022-12-21,Raipur,Grade A,2472
2022-12-22,Raipur,Grade A,2464
2022-12-23,Raipur,Grade A,2472
2022-12-24,Raipur,Grade A,2481
2022-12-25,Raipur,Grade A,2492
2022-12-26,Raipur,Grade A,2510
2022-12-27,Raipur,Grade A,2490
2022-12-28,Raipur,Grade A,2513
2022-12-29,Raipur,Grade A,2511
2022-12-30,Raipur,Grade A,2504
2022-12-31,Raipur,Grade A,2489
2023-01-01,Raipur,Grade A,2502
2023-01-02,Raipur,Grade A,2491
2023-01-03,Raipur,Grade A,2477
2023-01-04,Raipur,Grade A,2473
2023-01-05,Raipur,Grade A,2485
2023-01-06,Raipur,Grade A,2476
2023-01-07,Raipur,Grade A,2503
2023-01-08,Raipur,Grade A,2478
2023-01-09,Raipur,Grade A,2496
2023-01-10,Raipur,Grade A,2512
2023-01-11,Raipur,Grade A,2515
2023-01-12,Raipur,Grade A,2526
2023-01-13,Raipur,Grade A,2512
2023-01-14,Raipur,Grade A,2511
2023-01-15,Raipur,Grade A,2509
2023-01-16,Raipur,Grade A,2545
2023-01-17,Raipur,Grade A,2537
2023-01-18,Raipur,Grade A,2524
2023-01-19,Raipur,Grade A,2537
2023-01-20,Raipur,Grade A,2538
2023-01-21,Raipur,Grade A,2507
2023-01-22,Raipur,Grade A,2502
2023-01-23,Raipur,Grade A,2484
2023-01-24,Raipur,Grade A,2479
2023-01-25,Raipur,Grade A,2444
2023-01-26,Raipur,Grade A,2439
2023-01-27,Raipur,Grade A,2419
2023-01-28,Raipur,Grade A,2453
2023-01-29,Raipur,Grade A,2485
2023-01-30,Raipur,Grade A,2453
2023-01-31,Raipur,Grade A,2448
2023-02-01,Raipur,Grade A,2443
2023-02-02,Raipur,Grade A,2470
2023-02-03,Raipur,Grade A,2445
2023-02-04,Raipur,Grade A,2449
2023-02-05,Raipur,Grade A,2454
2023-02-06,Raipur,Grade A,2454
2023-02-07,Raipur,Grade A,2435
2023-02-08,Raipur,Grade A,2420
2023-02-09,Raipur,Grade A,2435
2023-02-10,Raipur,Grade A,2427
2023-02-11,Raipur,Grade A,2440
2023-02-12,Raipur,Grade A,2459
2023-02-13,Raipur,Grade A,2459
2023-02-14,Raipur,Grade A,2469
2023-02-15,Raipur,Grade A,2477
2023-02-16,Raipur,Grade A,2458
2023-02-17,Raipur,Grade A,2439
2023-02-18,Raipur,Grade A,2450
2023-02-19,Raipur,Grade A,2446
2023-02-20,Raipur,Grade A,2450
2023-02-21,Raipur,Grade A,2450
2023-02-22,Raipur,Grade A,2460
2023-02-23,Raipur,Grade A,2475
2023-02-24,Raipur,Grade A,2448
2023-02-25,Raipur,Grade A,2462
2023-02-26,Raipur,Grade A,2464
2023-02-27,Raipur,Grade A,2459
2023-02-28,Raipur,Grade A,2448
2023-03-01,Raipur,Grade A,2421
2023-03-02,Raipur,Grade A,2407
2023-03-03,Raipur,Grade A,2382
2023-03-04,Raipur,Grade A,2372
2023-03-05,Raipur,Grade A,2388
2023-03-06,Raipur,Grade A,2395
2023-03-07,Raipur,Grade A,2415
2023-03-08,Raipur,Grade A,2433
2023-03-09,Raipur,Grade A,2403
2023-03-10,Raipur,Grade A,2405
2023-03-11,Raipur,Grade A,2395
2023-03-12,Raipur,Grade A,2390
2023-03-13,Raipur,Grade A,2381
2023-03-14,Raipur,Grade A,2394
2023-03-15,Raipur,Grade A,2402
2023-03-16,Raipur,Grade A,2384
2023-03-17,Raipur,Grade A,2411
2023-03-18,Raipur,Grade A,2399
2023-03-19,Raipur,Grade A,2381
2023-03-20,Raipur,Grade A,2371
2023-03-21,Raipur,Grade A,2375
2023-03-22,Raipur,Grade A,2384
2023-03-23,Raipur,Grade A,2400
2023-03-24,Raipur,Grade A,2382
2023-03-25,Raipur,Grade A,2411
2023-03-26,Raipur,Grade A,2401
2023-03-27,Raipur,Grade A,2370
2023-03-28,Raipur,Grade A,2358
2023-03-29,Raipur,Grade A,2364
2023-03-30,Raipur,Grade A,2368
2023-03-31,Raipur,Grade A,2395
2023-04-01,Raipur,Grade A,2404
2023-04-02,Raipur,Grade A,2411
2023-04-03,Raipur,Grade A,2413
2023-04-04,Raipur,Grade A,2420
2023-04-05,Raipur,Grade A,2397
2023-04-06,Raipur,Grade A,2388
2023-04-07,Raipur,Grade A,2384
2023-04-08,Raipur,Grade A,2389
2023-04-09,Raipur,Grade A,2398
2023-04-10,Raipur,Grade A,2377
2023-04-11,Raipur,Grade A,2385
2023-04-12,Raipur,Grade A,2377
2023-04-13,Raipur,Grade A,2405
2023-04-14,Raipur,Grade A,2380
2023-04-15,Raipur,Grade A,2380
2023-04-16,Raipur,Grade A,2390
2023-04-17,Raipur,Grade A,2404
2023-04-18,Raipur,Grade A,2363
2023-04-19,Raipur,Grade A,2376
2023-04-20,Raipur,Grade A,2368
2023-04-21,Raipur,Grade A,2343
2023-04-22,Raipur,Grade A,2367
2023-04-23,Raipur,Grade A,2371
2023-04-24,Raipur,Grade A,2391
2023-04-25,Raipur,Grade A,2382
2023-04-26,Raipur,Grade A,2370
2023-04-27,Raipur,Grade A,2354
2023-04-28,Raipur,Grade A,2391
2023-04-29,Raipur,Grade A,2379
2023-04-30,Raipur,Grade A,2368
2023-05-01,Raipur,Grade A,2355
2023-05-02,Raipur,Grade A,2360
2023-05-03,Raipur,Grade A,2361
2023-05-04,Raipur,Grade A,2377
2023-05-05,Raipur,Grade A,2371
2023-05-06,Raipur,Grade A,2344
2023-05-07,Raipur,Grade A,2333
2023-05-08,Raipur,Grade A,2319
2023-05-09,Raipur,Grade A,2293
2023-05-10,Raipur,Grade A,2302
2023-05-11,Raipur,Grade A,2298
2023-05-12,Raipur,Grade A,2302
2023-05-13,Raipur,Grade A,2275
2023-05-14,Raipur,Grade A,2278
2023-05-15,Raipur,Grade A,2288
2023-05-16,Raipur,Grade A,2287
2023-05-17,Raipur,Grade A,2279
2023-05-18,Raipur,Grade A,2276
2023-05-19,Raipur,Grade A,2270
2023-05-20,Raipur,Grade A,2269
2023-05-21,Raipur,Grade A,2241
2023-05-22,Raipur,Grade A,2228
2023-05-23,Raipur,Grade A,2236
2023-05-24,Raipur,Grade A,2247
2023-05-25,Raipur,Grade A,2252
2023-05-26,Raipur,Grade A,2279
2023-05-27,Raipur,Grade A,2286
2023-05-28,Raipur,Grade A,2268
2023-05-29,Raipur,Grade A,2249
2023-05-30,Raipur,Grade A,2238
2023-05-31,Raipur,Grade A,2237
2023-06-01,Raipur,Grade A,2234
2023-06-02,Raipur,Grade A,2223
2023-06-03,Raipur,Grade A,2235
2023-06-04,Raipur,Grade A,2224
2023-06-05,Raipur,Grade A,2233
2023-06-06,Raipur,Grade A,2236
2023-06-07,Raipur,Grade A,2228
2023-06-08,Raipur,Grade A,2217
2023-06-09,Raipur,Grade A,2197
2023-06-10,Raipur,Grade A,2217
2023-06-11,Raipur,Grade A,2234
2023-06-12,Raipur,Grade A,2275
2023-06-13,Raipur,Grade A,2281
2023-06-14,Raipur,Grade A,2275
2023-06-15,Raipur,Grade A,2273
2023-06-16,Raipur,Grade A,2279
2023-06-17,Raipur,Grade A,2280
2023-06-18,Raipur,Grade A,2304
2023-06-19,Raipur,Grade A,2296
2023-06-20,Raipur,Grade A,2291
2023-06-21,Raipur,Grade A,2261
2023-06-22,Raipur,Grade A,2265
2023-06-23,Raipur,Grade A,2273
2023-06-24,Raipur,Grade A,2265
2023-06-25,Raipur,Grade A,2285
2023-06-26,Raipur,Grade A,2289
2023-06-27,Raipur,Grade A,2277
2023-06-28,Raipur,Grade A,2282
2023-06-29,Raipur,Grade A,2280
2023-06-30,Raipur,Grade A,2285
2023-07-01,Raipur,Grade A,2272
2023-07-02,Raipur,Grade A,2291
2023-07-03,Raipur,Grade A,2302
2023-07-04,Raipur,Grade A,2332
2023-07-05,Raipur,Grade A,2353
2023-07-06,Raipur,Grade A,2342
2023-07-07,Raipur,Grade A,2341
2023-07-08,Raipur,Grade A,2305
2023-07-09,Raipur,Grade A,2300
2023-07-10,Raipur,Grade A,2318
2023-07-11,Raipur,Grade A,2322
2023-07-12,Raipur,Grade A,2321
2023-07-13,Raipur,Grade A,2324
2023-07-14,Raipur,Grade A,2307
2023-07-15,Raipur,Grade A,2285
2023-07-16,Raipur,Grade A,2300
2023-07-17,Raipur,Grade A,2314
2023-07-18,Raipur,Grade A,2327
2023-07-19,Raipur,Grade A,2347
2023-07-20,Raipur,Grade A,2325
2023-07-21,Raipur,Grade A,2312
2023-07-22,Raipur,Grade A,2321
2023-07-23,Raipur,Grade A,2291
2023-07-24,Raipur,Grade A,2307
2023-07-25,Raipur,Grade A,2306
2023-07-26,Raipur,Grade A,2279
2023-07-27,Raipur,Grade A,2294
2023-07-28,Raipur,Grade A,2313
2023-07-29,Raipur,Grade A,2281
2023-07-30,Raipur,Grade A,2295
2023-07-31,Raipur,Grade A,2283
2023-08-01,Raipur,Grade A,2297
2023-08-02,Raipur,Grade A,2285
2023-08-03,Raipur,Grade A,2266
2023-08-04,Raipur,Grade A,2271
2023-08-05,Raipur,Grade A,2286
2023-08-06,Raipur,Grade A,2283
2023-08-07,Raipur,Grade A,2239
2023-08-08,Raipur,Grade A,2269
2023-08-09,Raipur,Grade A,2268
2023-08-10,Raipur,Grade A,2288
2023-08-11,Raipur,Grade A,2290
2023-08-12,Raipur,Grade A,2316
2023-08-13,Raipur,Grade A,2318
2023-08-14,Raipur,Grade A,2316
2023-08-15,Raipur,Grade A,2317
2023-08-16,Raipur,Grade A,2330
2023-08-17,Raipur,Grade A,2375
2023-08-18,Raipur,Grade A,2344
2023-08-19,Raipur,Grade A,2352
2023-08-20,Raipur,Grade A,2352
2023-08-21,Raipur,Grade A,2347
2023-08-22,Raipur,Grade A,2326
2023-08-23,Raipur,Grade A,2307
2023-08-24,Raipur,Grade A,2335
2023-08-25,Raipur,Grade A,2324
2023-08-26,Raipur,Grade A,2332
2023-08-27,Raipur,Grade A,2330
2023-08-28,Raipur,Grade A,2320
2023-08-29,Raipur,Grade A,2301
2023-08-30,Raipur,Grade A,2317
2023-08-31,Raipur,Grade A,2330
2023-09-01,Raipur,Grade A,2312
2023-09-02,Raipur,Grade A,2300
2023-09-03,Raipur,Grade A,2314
2023-09-04,Raipur,Grade A,2333
2023-09-05,Raipur,Grade A,2340
2023-09-06,Raipur,Grade A,2350
2023-09-07,Raipur,Grade A,2361
2023-09-08,Raipur,Grade A,2387
2023-09-09,Raipur,Grade A,2399
2023-09-10,Raipur,Grade A,2398
2023-09-11,Raipur,Grade A,2407
2023-09-12,Raipur,Grade A,2399
2023-09-13,Raipur,Grade A,2416
2023-09-14,Raipur,Grade A,2416
2023-09-15,Raipur,Grade A,2430
2023-09-16,Raipur,Grade A,2431
2023-09-17,Raipur,Grade A,2427
2023-09-18,Raipur,Grade A,2428
2023-09-19,Raipur,Grade A,2439
2023-09-20,Raipur,Grade A,2420
2023-09-21,Raipur,Grade A,2444
2023-09-22,Raipur,Grade A,2438
2023-09-23,Raipur,Grade A,2423
2023-09-24,Raipur,Grade A,2422
2023-09-25,Raipur,Grade A,2423
2023-09-26,Raipur,Grade A,2439
2023-09-27,Raipur,Grade A,2445
2023-09-28,Raipur,Grade A,2430
2023-09-29,Raipur,Grade A,2423
2023-09-30,Raipur,Grade A,2423
2023-10-01,Raipur,Grade A,2405
2023-10-02,Raipur,Grade A,2449
2023-10-03,Raipur,Grade A,2458
2023-10-04,Raipur,Grade A,2440
2023-10-05,Raipur,Grade A,2442
2023-10-06,Raipur,Grade A,2450
2023-10-07,Raipur,Grade A,2447
2023-10-08,Raipur,Grade A,2466
2023-10-09,Raipur,Grade A,2461
2023-10-10,Raipur,Grade A,2456
2023-10-11,Raipur,Grade A,2470
2023-10-12,Raipur,Grade A,2484
2023-10-13,Raipur,Grade A,2485
2023-10-14,Raipur,Grade A,2449
2023-10-15,Raipur,Grade A,2464
2023-10-16,Raipur,Grade A,2454
2023-10-17,Raipur,Grade A,2421
2023-10-18,Raipur,Grade A,2406
2023-10-19,Raipur,Grade A,2402
2023-10-20,Raipur,Grade A,2405
2023-10-21,Raipur,Grade A,2435
2023-10-22,Raipur,Grade A,2438
2023-10-23,Raipur,Grade A,2444
2023-10-24,Raipur,Grade A,2447
2023-10-25,Raipur,Grade A,2468
2023-10-26,Raipur,Grade A,2461
2023-10-27,Raipur,Grade A,2492
2023-10-28,Raipur,Grade A,2495
2023-10-29,Raipur,Grade A,2469
2023-10-30,Raipur,Grade A,2475
2023-10-31,Raipur,Grade A,2480
2023-11-01,Raipur,Grade A,2470
2023-11-02,Raipur,Grade A,2481
2023-11-03,Raipur,Grade A,2479
2023-11-04,Raipur,Grade A,2477
2023-11-05,Raipur,Grade A,2473
2023-11-06,Raipur,Grade A,2465
2023-11-07,Raipur,Grade A,2475
2023-11-08,Raipur,Grade A,2479
2023-11-09,Raipur,Grade A,2487
2023-11-10,Raipur,Grade A,2490
2023-11-11,Raipur,Grade A,2489
2023-11-12,Raipur,Grade A,2495
2023-11-13,Raipur,Grade A,2532
2023-11-14,Raipur,Grade A,2559
2023-11-15,Raipur,Grade A,2536
2023-11-16,Raipur,Grade A,2505
2023-11-17,Raipur,Grade A,2509
2023-11-18,Raipur,Grade A,2503
2023-11-19,Raipur,Grade A,2496
2023-11-20,Raipur,Grade A,2494
2023-11-21,Raipur,Grade A,2503
2023-11-22,Raipur,Grade A,2519
2023-11-23,Raipur,Grade A,2518
2023-11-24,Raipur,Grade A,2517
2023-11-25,Raipur,Grade A,2544
2023-11-26,Raipur,Grade A,2548
2023-11-27,Raipur,Grade A,2563
2023-11-28,Raipur,Grade A,2569
2023-11-29,Raipur,Grade A,2558
2023-11-30,Raipur,Grade A,2571
2023-12-01,Raipur,Grade A,2559
2023-12-02,Raipur,Grade A,2557
2023-12-03,Raipur,Grade A,2547
2023-12-04,Raipur,Grade A,2584
2023-12-05,Raipur,Grade A,2557
2023-12-06,Raipur,Grade A,2545
2023-12-07,Raipur,Grade A,2559
2023-12-08,Raipur,Grade A,2567
2023-12-09,Raipur,Grade A,2569
2023-12-10,Raipur,Grade A,2542
2023-12-11,Raipur,Grade A,2530
2023-12-12,Raipur,Grade A,2553
2023-12-13,Raipur,Grade A,2554
2023-12-14,Raipur,Grade A,2535
2023-12-15,Raipur,Grade A,2538
2023-12-16,Raipur,Grade A,2537
2023-12-17,Raipur,Grade A,2538
2023-12-18,Raipur,Grade A,2553
2023-12-19,Raipur,Grade A,2541
2023-12-20,Raipur,Grade A,2570
2023-12-21,Raipur,Grade A,2557
2023-12-22,Raipur,Grade A,2571
2023-12-23,Raipur,Grade A,2560
2023-12-24,Raipur,Grade A,2540
2023-12-25,Raipur,Grade A,2545
2023-12-26,Raipur,Grade A,2536
2023-12-27,Raipur,Grade A,2553
2023-12-28,Raipur,Grade A,2554
2023-12-29,Raipur,Grade A,2565
2023-12-30,Raipur,Grade A,2528
2023-12-31,Raipur,Grade A,2541
2024-01-01,Raipur,Grade A,2517
2024-01-02,Raipur,Grade A,2523
2024-01-03,Raipur,Grade A,2531
2024-01-04,Raipur,Grade A,2499
2024-01-05,Raipur,Grade A,2491
2024-01-06,Raipur,Grade A,2498
2024-01-07,Raipur,Grade A,2525
2024-01-08,Raipur,Grade A,2505
2024-01-09,Raipur,Grade A,2495
2024-01-10,Raipur,Grade A,2468
2024-01-11,Raipur,Grade A,2470
2024-01-12,Raipur,Grade A,2477
2024-01-13,Raipur,Grade A,2509
2024-01-14,Raipur,Grade A,2481
2024-01-15,Raipur,Grade A,2504
2024-01-16,Raipur,Grade A,2514
2024-01-17,Raipur,Grade A,2519
2024-01-18,Raipur,Grade A,2506
2024-01-19,Raipur,Grade A,2510
2024-01-20,Raipur,Grade A,2509
2024-01-21,Raipur,Grade A,2498
2024-01-22,Raipur,Grade A,2476
2024-01-23,Raipur,Grade A,2494
2024-01-24,Raipur,Grade A,2495
2024-01-25,Raipur,Grade A,2520
2024-01-26,Raipur,Grade A,2520
2024-01-27,Raipur,Grade A,2484
2024-01-28,Raipur,Grade A,2472
2024-01-29,Raipur,Grade A,2469
2024-01-30,Raipur,Grade A,2480
2024-01-31,Raipur,Grade A,2492
2024-02-01,Raipur,Grade A,2492
2024-02-02,Raipur,Grade A,2505
2024-02-03,Raipur,Grade A,2526
2024-02-04,Raipur,Grade A,2512
2024-02-05,Raipur,Grade A,2534
2024-02-06,Raipur,Grade A,2511
2024-02-07,Raipur,Grade A,2503
2024-02-08,Raipur,Grade A,2495
2024-02-09,Raipur,Grade A,2512
2024-02-10,Raipur,Grade A,2509
2024-02-11,Raipur,Grade A,2527
2024-02-12,Raipur,Grade A,2514
2024-02-13,Raipur,Grade A,2498
2024-02-14,Raipur,Grade A,2497
2024-02-15,Raipur,Grade A,2488
2024-02-16,Raipur,Grade A,2465
2024-02-17,Raipur,Grade A,2458
2024-02-18,Raipur,Grade A,2446
2024-02-19,Raipur,Grade A,2421
2024-02-20,Raipur,Grade A,2411
2024-02-21,Raipur,Grade A,2404
2024-02-22,Raipur,Grade A,2424
2024-02-23,Raipur,Grade A,2430
2024-02-24,Raipur,Grade A,2463
2024-02-25,Raipur,Grade A,2453
2024-02-26,Raipur,Grade A,2433
2024-02-27,Raipur,Grade A,2434
2024-02-28,Raipur,Grade A,2423
2024-02-29,Raipur,Grade A,2410
2024-03-01,Raipur,Grade A,2409
2024-03-02,Raipur,Grade A,2438
2024-03-03,Raipur,Grade A,2444
2024-03-04,Raipur,Grade A,2456
2024-03-05,Raipur,Grade A,2447
2024-03-06,Raipur,Grade A,2455
2024-03-07,Raipur,Grade A,2451
2024-03-08,Raipur,Grade A,2479
2024-03-09,Raipur,Grade A,2475
2024-03-10,Raipur,Grade A,2485
2024-03-11,Raipur,Grade A,2501
2024-03-12,Raipur,Grade A,2501
2024-03-13,Raipur,Grade A,2496
2024-03-14,Raipur,Grade A,2505
2024-03-15,Raipur,Grade A,2489
2024-03-16,Raipur,Grade A,2462
2024-03-17,Raipur,Grade A,2469
2024-03-18,Raipur,Grade A,2436
2024-03-19,Raipur,Grade A,2445
2024-03-20,Raipur,Grade A,2464
2024-03-21,Raipur,Grade A,2472
2024-03-22,Raipur,Grade A,2459
2024-03-23,Raipur,Grade A,2451
2024-03-24,Raipur,Grade A,2443
2024-03-25,Raipur,Grade A,2457
2024-03-26,Raipur,Grade A,2447
2024-03-27,Raipur,Grade A,2435
2024-03-28,Raipur,Grade A,2434
2024-03-29,Raipur,Grade A,2436
2024-03-30,Raipur,Grade A,2440
2024-03-31,Raipur,Grade A,2434
2024-04-01,Raipur,Grade A,2428
2024-04-02,Raipur,Grade A,2411
2024-04-03,Raipur,Grade A,2407
2024-04-04,Raipur,Grade A,2373
2024-04-05,Raipur,Grade A,2367
2024-04-06,Raipur,Grade A,2346
2024-04-07,Raipur,Grade A,2339
2024-04-08,Raipur,Grade A,2326
2024-04-09,Raipur,Grade A,2314
2024-04-10,Raipur,Grade A,2333
2024-04-11,Raipur,Grade A,2336
2024-04-12,Raipur,Grade A,2334
2024-04-13,Raipur,Grade A,2340
2024-04-14,Raipur,Grade A,2333
2024-04-15,Raipur,Grade A,2306
2024-04-16,Raipur,Grade A,2290
2024-04-17,Raipur,Grade A,2310
2024-04-18,Raipur,Grade A,2295
2024-04-19,Raipur,Grade A,2296
2024-04-20,Raipur,Grade A,2327
2024-04-21,Raipur,Grade A,2315
2024-04-22,Raipur,Grade A,2320
2024-04-23,Raipur,Grade A,2306
2024-04-24,Raipur,Grade A,2346
2024-04-25,Raipur,Grade A,2341
2024-04-26,Raipur,Grade A,2330
2024-04-27,Raipur,Grade A,2348
2024-04-28,Raipur,Grade A,2353
2024-04-29,Raipur,Grade A,2335
2024-04-30,Raipur,Grade A,2356
2024-05-01,Raipur,Grade A,2341
2024-05-02,Raipur,Grade A,2325
2024-05-03,Raipur,Grade A,2314
2024-05-04,Raipur,Grade A,2333
2024-05-05,Raipur,Grade A,2349
2024-05-06,Raipur,Grade A,2326
2024-05-07,Raipur,Grade A,2322
2024-05-08,Raipur,Grade A,2306
2024-05-09,Raipur,Grade A,2282
2024-05-10,Raipur,Grade A,2296
2024-05-11,Raipur,Grade A,2276
2024-05-12,Raipur,Grade A,2308
2024-05-13,Raipur,Grade A,2307
2024-05-14,Raipur,Grade A,2331
2024-05-15,Raipur,Grade A,2327
2024-05-16,Raipur,Grade A,2325
2024-05-17,Raipur,Grade A,2312
2024-05-18,Raipur,Grade A,2307
2024-05-19,Raipur,Grade A,2334
2024-05-20,Raipur,Grade A,2313
2024-05-21,Raipur,Grade A,2308
2024-05-22,Raipur,Grade A,2307
2024-05-23,Raipur,Grade A,2308
2024-05-24,Raipur,Grade A,2294
2024-05-25,Raipur,Grade A,2279
2024-05-26,Raipur,Grade A,2270
2024-05-27,Raipur,Grade A,2272
2024-05-28,Raipur,Grade A,2243
2024-05-29,Raipur,Grade A,2221
2024-05-30,Raipur,Grade A,2202
2024-05-31,Raipur,Grade A,2195
2024-06-01,Raipur,Grade A,2206
2024-06-02,Raipur,Grade A,2209
2024-06-03,Raipur,Grade A,2199
2024-06-04,Raipur,Grade A,2224
2024-06-05,Raipur,Grade A,2225
2024-06-06,Raipur,Grade A,2236
2024-06-07,Raipur,Grade A,2227
2024-06-08,Raipur,Grade A,2219
2024-06-09,Raipur,Grade A,2212
2024-06-10,Raipur,Grade A,2202
2024-06-11,Raipur,Grade A,2223
2024-06-12,Raipur,Grade A,2235
2024-06-13,Raipur,Grade A,2204
2024-06-14,Raipur,Grade A,2214
2024-06-15,Raipur,Grade A,2220
2024-06-16,Raipur,Grade A,2229
2024-06-17,Raipur,Grade A,2247
2024-06-18,Raipur,Grade A,2268
2024-06-19,Raipur,Grade A,2275
2024-06-20,Raipur,Grade A,2267
2024-06-21,Raipur,Grade A,2252
2024-06-22,Raipur,Grade A,2263
2024-06-23,Raipur,Grade A,2270
2024-06-24,Raipur,Grade A,2286
2024-06-25,Raipur,Grade A,2324
2024-06-26,Raipur,Grade A,2350
2024-06-27,Raipur,Grade A,2321
2024-06-28,Raipur,Grade A,2342
2024-06-29,Raipur,Grade A,2405
2024-06-30,Raipur,Grade A,2408
2024-07-01,Raipur,Grade A,2402
2024-07-02,Raipur,Grade A,2390
2024-07-03,Raipur,Grade A,2389
2024-07-04,Raipur,Grade A,2402
2024-07-05,Raipur,Grade A,2404
2024-07-06,Raipur,Grade A,2392
2024-07-07,Raipur,Grade A,2402
2024-07-08,Raipur,Grade A,2408
2024-07-09,Raipur,Grade A,2399
2024-07-10,Raipur,Grade A,2377
2024-07-11,Raipur,Grade A,2367
2024-07-12,Raipur,Grade A,2363
2024-07-13,Raipur,Grade A,2347
2024-07-14,Raipur,Grade A,2354
2024-07-15,Raipur,Grade A,2372
2024-07-16,Raipur,Grade A,2365
2024-07-17,Raipur,Grade A,2360
2024-07-18,Raipur,Grade A,2351
2024-07-19,Raipur,Grade A,2383
2024-07-20,Raipur,Grade A,2418
2024-07-21,Raipur,Grade A,2405
2024-07-22,Raipur,Grade A,2410
2024-07-23,Raipur,Grade A,2383
2024-07-24,Raipur,Grade A,2391
2024-07-25,Raipur,Grade A,2371
2024-07-26,Raipur,Grade A,2366
2024-07-27,Raipur,Grade A,2391
2024-07-28,Raipur,Grade A,2367
2024-07-29,Raipur,Grade A,2356
2024-07-30,Raipur,Grade A,2356
2024-07-31,Raipur,Grade A,2398
2024-08-01,Raipur,Grade A,2423
2024-08-02,Raipur,Grade A,2428
2024-08-03,Raipur,Grade A,2410
2024-08-04,Raipur,Grade A,2399
2024-08-05,Raipur,Grade A,2390
2024-08-06,Raipur,Grade A,2395
2024-08-07,Raipur,Grade A,2375
2024-08-08,Raipur,Grade A,2368
2024-08-09,Raipur,Grade A,2379
2024-08-10,Raipur,Grade A,2401
2024-08-11,Raipur,Grade A,2412
2024-08-12,Raipur,Grade A,2387
2024-08-13,Raipur,Grade A,2368
2024-08-14,Raipur,Grade A,2381
2024-08-15,Raipur,Grade A,2386
2024-08-16,Raipur,Grade A,2369
2024-08-17,Raipur,Grade A,2381
2024-08-18,Raipur,Grade A,2407
2024-08-19,Raipur,Grade A,2389
2024-08-20,Raipur,Grade A,2386
2024-08-21,Raipur,Grade A,2388
2024-08-22,Raipur,Grade A,2353
2024-08-23,Raipur,Grade A,2323
2024-08-24,Raipur,Grade A,2344
2024-08-25,Raipur,Grade A,2354
2024-08-26,Raipur,Grade A,2369
2024-08-27,Raipur,Grade A,2365
2024-08-28,Raipur,Grade A,2354
2024-08-29,Raipur,Grade A,2395
2024-08-30,Raipur,Grade A,2402
2024-08-31,Raipur,Grade A,2408
2024-09-01,Raipur,Grade A,2438
2024-09-02,Raipur,Grade A,2433
2024-09-03,Raipur,Grade A,2442
2024-09-04,Raipur,Grade A,2441
2024-09-05,Raipur,Grade A,2410
2024-09-06,Raipur,Grade A,2405
2024-09-07,Raipur,Grade A,2413
2024-09-08,Raipur,Grade A,2422
2024-09-09,Raipur,Grade A,2409
2024-09-10,Raipur,Grade A,2415
2024-09-11,Raipur,Grade A,2402
2024-09-12,Raipur,Grade A,2406
2024-09-13,Raipur,Grade A,2401
2024-09-14,Raipur,Grade A,2378
2024-09-15,Raipur,Grade A,2400
2024-09-16,Raipur,Grade A,2417
2024-09-17,Raipur,Grade A,2416
2024-09-18,Raipur,Grade A,2457
2024-09-19,Raipur,Grade A,2463
2024-09-20,Raipur,Grade A,2438
2024-09-21,Raipur,Grade A,2438
2024-09-22,Raipur,Grade A,2430
2024-09-23,Raipur,Grade A,2428
2024-09-24,Raipur,Grade A,2464
2024-09-25,Raipur,Grade A,2476
2024-09-26,Raipur,Grade A,2515
2024-09-27,Raipur,Grade A,2500
2024-09-28,Raipur,Grade A,2512
2024-09-29,Raipur,Grade A,2522
2024-09-30,Raipur,Grade A,2545
2024-10-01,Raipur,Grade A,2565
2024-10-02,Raipur,Grade A,2548
2024-10-03,Raipur,Grade A,2537
2024-10-04,Raipur,Grade A,2537
2024-10-05,Raipur,Grade A,2574
2024-10-06,Raipur,Grade A,2567
2024-10-07,Raipur,Grade A,2590
2024-10-08,Raipur,Grade A,2582
2024-10-09,Raipur,Grade A,2592
2024-10-10,Raipur,Grade A,2595
2024-10-11,Raipur,Grade A,2600
2024-10-12,Raipur,Grade A,2617
2024-10-13,Raipur,Grade A,2592
2024-10-14,Raipur,Grade A,2577
2024-10-15,Raipur,Grade A,2535
2024-10-16,Raipur,Grade A,2516
2024-10-17,Raipur,Grade A,2521
2024-10-18,Raipur,Grade A,2532
2024-10-19,Raipur,Grade A,2520
2024-10-20,Raipur,Grade A,2501
2024-10-21,Raipur,Grade A,2507
2024-10-22,Raipur,Grade A,2504
2024-10-23,Raipur,Grade A,2504
2024-10-24,Raipur,Grade A,2507
2024-10-25,Raipur,Grade A,2507
2024-10-26,Raipur,Grade A,2528
2024-10-27,Raipur,Grade A,2547
2024-10-28,Raipur,Grade A,2530
2024-10-29,Raipur,Grade A,2559
2024-10-30,Raipur,Grade A,2551
2024-10-31,Raipur,Grade A,2533
2024-11-01,Raipur,Grade A,2543
2024-11-02,Raipur,Grade A,2550
2024-11-03,Raipur,Grade A,2552
2024-11-04,Raipur,Grade A,2545
2024-11-05,Raipur,Grade A,2569
2024-11-06,Raipur,Grade A,2588
2024-11-07,Raipur,Grade A,2565
2024-11-08,Raipur,Grade A,2551
2024-11-09,Raipur,Grade A,2540
2024-11-10,Raipur,Grade A,2512
2024-11-11,Raipur,Grade A,2529
2024-11-12,Raipur,Grade A,2548
2024-11-13,Raipur,Grade A,2536
2024-11-14,Raipur,Grade A,2547
2024-11-15,Raipur,Grade A,2527
2024-11-16,Raipur,Grade A,2551
2024-11-17,Raipur,Grade A,2573
2024-11-18,Raipur,Grade A,2586
2024-11-19,Raipur,Grade A,2586
2024-11-20,Raipur,Grade A,2585
2024-11-21,Raipur,Grade A,2581
2024-11-22,Raipur,Grade A,2590
2024-11-23,Raipur,Grade A,2592
2024-11-24,Raipur,Grade A,2609
2024-11-25,Raipur,Grade A,2607
2024-11-26,Raipur,Grade A,2601
2024-11-27,Raipur,Grade A,2604
2024-11-28,Raipur,Grade A,2587
2024-11-29,Raipur,Grade A,2573
2024-11-30,Raipur,Grade A,2556
2024-12-01,Raipur,Grade A,2552
2024-12-02,Raipur,Grade A,2550
2024-12-03,Raipur,Grade A,2540
2024-12-04,Raipur,Grade A,2542
2024-12-05,Raipur,Grade A,2558
2024-12-06,Raipur,Grade A,2536
2024-12-07,Raipur,Grade A,2564
2024-12-08,Raipur,Grade A,2588
2024-12-09,Raipur,Grade A,2588
2024-12-10,Raipur,Grade A,2594
2024-12-11,Raipur,Grade A,2615
2024-12-12,Raipur,Grade A,2623
2024-12-13,Raipur,Grade A,2618
2024-12-14,Raipur,Grade A,2643
2024-12-15,Raipur,Grade A,2652
2024-12-16,Raipur,Grade A,2611
2024-12-17,Raipur,Grade A,2618
2024-12-18,Raipur,Grade A,2624
2024-12-19,Raipur,Grade A,2622
2024-12-20,Raipur,Grade A,2640
2024-12-21,Raipur,Grade A,2650
2024-12-22,Raipur,Grade A,2637
2024-12-23,Raipur,Grade A,2636
2024-12-24,Raipur,Grade A,2638
2024-12-25,Raipur,Grade A,2641
2024-12-26,Raipur,Grade A,2669
2024-12-27,Raipur,Grade A,2647
2024-12-28,Raipur,Grade A,2649
2024-12-29,Raipur,Grade A,2629
2024-12-30,Raipur,Grade A,2638
2024-12-31,Raipur,Grade A,2633
2025-01-01,Raipur,Grade A,2638
2025-01-02,Raipur,Grade A,2636
2025-01-03,Raipur,Grade A,2620
2025-01-04,Raipur,Grade A,2622
2025-01-05,Raipur,Grade A,2595
2025-01-06,Raipur,Grade A,2569
2025-01-07,Raipur,Grade A,2602
2025-01-08,Raipur,Grade A,2612
2025-01-09,Raipur,Grade A,2616
2025-01-10,Raipur,Grade A,2632
2025-01-11,Raipur,Grade A,2626
2025-01-12,Raipur,Grade A,2635
2025-01-13,Raipur,Grade A,2637
2025-01-14,Raipur,Grade A,2631
2025-01-15,Raipur,Grade A,2609
2025-01-16,Raipur,Grade A,2603
2025-01-17,Raipur,Grade A,2591
2025-01-18,Raipur,Grade A,2586
2025-01-19,Raipur,Grade A,2576
2025-01-20,Raipur,Grade A,2576
2025-01-21,Raipur,Grade A,2573
2025-01-22,Raipur,Grade A,2544
2025-01-23,Raipur,Grade A,2543
2025-01-24,Raipur,Grade A,2573
2025-01-25,Raipur,Grade A,2559
2025-01-26,Raipur,Grade A,2588
2025-01-27,Raipur,Grade A,2579
2025-01-28,Raipur,Grade A,2579
2025-01-29,Raipur,Grade A,2575
2025-01-30,Raipur,Grade A,2567
2025-01-31,Raipur,Grade A,2568
2025-02-01,Raipur,Grade A,2579
2025-02-02,Raipur,Grade A,2584
2025-02-03,Raipur,Grade A,2578
2025-02-04,Raipur,Grade A,2559
2025-02-05,Raipur,Grade A,2549
2025-02-06,Raipur,Grade A,2539
2025-02-07,Raipur,Grade A,2543
2025-02-08,Raipur,Grade A,2545
2025-02-09,Raipur,Grade A,2553
2025-02-10,Raipur,Grade A,2553
2025-02-11,Raipur,Grade A,2545
2025-02-12,Raipur,Grade A,2517
2025-02-13,Raipur,Grade A,2534
2025-02-14,Raipur,Grade A,2521
2025-02-15,Raipur,Grade A,2497
2025-02-16,Raipur,Grade A,2504
2025-02-17,Raipur,Grade A,2501
2025-02-18,Raipur,Grade A,2509
2025-02-19,Raipur,Grade A,2482
2025-02-20,Raipur,Grade A,2472
2025-02-21,Raipur,Grade A,2492
2025-02-22,Raipur,Grade A,2501
2025-02-23,Raipur,Grade A,2496
2025-02-24,Raipur,Grade A,2507
2025-02-25,Raipur,Grade A,2513
2025-02-26,Raipur,Grade A,2509
2025-02-27,Raipur,Grade A,2511
2025-02-28,Raipur,Grade A,2486
2025-03-01,Raipur,Grade A,2494
2025-03-02,Raipur,Grade A,2498
2025-03-03,Raipur,Grade A,2494
2025-03-04,Raipur,Grade A,2495
2025-03-05,Raipur,Grade A,2498
2025-03-06,Raipur,Grade A,2482
2025-03-07,Raipur,Grade A,2476
2025-03-08,Raipur,Grade A,2490
2025-03-09,Raipur,Grade A,2466
2025-03-10,Raipur,Grade A,2449
2025-03-11,Raipur,Grade A,2478
2025-03-12,Raipur,Grade A,2474
2025-03-13,Raipur,Grade A,2472
2025-03-14,Raipur,Grade A,2481
2025-03-15,Raipur,Grade A,2462
2025-03-16,Raipur,Grade A,2463
2025-03-17,Raipur,Grade A,2466
2025-03-18,Raipur,Grade A,2440
2025-03-19,Raipur,Grade A,2447
2025-03-20,Raipur,Grade A,2436
2025-03-21,Raipur,Grade A,2450
2025-03-22,Raipur,Grade A,2445
2025-03-23,Raipur,Grade A,2438
2025-03-24,Raipur,Grade A,2441
2025-03-25,Raipur,Grade A,2433
2025-03-26,Raipur,Grade A,2404
2025-03-27,Raipur,Grade A,2413
2025-03-28,Raipur,Grade A,2433
2025-03-29,Raipur,Grade A,2434
2025-03-30,Raipur,Grade A,2415
2025-03-31,Raipur,Grade A,2437
2025-04-01,Raipur,Grade A,2454
2025-04-02,Raipur,Grade A,2462
2025-04-03,Raipur,Grade A,2490
2025-04-04,Raipur,Grade A,2491
2025-04-05,Raipur,Grade A,2484
2025-04-06,Raipur,Grade A,2460
2025-04-07,Raipur,Grade A,2483
2025-04-08,Raipur,Grade A,2483
2025-04-09,Raipur,Grade A,2487
2025-04-10,Raipur,Grade A,2481
2025-04-11,Raipur,Grade A,2453
2025-04-12,Raipur,Grade A,2455
2025-04-13,Raipur,Grade A,2455
2025-04-14,Raipur,Grade A,2442
2025-04-15,Raipur,Grade A,2420
2025-04-16,Raipur,Grade A,2428
2025-04-17,Raipur,Grade A,2444
2025-04-18,Raipur,Grade A,2436
2025-04-19,Raipur,Grade A,2425
2025-04-20,Raipur,Grade A,2423
2025-04-21,Raipur,Grade A,2445
2025-04-22,Raipur,Grade A,2430
2025-04-23,Raipur,Grade A,2431
2025-04-24,Raipur,Grade A,2406
2025-04-25,Raipur,Grade A,2398
2025-04-26,Raipur,Grade A,2400
2025-04-27,Raipur,Grade A,2396
2025-04-28,Raipur,Grade A,2385
2025-04-29,Raipur,Grade A,2401
2025-04-30,Raipur,Grade A,2408
2025-05-01,Raipur,Grade A,2393
2025-05-02,Raipur,Grade A,2378
2025-05-03,Raipur,Grade A,2398
2025-05-04,Raipur,Grade A,2372
2025-05-05,Raipur,Grade A,2396
2025-05-06,Raipur,Grade A,2398
2025-05-07,Raipur,Grade A,2395
2025-05-08,Raipur,Grade A,2391
2025-05-09,Raipur,Grade A,2418
2025-05-10,Raipur,Grade A,2382
2025-05-11,Raipur,Grade A,2349
2025-05-12,Raipur,Grade A,2352
2025-05-13,Raipur,Grade A,2345
2025-05-14,Raipur,Grade A,2352
2025-05-15,Raipur,Grade A,2358
2025-05-16,Raipur,Grade A,2371
2025-05-17,Raipur,Grade A,2375
2025-05-18,Raipur,Grade A,2372
2025-05-19,Raipur,Grade A,2376
2025-05-20,Raipur,Grade A,2354
2025-05-21,Raipur,Grade A,2355
2025-05-22,Raipur,Grade A,2362
2025-05-23,Raipur,Grade A,2328
2025-05-24,Raipur,Grade A,2331
2025-05-25,Raipur,Grade A,2325
2025-05-26,Raipur,Grade A,2319
2025-05-27,Raipur,Grade A,2320
2025-05-28,Raipur,Grade A,2303
2025-05-29,Raipur,Grade A,2330
2025-05-30,Raipur,Grade A,2339
2025-05-31,Raipur,Grade A,2333
2025-06-01,Raipur,Grade A,2312
2025-06-02,Raipur,Grade A,2325
2025-06-03,Raipur,Grade A,2304
2025-06-04,Raipur,Grade A,2309
2025-06-05,Raipur,Grade A,2311
2025-06-06,Raipur,Grade A,2329
2025-06-07,Raipur,Grade A,2348
2025-06-08,Raipur,Grade A,2372
2025-06-09,Raipur,Grade A,2377
2025-06-10,Raipur,Grade A,2372
2025-06-11,Raipur,Grade A,2378
2025-06-12,Raipur,Grade A,2394
2025-06-13,Raipur,Grade A,2396
2025-06-14,Raipur,Grade A,2377
2025-06-15,Raipur,Grade A,2357
2025-06-16,Raipur,Grade A,2380
2025-06-17,Raipur,Grade A,2386
2025-06-18,Raipur,Grade A,2409
2025-06-19,Raipur,Grade A,2391
2025-06-20,Raipur,Grade A,2417
2025-06-21,Raipur,Grade A,2414
2025-06-22,Raipur,Grade A,2422
2025-06-23,Raipur,Grade A,2420
2025-06-24,Raipur,Grade A,2397
2025-06-25,Raipur,Grade A,2420
2025-06-26,Raipur,Grade A,2406
2025-06-27,Raipur,Grade A,2411
2025-06-28,Raipur,Grade A,2416
2025-06-29,Raipur,Grade A,2435
2025-06-30,Raipur,Grade A,2443
2025-07-01,Raipur,Grade A,2445
2025-07-02,Raipur,Grade A,2455
2025-07-03,Raipur,Grade A,2418
2025-07-04,Raipur,Grade A,2441
2025-07-05,Raipur,Grade A,2455
2025-07-06,Raipur,Grade A,2448
2025-07-07,Raipur,Grade A,2438
2025-07-08,Raipur,Grade A,2420
2025-07-09,Raipur,Grade A,2407
2025-07-10,Raipur,Grade A,2413
2025-07-11,Raipur,Grade A,2417
2025-07-12,Raipur,Grade A,2416
2025-07-13,Raipur,Grade A,2432
2025-07-14,Raipur,Grade A,2404
2025-07-15,Raipur,Grade A,2410
2025-07-16,Raipur,Grade A,2398
2025-07-17,Raipur,Grade A,2398
2025-07-18,Raipur,Grade A,2392
2025-07-19,Raipur,Grade A,2387
2025-07-20,Raipur,Grade A,2394
2025-07-21,Raipur,Grade A,2394
2025-07-22,Raipur,Grade A,2409
2025-07-23,Raipur,Grade A,2407
2025-07-24,Raipur,Grade A,2426
2025-07-25,Raipur,Grade A,2412
2025-07-26,Raipur,Grade A,2408
2025-07-27,Raipur,Grade A,2429
2025-07-28,Raipur,Grade A,2416
2025-07-29,Raipur,Grade A,2403
2025-07-30,Raipur,Grade A,2410
2025-07-31,Raipur,Grade A,2408
2025-08-01,Raipur,Grade A,2411
2025-08-02,Raipur,Grade A,2397
2025-08-03,Raipur,Grade A,2401
2025-08-04,Raipur,Grade A,2416
2025-08-05,Raipur,Grade A,2435
2025-08-06,Raipur,Grade A,2450
2025-08-07,Raipur,Grade A,2453
2025-08-08,Raipur,Grade A,2449
2025-08-09,Raipur,Grade A,2429
2025-08-10,Raipur,Grade A,2428
2025-08-11,Raipur,Grade A,2426
2025-08-12,Raipur,Grade A,2436
2025-08-13,Raipur,Grade A,2433
2025-08-14,Raipur,Grade A,2427
2025-08-15,Raipur,Grade A,2437
2025-08-16,Raipur,Grade A,2424
2025-08-17,Raipur,Grade A,2425
2025-08-18,Raipur,Grade A,2411
2025-08-19,Raipur,Grade A,2441
2025-08-20,Raipur,Grade A,2433
2025-08-21,Raipur,Grade A,2458
2025-08-22,Raipur,Grade A,2460
2025-08-23,Raipur,Grade A,2452
2025-08-24,Raipur,Grade A,2462
2025-08-25,Raipur,Grade A,2464
2025-08-26,Raipur,Grade A,2497
2025-08-27,Raipur,Grade A,2474
2025-08-28,Raipur,Grade A,2462
2025-08-29,Raipur,Grade A,2480
2025-08-30,Raipur,Grade A,2500
2025-08-31,Raipur,Grade A,2514
2025-09-01,Raipur,Grade A,2502
2025-09-02,Raipur,Grade A,2493
2025-09-03,Raipur,Grade A,2497
2025-09-04,Raipur,Grade A,2483
2025-09-05,Raipur,Grade A,2459
2025-09-06,Raipur,Grade A,2463
2025-09-07,Raipur,Grade A,2489
2025-09-08,Raipur,Grade A,2503
2025-09-09,Raipur,Grade A,2502
2025-09-10,Raipur,Grade A,2500
2025-09-11,Raipur,Grade A,2492
2025-09-12,Raipur,Grade A,2521
2025-09-13,Raipur,Grade A,2500
2025-09-14,Raipur,Grade A,2515
2025-09-15,Raipur,Grade A,2565
2025-09-16,Raipur,Grade A,2560
2025-09-17,Raipur,Grade A,2537
2025-09-18,Raipur,Grade A,2548
2025-09-19,Raipur,Grade A,2539
2025-09-20,Raipur,Grade A,2528
2025-09-21,Raipur,Grade A,2531
2025-09-22,Raipur,Grade A,2510
2025-09-23,Raipur,Grade A,2531
2025-09-24,Raipur,Grade A,2513
2025-09-25,Raipur,Grade A,2509
2025-09-26,Raipur,Grade A,2534
2025-09-27,Raipur,Grade A,2533
2025-09-28,Raipur,Grade A,2550
2025-09-29,Raipur,Grade A,2532
2025-09-30,Raipur,Grade A,2518
2025-10-01,Raipur,Grade A,2521
2025-10-02,Raipur,Grade A,2525
2025-10-03,Raipur,Grade A,2526
2025-10-04,Raipur,Grade A,2535
2025-10-05,Raipur,Grade A,2528
2025-10-06,Raipur,Grade A,2528
2025-10-07,Raipur,Grade A,2549
2025-10-08,Raipur,Grade A,2553
2025-10-09,Raipur,Grade A,2555
2025-10-10,Raipur,Grade A,2543
2025-10-11,Raipur,Grade A,2546
2025-10-12,Raipur,Grade A,2532
2025-10-13,Raipur,Grade A,2521
2025-10-14,Raipur,Grade A,2518
2025-10-15,Raipur,Grade A,2522
2025-10-16,Raipur,Grade A,2513
2025-10-17,Raipur,Grade A,2536
2025-10-18,Raipur,Grade A,2554
2025-10-19,Raipur,Grade A,2563
2025-10-20,Raipur,Grade A,2553
2025-10-21,Raipur,Grade A,2561
2025-10-22,Raipur,Grade A,2576
2025-10-23,Raipur,Grade A,2577
2025-10-24,Raipur,Grade A,2573
2025-10-25,Raipur,Grade A,2593
2025-10-26,Raipur,Grade A,2567
2025-10-27,Raipur,Grade A,2556
2025-10-28,Raipur,Grade A,2565
2025-10-29,Raipur,Grade A,2590
2025-10-30,Raipur,Grade A,2583
2025-10-31,Raipur,Grade A,2589
2025-11-01,Raipur,Grade A,2590
2025-11-02,Raipur,Grade A,2575
2025-11-03,Raipur,Grade A,2562
2025-11-04,Raipur,Grade A,2541
2025-11-05,Raipur,Grade A,2537
2025-11-06,Raipur,Grade A,2523
2025-11-07,Raipur,Grade A,2536
2025-11-08,Raipur,Grade A,2517
2025-11-09,Raipur,Grade A,2527
2025-11-10,Raipur,Grade A,2519
2025-11-11,Raipur,Grade A,2531
2025-11-12,Raipur,Grade A,2550
2025-11-13,Raipur,Grade A,2566
2025-11-14,Raipur,Grade A,2573
2025-11-15,Raipur,Grade A,2587
2025-11-16,Raipur,Grade A,2592
2025-11-17,Raipur,Grade A,2591
2025-11-18,Raipur,Grade A,2597
2025-11-19,Raipur,Grade A,2598
2025-11-20,Raipur,Grade A,2605
2025-11-21,Raipur,Grade A,2603
2025-11-22,Raipur,Grade A,2598
2025-11-23,Raipur,Grade A,2571
2025-11-24,Raipur,Grade A,2587
2025-11-25,Raipur,Grade A,2594
2025-11-26,Raipur,Grade A,2633
2025-11-27,Raipur,Grade A,2611
2025-11-28,Raipur,Grade A,2607
2025-11-29,Raipur,Grade A,2584
2025-11-30,Raipur,Grade A,2579
2025-12-01,Raipur,Grade A,2618
2025-12-02,Raipur,Grade A,2587
2025-12-03,Raipur,Grade A,2592
2025-12-04,Raipur,Grade A,2604
2025-12-05,Raipur,Grade A,2629
2025-12-06,Raipur,Grade A,2644
2025-12-07,Raipur,Grade A,2659
2025-12-08,Raipur,Grade A,2635
2025-12-09,Raipur,Grade A,2666
2025-12-10,Raipur,Grade A,2648
2025-12-11,Raipur,Grade A,2648
2025-12-12,Raipur,Grade A,2658
2025-12-13,Raipur,Grade A,2672
2025-12-14,Raipur,Grade A,2683
2025-12-15,Raipur,Grade A,2680
2025-12-16,Raipur,Grade A,2666
2025-12-17,Raipur,Grade A,2657
2025-12-18,Raipur,Grade A,2636
2025-12-19,Raipur,Grade A,2638
2025-12-20,Raipur,Grade A,2624
2025-12-21,Raipur,Grade A,2641
2025-12-22,Raipur,Grade A,2654
2025-12-23,Raipur,Grade A,2678
2025-12-24,Raipur,Grade A,2687
2025-12-25,Raipur,Grade A,2664
2025-12-26,Raipur,Grade A,2653
2025-12-27,Raipur,Grade A,2650
2025-12-28,Raipur,Grade A,2663
2025-12-29,Raipur,Grade A,2637
2025-12-30,Raipur,Grade A,2614
2025-12-31,Raipur,Grade A,2589
2022-01-01,Dhamtari,Common,2246
2022-01-02,Dhamtari,Common,2251
2022-01-03,Dhamtari,Common,2255
2022-01-04,Dhamtari,Common,2254
2022-01-05,Dhamtari,Common,2276
2022-01-06,Dhamtari,Common,2284
2022-01-07,Dhamtari,Common,2280
2022-01-08,Dhamtari,Common,2270
2022-01-09,Dhamtari,Common,2276
2022-01-10,Dhamtari,Common,2281
2022-01-11,Dhamtari,Common,2257
2022-01-12,Dhamtari,Common,2240
2022-01-13,Dhamtari,Common,2267
2022-01-14,Dhamtari,Common,2287
2022-01-15,Dhamtari,Common,2265
2022-01-16,Dhamtari,Common,2274
2022-01-17,Dhamtari,Common,2261
2022-01-18,Dhamtari,Common,2235
2022-01-19,Dhamtari,Common,2240
2022-01-20,Dhamtari,Common,2233
2022-01-21,Dhamtari,Common,2236
2022-01-22,Dhamtari,Common,2235
2022-01-23,Dhamtari,Common,2210
2022-01-24,Dhamtari,Common,2178
2022-01-25,Dhamtari,Common,2166
2022-01-26,Dhamtari,Common,2169
2022-01-27,Dhamtari,Common,2156
2022-01-28,Dhamtari,Common,2180
2022-01-29,Dhamtari,Common,2166
2022-01-30,Dhamtari,Common,2163
2022-01-31,Dhamtari,Common,2154
2022-02-01,Dhamtari,Common,2180
2022-02-02,Dhamtari,Common,2171
2022-02-03,Dhamtari,Common,2178
2022-02-04,Dhamtari,Common,2168
2022-02-05,Dhamtari,Common,2171
2022-02-06,Dhamtari,Common,2168
2022-02-07,Dhamtari,Common,2157
2022-02-08,Dhamtari,Common,2137
2022-02-09,Dhamtari,Common,2161
2022-02-10,Dhamtari,Common,2163
2022-02-11,Dhamtari,Common,2145
2022-02-12,Dhamtari,Common,2134
2022-02-13,Dhamtari,Common,2134
2022-02-14,Dhamtari,Common,2165
2022-02-15,Dhamtari,Common,2175
2022-02-16,Dhamtari,Common,2175
2022-02-17,Dhamtari,Common,2182
2022-02-18,Dhamtari,Common,2170
2022-02-19,Dhamtari,Common,2163
2022-02-20,Dhamtari,Common,2130
2022-02-21,Dhamtari,Common,2130
2022-02-22,Dhamtari,Common,2160
2022-02-23,Dhamtari,Common,2156
2022-02-24,Dhamtari,Common,2141
2022-02-25,Dhamtari,Common,2141
2022-02-26,Dhamtari,Common,2155
2022-02-27,Dhamtari,Common,2153
2022-02-28,Dhamtari,Common,2163
2022-03-01,Dhamtari,Common,2182
2022-03-02,Dhamtari,Common,2169
2022-03-03,Dhamtari,Common,2177
2022-03-04,Dhamtari,Common,2158
2022-03-05,Dhamtari,Common,2150
2022-03-06,Dhamtari,Common,2147
2022-03-07,Dhamtari,Common,2156
2022-03-08,Dhamtari,Common,2118
2022-03-09,Dhamtari,Common,2132
2022-03-10,Dhamtari,Common,2148
2022-03-11,Dhamtari,Common,2175
2022-03-12,Dhamtari,Common,2167
2022-03-13,Dhamtari,Common,2196
2022-03-14,Dhamtari,Common,2179
2022-03-15,Dhamtari,Common,2177
2022-03-16,Dhamtari,Common,2164
2022-03-17,Dhamtari,Common,2159
2022-03-18,Dhamtari,Common,2173
2022-03-19,Dhamtari,Common,2184
2022-03-20,Dhamtari,Common,2203
2022-03-21,Dhamtari,Common,2182
2022-03-22,Dhamtari,Common,2190
2022-03-23,Dhamtari,Common,2191
2022-03-24,Dhamtari,Common,2171
2022-03-25,Dhamtari,Common,2156
2022-03-26,Dhamtari,Common,2148
2022-03-27,Dhamtari,Common,2161
2022-03-28,Dhamtari,Common,2188
2022-03-29,Dhamtari,Common,2197
2022-03-30,Dhamtari,Common,2188
2022-03-31,Dhamtari,Common,2192
2022-04-01,Dhamtari,Common,2205
2022-04-02,Dhamtari,Common,2194
2022-04-03,Dhamtari,Common,2186
2022-04-04,Dhamtari,Common,2178
2022-04-05,Dhamtari,Common,2153
2022-04-06,Dhamtari,Common,2144
2022-04-07,Dhamtari,Common,2145
2022-04-08,Dhamtari,Common,2159
2022-04-09,Dhamtari,Common,2156
2022-04-10,Dhamtari,Common,2136
2022-04-11,Dhamtari,Common,2116
2022-04-12,Dhamtari,Common,2118
2022-04-13,Dhamtari,Common,2106
2022-04-14,Dhamtari,Common,2088
2022-04-15,Dhamtari,Common,2090
2022-04-16,Dhamtari,Common,2103
2022-04-17,Dhamtari,Common,2103
2022-04-18,Dhamtari,Common,2107
2022-04-19,Dhamtari,Common,2105
2022-04-20,Dhamtari,Common,2122
2022-04-21,Dhamtari,Common,2133
2022-04-22,Dhamtari,Common,2122
2022-04-23,Dhamtari,Common,2128
2022-04-24,Dhamtari,Common,2119
2022-04-25,Dhamtari,Common,2089
2022-04-26,Dhamtari,Common,2105
2022-04-27,Dhamtari,Common,2088
2022-04-28,Dhamtari,Common,2085
2022-04-29,Dhamtari,Common,2091
2022-04-30,Dhamtari,Common,2087
2022-05-01,Dhamtari,Common,2050
2022-05-02,Dhamtari,Common,2050
2022-05-03,Dhamtari,Common,2065
2022-05-04,Dhamtari,Common,2068
2022-05-05,Dhamtari,Common,2072
2022-05-06,Dhamtari,Common,2081
2022-05-07,Dhamtari,Common,2057
2022-05-08,Dhamtari,Common,2058
2022-05-09,Dhamtari,Common,2063
2022-05-10,Dhamtari,Common,2030
2022-05-11,Dhamtari,Common,2028
2022-05-12,Dhamtari,Common,2000
2022-05-13,Dhamtari,Common,1980
2022-05-14,Dhamtari,Common,1981
2022-05-15,Dhamtari,Common,1964
2022-05-16,Dhamtari,Common,2012
2022-05-17,Dhamtari,Common,2007
2022-05-18,Dhamtari,Common,2008
2022-05-19,Dhamtari,Common,2031
2022-05-20,Dhamtari,Common,2020
2022-05-21,Dhamtari,Common,2021
2022-05-22,Dhamtari,Common,2031
2022-05-23,Dhamtari,Common,2069
2022-05-24,Dhamtari,Common,2059
2022-05-25,Dhamtari,Common,2090
2022-05-26,Dhamtari,Common,2073
2022-05-27,Dhamtari,Common,2064
2022-05-28,Dhamtari,Common,2055
2022-05-29,Dhamtari,Common,2057
2022-05-30,Dhamtari,Common,2072
2022-05-31,Dhamtari,Common,2061
2022-06-01,Dhamtari,Common,2065
2022-06-02,Dhamtari,Common,2062
2022-06-03,Dhamtari,Common,2057
2022-06-04,Dhamtari,Common,2066
2022-06-05,Dhamtari,Common,2060
2022-06-06,Dhamtari,Common,2060
2022-06-07,Dhamtari,Common,2058
2022-06-08,Dhamtari,Common,2058
2022-06-09,Dhamtari,Common,2042
2022-06-10,Dhamtari,Common,2053
2022-06-11,Dhamtari,Common,2075
2022-06-12,Dhamtari,Common,2111
2022-06-13,Dhamtari,Common,2102
2022-06-14,Dhamtari,Common,2082
2022-06-15,Dhamtari,Common,2055
2022-06-16,Dhamtari,Common,2041
2022-06-17,Dhamtari,Common,2044
2022-06-18,Dhamtari,Common,2033
2022-06-19,Dhamtari,Common,2050
2022-06-20,Dhamtari,Common,2040
2022-06-21,Dhamtari,Common,2026
2022-06-22,Dhamtari,Common,2022
2022-06-23,Dhamtari,Common,2019
2022-06-24,Dhamtari,Common,2026
2022-06-25,Dhamtari,Common,2036
2022-06-26,Dhamtari,Common,2025
2022-06-27,Dhamtari,Common,2011
2022-06-28,Dhamtari,Common,2003
2022-06-29,Dhamtari,Common,1990
2022-06-30,Dhamtari,Common,1985
2022-07-01,Dhamtari,Common,1978
2022-07-02,Dhamtari,Common,2018
2022-07-03,Dhamtari,Common,1988
2022-07-04,Dhamtari,Common,1971
2022-07-05,Dhamtari,Common,1998
2022-07-06,Dhamtari,Common,2015
2022-07-07,Dhamtari,Common,2028
2022-07-08,Dhamtari,Common,2016
2022-07-09,Dhamtari,Common,2018
2022-07-10,Dhamtari,Common,2011
2022-07-11,Dhamtari,Common,2010
2022-07-12,Dhamtari,Common,1999
2022-07-13,Dhamtari,Common,2019
2022-07-14,Dhamtari,Common,2005
2022-07-15,Dhamtari,Common,2046
2022-07-16,Dhamtari,Common,2034
2022-07-17,Dhamtari,Common,2030
2022-07-18,Dhamtari,Common,2063
2022-07-19,Dhamtari,Common,2056
2022-07-20,Dhamtari,Common,2032
2022-07-21,Dhamtari,Common,2060
2022-07-22,Dhamtari,Common,2106
2022-07-23,Dhamtari,Common,2093
2022-07-24,Dhamtari,Common,2075
2022-07-25,Dhamtari,Common,2081
2022-07-26,Dhamtari,Common,2093
2022-07-27,Dhamtari,Common,2075
2022-07-28,Dhamtari,Common,2084
2022-07-29,Dhamtari,Common,2084
2022-07-30,Dhamtari,Common,2051
2022-07-31,Dhamtari,Common,2068
2022-08-01,Dhamtari,Common,2055
2022-08-02,Dhamtari,Common,2102
2022-08-03,Dhamtari,Common,2091
2022-08-04,Dhamtari,Common,2117
2022-08-05,Dhamtari,Common,2088
2022-08-06,Dhamtari,Common,2067
2022-08-07,Dhamtari,Common,2070
2022-08-08,Dhamtari,Common,2074
2022-08-09,Dhamtari,Common,2039
2022-08-10,Dhamtari,Common,2023
2022-08-11,Dhamtari,Common,2049
2022-08-12,Dhamtari,Common,2041
2022-08-13,Dhamtari,Common,2042
2022-08-14,Dhamtari,Common,2050
2022-08-15,Dhamtari,Common,2071
2022-08-16,Dhamtari,Common,2075
2022-08-17,Dhamtari,Common,2111
2022-08-18,Dhamtari,Common,2130
2022-08-19,Dhamtari,Common,2156
2022-08-20,Dhamtari,Common,2145
2022-08-21,Dhamtari,Common,2150
2022-08-22,Dhamtari,Common,2133
2022-08-23,Dhamtari,Common,2114
2022-08-24,Dhamtari,Common,2121
2022-08-25,Dhamtari,Common,2092
2022-08-26,Dhamtari,Common,2079
2022-08-27,Dhamtari,Common,2086
2022-08-28,Dhamtari,Common,2114
2022-08-29,Dhamtari,Common,2120
2022-08-30,Dhamtari,Common,2118
2022-08-31,Dhamtari,Common,2111
2022-09-01,Dhamtari,Common,2142
2022-09-02,Dhamtari,Common,2147
2022-09-03,Dhamtari,Common,2147
2022-09-04,Dhamtari,Common,2157
2022-09-05,Dhamtari,Common,2137
2022-09-06,Dhamtari,Common,2149
2022-09-07,Dhamtari,Common,2148
2022-09-08,Dhamtari,Common,2150
2022-09-09,Dhamtari,Common,2155
2022-09-10,Dhamtari,Common,2149
2022-09-11,Dhamtari,Common,2183
2022-09-12,Dhamtari,Common,2184
2022-09-13,Dhamtari,Common,2174
2022-09-14,Dhamtari,Common,2176
2022-09-15,Dhamtari,Common,2187
2022-09-16,Dhamtari,Common,2170
2022-09-17,Dhamtari,Common,2187
2022-09-18,Dhamtari,Common,2151
2022-09-19,Dhamtari,Common,2150
2022-09-20,Dhamtari,Common,2129
2022-09-21,Dhamtari,Common,2138
2022-09-22,Dhamtari,Common,2140
2022-09-23,Dhamtari,Common,2162
2022-09-24,Dhamtari,Common,2151
2022-09-25,Dhamtari,Common,2126
2022-09-26,Dhamtari,Common,2135
2022-09-27,Dhamtari,Common,2124
2022-09-28,Dhamtari,Common,2132
2022-09-29,Dhamtari,Common,2115
2022-09-30,Dhamtari,Common,2101
2022-10-01,Dhamtari,Common,2104
2022-10-02,Dhamtari,Common,2092
2022-10-03,Dhamtari,Common,2104
2022-10-04,Dhamtari,Common,2109
2022-10-05,Dhamtari,Common,2142
2022-10-06,Dhamtari,Common,2143
2022-10-07,Dhamtari,Common,2137
2022-10-08,Dhamtari,Common,2138
2022-10-09,Dhamtari,Common,2170
2022-10-10,Dhamtari,Common,2173
2022-10-11,Dhamtari,Common,2181
2022-10-12,Dhamtari,Common,2182
2022-10-13,Dhamtari,Common,2186
2022-10-14,Dhamtari,Common,2178
2022-10-15,Dhamtari,Common,2202
2022-10-16,Dhamtari,Common,2201
2022-10-17,Dhamtari,Common,2197
2022-10-18,Dhamtari,Common,2184
2022-10-19,Dhamtari,Common,2173
2022-10-20,Dhamtari,Common,2155
2022-10-21,Dhamtari,Common,2173
2022-10-22,Dhamtari,Common,2191
2022-10-23,Dhamtari,Common,2216
2022-10-24,Dhamtari,Common,2206
2022-10-25,Dhamtari,Common,2193
2022-10-26,Dhamtari,Common,2187
2022-10-27,Dhamtari,Common,2200
2022-10-28,Dhamtari,Common,2207
2022-10-29,Dhamtari,Common,2204
2022-10-30,Dhamtari,Common,2224
2022-10-31,Dhamtari,Common,2227
2022-11-01,Dhamtari,Common,2220
2022-11-02,Dhamtari,Common,2213
2022-11-03,Dhamtari,Common,2218
2022-11-04,Dhamtari,Common,2218
2022-11-05,Dhamtari,Common,2209
2022-11-06,Dhamtari,Common,2216
2022-11-07,Dhamtari,Common,2221
2022-11-08,Dhamtari,Common,2245
2022-11-09,Dhamtari,Common,2248
2022-11-10,Dhamtari,Common,2253
2022-11-11,Dhamtari,Common,2253
2022-11-12,Dhamtari,Common,2250
2022-11-13,Dhamtari,Common,2235
2022-11-14,Dhamtari,Common,2221
2022-11-15,Dhamtari,Common,2202
2022-11-16,Dhamtari,Common,2213
2022-11-17,Dhamtari,Common,2252
2022-11-18,Dhamtari,Common,2268
2022-11-19,Dhamtari,Common,2282
2022-11-20,Dhamtari,Common,2309
2022-11-21,Dhamtari,Common,2295
2022-11-22,Dhamtari,Common,2324
2022-11-23,Dhamtari,Common,2312
2022-11-24,Dhamtari,Common,2307
2022-11-25,Dhamtari,Common,2320
2022-11-26,Dhamtari,Common,2305
2022-11-27,Dhamtari,Common,2319
2022-11-28,Dhamtari,Common,2300
2022-11-29,Dhamtari,Common,2283
2022-11-30,Dhamtari,Common,2301
2022-12-01,Dhamtari,Common,2294
2022-12-02,Dhamtari,Common,2297
2022-12-03,Dhamtari,Common,2292
2022-12-04,Dhamtari,Common,2301
2022-12-05,Dhamtari,Common,2324
2022-12-06,Dhamtari,Common,2309
2022-12-07,Dhamtari,Common,2283
2022-12-08,Dhamtari,Common,2250
2022-12-09,Dhamtari,Common,2260
2022-12-10,Dhamtari,Common,2268
2022-12-11,Dhamtari,Common,2265
2022-12-12,Dhamtari,Common,2254
2022-12-13,Dhamtari,Common,2235
2022-12-14,Dhamtari,Common,2251
2022-12-15,Dhamtari,Common,2238
2022-12-16,Dhamtari,Common,2230
2022-12-17,Dhamtari,Common,2230
2022-12-18,Dhamtari,Common,2221
2022-12-19,Dhamtari,Common,2242
2022-12-20,Dhamtari,Common,2247
2022-12-21,Dhamtari,Common,2242
2022-12-22,Dhamtari,Common,2235
2022-12-23,Dhamtari,Common,2257
2022-12-24,Dhamtari,Common,2253
2022-12-25,Dhamtari,Common,2254
2022-12-26,Dhamtari,Common,2267
2022-12-27,Dhamtari,Common,2258
2022-12-28,Dhamtari,Common,2246
2022-12-29,Dhamtari,Common,2217
2022-12-30,Dhamtari,Common,2215
2022-12-31,Dhamtari,Common,2249
2023-01-01,Dhamtari,Common,2248
2023-01-02,Dhamtari,Common,2267
2023-01-03,Dhamtari,Common,2263
2023-01-04,Dhamtari,Common,2263
2023-01-05,Dhamtari,Common,2240
2023-01-06,Dhamtari,Common,2264
2023-01-07,Dhamtari,Common,2262
2023-01-08,Dhamtari,Common,2230
2023-01-09,Dhamtari,Common,2235
2023-01-10,Dhamtari,Common,2218
2023-01-11,Dhamtari,Common,2168
2023-01-12,Dhamtari,Common,2190
2023-01-13,Dhamtari,Common,2158
2023-01-14,Dhamtari,Common,2179
2023-01-15,Dhamtari,Common,2196
2023-01-16,Dhamtari,Common,2177
2023-01-17,Dhamtari,Common,2184
2023-01-18,Dhamtari,Common,2220
2023-01-19,Dhamtari,Common,2218
2023-01-20,Dhamtari,Common,2215
2023-01-21,Dhamtari,Common,2242
2023-01-22,Dhamtari,Common,2214
2023-01-23,Dhamtari,Common,2223
2023-01-24,Dhamtari,Common,2221
2023-01-25,Dhamtari,Common,2204
2023-01-26,Dhamtari,Common,2203
2023-01-27,Dhamtari,Common,2191
2023-01-28,Dhamtari,Common,2204
2023-01-29,Dhamtari,Common,2179
2023-01-30,Dhamtari,Common,2189
2023-01-31,Dhamtari,Common,2204
2023-02-01,Dhamtari,Common,2194
2023-02-02,Dhamtari,Common,2212
2023-02-03,Dhamtari,Common,2192
2023-02-04,Dhamtari,Common,2193
2023-02-05,Dhamtari,Common,2187
2023-02-06,Dhamtari,Common,2186
2023-02-07,Dhamtari,Common,2201
2023-02-08,Dhamtari,Common,2194
2023-02-09,Dhamtari,Common,2207
2023-02-10,Dhamtari,Common,2182
2023-02-11,Dhamtari,Common,2191
2023-02-12,Dhamtari,Common,2207
2023-02-13,Dhamtari,Common,2190
2023-02-14,Dhamtari,Common,2190
2023-02-15,Dhamtari,Common,2174
2023-02-16,Dhamtari,Common,2143
2023-02-17,Dhamtari,Common,2136
2023-02-18,Dhamtari,Common,2140
2023-02-19,Dhamtari,Common,2144
2023-02-20,Dhamtari,Common,2149
2023-02-21,Dhamtari,Common,2173
2023-02-22,Dhamtari,Common,2213
2023-02-23,Dhamtari,Common,2219
2023-02-24,Dhamtari,Common,2214
2023-02-25,Dhamtari,Common,2236
2023-02-26,Dhamtari,Common,2242
2023-02-27,Dhamtari,Common,2230
2023-02-28,Dhamtari,Common,2258
2023-03-01,Dhamtari,Common,2236
2023-03-02,Dhamtari,Common,2244
2023-03-03,Dhamtari,Common,2258
2023-03-04,Dhamtari,Common,2253
2023-03-05,Dhamtari,Common,2271
2023-03-06,Dhamtari,Common,2255
2023-03-07,Dhamtari,Common,2248
2023-03-08,Dhamtari,Common,2231
2023-03-09,Dhamtari,Common,2231
2023-03-10,Dhamtari,Common,2232
2023-03-11,Dhamtari,Common,2214
2023-03-12,Dhamtari,Common,2202
2023-03-13,Dhamtari,Common,2195
2023-03-14,Dhamtari,Common,2197
2023-03-15,Dhamtari,Common,2203
2023-03-16,Dhamtari,Common,2203
2023-03-17,Dhamtari,Common,2194
2023-03-18,Dhamtari,Common,2195
2023-03-19,Dhamtari,Common,2172
2023-03-20,Dhamtari,Common,2184
2023-03-21,Dhamtari,Common,2181
2023-03-22,Dhamtari,Common,2189
2023-03-23,Dhamtari,Common,2180
2023-03-24,Dhamtari,Common,2159
2023-03-25,Dhamtari,Common,2145
2023-03-26,Dhamtari,Common,2150
2023-03-27,Dhamtari,Common,2179
2023-03-28,Dhamtari,Common,2168
2023-03-29,Dhamtari,Common,2162
2023-03-30,Dhamtari,Common,2149
2023-03-31,Dhamtari,Common,2142
2023-04-01,Dhamtari,Common,2145
2023-04-02,Dhamtari,Common,2127
2023-04-03,Dhamtari,Common,2141
2023-04-04,Dhamtari,Common,2115
2023-04-05,Dhamtari,Common,2104
2023-04-06,Dhamtari,Common,2119
2023-04-07,Dhamtari,Common,2126
2023-04-08,Dhamtari,Common,2132
2023-04-09,Dhamtari,Common,2127
2023-04-10,Dhamtari,Common,2096
2023-04-11,Dhamtari,Common,2082
2023-04-12,Dhamtari,Common,2085
2023-04-13,Dhamtari,Common,2081
2023-04-14,Dhamtari,Common,2063
2023-04-15,Dhamtari,Common,2083
2023-04-16,Dhamtari,Common,2083
2023-04-17,Dhamtari,Common,2064
2023-04-18,Dhamtari,Common,2094
2023-04-19,Dhamtari,Common,2086
2023-04-20,Dhamtari,Common,2100
2023-04-21,Dhamtari,Common,2112
2023-04-22,Dhamtari,Common,2099
2023-04-23,Dhamtari,Common,2080
2023-04-24,Dhamtari,Common,2072
2023-04-25,Dhamtari,Common,2088
2023-04-26,Dhamtari,Common,2098
2023-04-27,Dhamtari,Common,2115
2023-04-28,Dhamtari,Common,2133
2023-04-29,Dhamtari,Common,2129
2023-04-30,Dhamtari,Common,2139
2023-05-01,Dhamtari,Common,2145
2023-05-02,Dhamtari,Common,2125
2023-05-03,Dhamtari,Common,2122
2023-05-04,Dhamtari,Common,2123
2023-05-05,Dhamtari,Common,2136
2023-05-06,Dhamtari,Common,2160
2023-05-07,Dhamtari,Common,2144
2023-05-08,Dhamtari,Common,2120
2023-05-09,Dhamtari,Common,2088
2023-05-10,Dhamtari,Common,2081
2023-05-11,Dhamtari,Common,2109
2023-05-12,Dhamtari,Common,2090
2023-05-13,Dhamtari,Common,2074
2023-05-14,Dhamtari,Common,2072
2023-05-15,Dhamtari,Common,2046
2023-05-16,Dhamtari,Common,2056
2023-05-17,Dhamtari,Common,2037
2023-05-18,Dhamtari,Common,2039
2023-05-19,Dhamtari,Common,2018
2023-05-20,Dhamtari,Common,2028
2023-05-21,Dhamtari,Common,2009
2023-05-22,Dhamtari,Common,2004
2023-05-23,Dhamtari,Common,1985
2023-05-24,Dhamtari,Common,1971
2023-05-25,Dhamtari,Common,1978
2023-05-26,Dhamtari,Common,2006
2023-05-27,Dhamtari,Common,2023
2023-05-28,Dhamtari,Common,2022
2023-05-29,Dhamtari,Common,2006
2023-05-30,Dhamtari,Common,2008
2023-05-31,Dhamtari,Common,2016
2023-06-01,Dhamtari,Common,1998
2023-06-02,Dhamtari,Common,2018
2023-06-03,Dhamtari,Common,2024
2023-06-04,Dhamtari,Common,2018
2023-06-05,Dhamtari,Common,2040
2023-06-06,Dhamtari,Common,2052
2023-06-07,Dhamtari,Common,2026
2023-06-08,Dhamtari,Common,2005
2023-06-09,Dhamtari,Common,2011
2023-06-10,Dhamtari,Common,2009
2023-06-11,Dhamtari,Common,2006
2023-06-12,Dhamtari,Common,2009
2023-06-13,Dhamtari,Common,2010
2023-06-14,Dhamtari,Common,1995
2023-06-15,Dhamtari,Common,2012
2023-06-16,Dhamtari,Common,2034
2023-06-17,Dhamtari,Common,2025
2023-06-18,Dhamtari,Common,1998
2023-06-19,Dhamtari,Common,2006
2023-06-20,Dhamtari,Common,1978
2023-06-21,Dhamtari,Common,1970
2023-06-22,Dhamtari,Common,1998
2023-06-23,Dhamtari,Common,1990
2023-06-24,Dhamtari,Common,2003
2023-06-25,Dhamtari,Common,2028
2023-06-26,Dhamtari,Common,2013
2023-06-27,Dhamtari,Common,2003
2023-06-28,Dhamtari,Common,2010
2023-06-29,Dhamtari,Common,2018
2023-06-30,Dhamtari,Common,2027
2023-07-01,Dhamtari,Common,2002
2023-07-02,Dhamtari,Common,1974
2023-07-03,Dhamtari,Common,1976
2023-07-04,Dhamtari,Common,1974
2023-07-05,Dhamtari,Common,2012
2023-07-06,Dhamtari,Common,2036
2023-07-07,Dhamtari,Common,2057
2023-07-08,Dhamtari,Common,2038
2023-07-09,Dhamtari,Common,2001
2023-07-10,Dhamtari,Common,2019
2023-07-11,Dhamtari,Common,2018
2023-07-12,Dhamtari,Common,2018
2023-07-13,Dhamtari,Common,2019
2023-07-14,Dhamtari,Common,2014
2023-07-15,Dhamtari,Common,2018
2023-07-16,Dhamtari,Common,2019
2023-07-17,Dhamtari,Common,2044
2023-07-18,Dhamtari,Common,2046
2023-07-19,Dhamtari,Common,2081
2023-07-20,Dhamtari,Common,2097
2023-07-21,Dhamtari,Common,2114
2023-07-22,Dhamtari,Common,2122
2023-07-23,Dhamtari,Common,2128
2023-07-24,Dhamtari,Common,2117
2023-07-25,Dhamtari,Common,2119
2023-07-26,Dhamtari,Common,2100
2023-07-27,Dhamtari,Common,2081
2023-07-28,Dhamtari,Common,2073
2023-07-29,Dhamtari,Common,2059
2023-07-30,Dhamtari,Common,2045
2023-07-31,Dhamtari,Common,2038
2023-08-01,Dhamtari,Common,2050
2023-08-02,Dhamtari,Common,2058
2023-08-03,Dhamtari,Common,2079
2023-08-04,Dhamtari,Common,2087
2023-08-05,Dhamtari,Common,2084
2023-08-06,Dhamtari,Common,2071
2023-08-07,Dhamtari,Common,2042
2023-08-08,Dhamtari,Common,2045
2023-08-09,Dhamtari,Common,2050
2023-08-10,Dhamtari,Common,2052
2023-08-11,Dhamtari,Common,2081
2023-08-12,Dhamtari,Common,2075
2023-08-13,Dhamtari,Common,2121
2023-08-14,Dhamtari,Common,2081
2023-08-15,Dhamtari,Common,2095
2023-08-16,Dhamtari,Common,2079
2023-08-17,Dhamtari,Common,2081
2023-08-18,Dhamtari,Common,2075
2023-08-19,Dhamtari,Common,2071
2023-08-20,Dhamtari,Common,2075
2023-08-21,Dhamtari,Common,2105
2023-08-22,Dhamtari,Common,2101
2023-08-23,Dhamtari,Common,2149
2023-08-24,Dhamtari,Common,2163
2023-08-25,Dhamtari,Common,2154
2023-08-26,Dhamtari,Common,2138
2023-08-27,Dhamtari,Common,2142
2023-08-28,Dhamtari,Common,2162
2023-08-29,Dhamtari,Common,2146
2023-08-30,Dhamtari,Common,2149
2023-08-31,Dhamtari,Common,2180
2023-09-01,Dhamtari,Common,2179
2023-09-02,Dhamtari,Common,2144
2023-09-03,Dhamtari,Common,2150
2023-09-04,Dhamtari,Common,2170
2023-09-05,Dhamtari,Common,2191
2023-09-06,Dhamtari,Common,2180
2023-09-07,Dhamtari,Common,2151
2023-09-08,Dhamtari,Common,2142
2023-09-09,Dhamtari,Common,2142
2023-09-10,Dhamtari,Common,2134
2023-09-11,Dhamtari,Common,2163
2023-09-12,Dhamtari,Common,2173
2023-09-13,Dhamtari,Common,2162
2023-09-14,Dhamtari,Common,2201
2023-09-15,Dhamtari,Common,2185
2023-09-16,Dhamtari,Common,2179
2023-09-17,Dhamtari,Common,2199
2023-09-18,Dhamtari,Common,2200
2023-09-19,Dhamtari,Common,2196
2023-09-20,Dhamtari,Common,2217
2023-09-21,Dhamtari,Common,2225
2023-09-22,Dhamtari,Common,2206
2023-09-23,Dhamtari,Common,2218
2023-09-24,Dhamtari,Common,2239
2023-09-25,Dhamtari,Common,2258
2023-09-26,Dhamtari,Common,2259
2023-09-27,Dhamtari,Common,2249
2023-09-28,Dhamtari,Common,2212
2023-09-29,Dhamtari,Common,2234
2023-09-30,Dhamtari,Common,2233
2023-10-01,Dhamtari,Common,2204
2023-10-02,Dhamtari,Common,2201
2023-10-03,Dhamtari,Common,2178
2023-10-04,Dhamtari,Common,2162
2023-10-05,Dhamtari,Common,2167
2023-10-06,Dhamtari,Common,2167
2023-10-07,Dhamtari,Common,2167
2023-10-08,Dhamtari,Common,2178
2023-10-09,Dhamtari,Common,2171
2023-10-10,Dhamtari,Common,2174
2023-10-11,Dhamtari,Common,2173
2023-10-12,Dhamtari,Common,2207
2023-10-13,Dhamtari,Common,2215
2023-10-14,Dhamtari,Common,2215
2023-10-15,Dhamtari,Common,2198
2023-10-16,Dhamtari,Common,2190
2023-10-17,Dhamtari,Common,2193
2023-10-18,Dhamtari,Common,2229
2023-10-19,Dhamtari,Common,2211
2023-10-20,Dhamtari,Common,2211
2023-10-21,Dhamtari,Common,2225
2023-10-22,Dhamtari,Common,2198
2023-10-23,Dhamtari,Common,2165
2023-10-24,Dhamtari,Common,2156
2023-10-25,Dhamtari,Common,2185
2023-10-26,Dhamtari,Common,2158
2023-10-27,Dhamtari,Common,2196
2023-10-28,Dhamtari,Common,2199
2023-10-29,Dhamtari,Common,2197
2023-10-30,Dhamtari,Common,2209
2023-10-31,Dhamtari,Common,2182
2023-11-01,Dhamtari,Common,2178
2023-11-02,Dhamtari,Common,2194
2023-11-03,Dhamtari,Common,2206
2023-11-04,Dhamtari,Common,2233
2023-11-05,Dhamtari,Common,2237
2023-11-06,Dhamtari,Common,2248
2023-11-07,Dhamtari,Common,2271
2023-11-08,Dhamtari,Common,2281
2023-11-09,Dhamtari,Common,2292
2023-11-10,Dhamtari,Common,2279
2023-11-11,Dhamtari,Common,2264
2023-11-12,Dhamtari,Common,2295
2023-11-13,Dhamtari,Common,2323
2023-11-14,Dhamtari,Common,2334
2023-11-15,Dhamtari,Common,2329
2023-11-16,Dhamtari,Common,2335
2023-11-17,Dhamtari,Common,2340
2023-11-18,Dhamtari,Common,2317
2023-11-19,Dhamtari,Common,2314
2023-11-20,Dhamtari,Common,2330
2023-11-21,Dhamtari,Common,2315
2023-11-22,Dhamtari,Common,2323
2023-11-23,Dhamtari,Common,2328
2023-11-24,Dhamtari,Common,2308
2023-11-25,Dhamtari,Common,2314
2023-11-26,Dhamtari,Common,2297
2023-11-27,Dhamtari,Common,2324
2023-11-28,Dhamtari,Common,2329
2023-11-29,Dhamtari,Common,2325
2023-11-30,Dhamtari,Common,2332
2023-12-01,Dhamtari,Common,2329
2023-12-02,Dhamtari,Common,2338
2023-12-03,Dhamtari,Common,2325
2023-12-04,Dhamtari,Common,2332
2023-12-05,Dhamtari,Common,2340
2023-12-06,Dhamtari,Common,2337
2023-12-07,Dhamtari,Common,2349
2023-12-08,Dhamtari,Common,2329
2023-12-09,Dhamtari,Common,2363
2023-12-10,Dhamtari,Common,2362
2023-12-11,Dhamtari,Common,2369
2023-12-12,Dhamtari,Common,2342
2023-12-13,Dhamtari,Common,2316
2023-12-14,Dhamtari,Common,2312
2023-12-15,Dhamtari,Common,2311
2023-12-16,Dhamtari,Common,2304
2023-12-17,Dhamtari,Common,2290
2023-12-18,Dhamtari,Common,2281
2023-12-19,Dhamtari,Common,2295
2023-12-20,Dhamtari,Common,2294
2023-12-21,Dhamtari,Common,2270
2023-12-22,Dhamtari,Common,2262
2023-12-23,Dhamtari,Common,2273
2023-12-24,Dhamtari,Common,2285
2023-12-25,Dhamtari,Common,2307
2023-12-26,Dhamtari,Common,2296
2023-12-27,Dhamtari,Common,2283
2023-12-28,Dhamtari,Common,2307
2023-12-29,Dhamtari,Common,2315
2023-12-30,Dhamtari,Common,2326
2023-12-31,Dhamtari,Common,2322
2024-01-01,Dhamtari,Common,2312
2024-01-02,Dhamtari,Common,2289
2024-01-03,Dhamtari,Common,2296
2024-01-04,Dhamtari,Common,2294
2024-01-05,Dhamtari,Common,2293
2024-01-06,Dhamtari,Common,2275
2024-01-07,Dhamtari,Common,2257
2024-01-08,Dhamtari,Common,2282
2024-01-09,Dhamtari,Common,2274
2024-01-10,Dhamtari,Common,2269
2024-01-11,Dhamtari,Common,2279
2024-01-12,Dhamtari,Common,2290
2024-01-13,Dhamtari,Common,2281
2024-01-14,Dhamtari,Common,2284
2024-01-15,Dhamtari,Common,2302
2024-01-16,Dhamtari,Common,2312
2024-01-17,Dhamtari,Common,2329
2024-01-18,Dhamtari,Common,2353
2024-01-19,Dhamtari,Common,2323
2024-01-20,Dhamtari,Common,2328
2024-01-21,Dhamtari,Common,2361
2024-01-22,Dhamtari,Common,2364
2024-01-23,Dhamtari,Common,2378
2024-01-24,Dhamtari,Common,2387
2024-01-25,Dhamtari,Common,2369
2024-01-26,Dhamtari,Common,2387
2024-01-27,Dhamtari,Common,2345
2024-01-28,Dhamtari,Common,2331
2024-01-29,Dhamtari,Common,2341
2024-01-30,Dhamtari,Common,2336
2024-01-31,Dhamtari,Common,2363
2024-02-01,Dhamtari,Common,2325
2024-02-02,Dhamtari,Common,2281
2024-02-03,Dhamtari,Common,2259
2024-02-04,Dhamtari,Common,2273
2024-02-05,Dhamtari,Common,2239
2024-02-06,Dhamtari,Common,2224
2024-02-07,Dhamtari,Common,2228
2024-02-08,Dhamtari,Common,2240
2024-02-09,Dhamtari,Common,2247
2024-02-10,Dhamtari,Common,2223
2024-02-11,Dhamtari,Common,2235
2024-02-12,Dhamtari,Common,2244
2024-02-13,Dhamtari,Common,2222
2024-02-14,Dhamtari,Common,2231
2024-02-15,Dhamtari,Common,2210
2024-02-16,Dhamtari,Common,2209
2024-02-17,Dhamtari,Common,2196
2024-02-18,Dhamtari,Common,2209
2024-02-19,Dhamtari,Common,2208
2024-02-20,Dhamtari,Common,2202
2024-02-21,Dhamtari,Common,2201
2024-02-22,Dhamtari,Common,2215
2024-02-23,Dhamtari,Common,2234
2024-02-24,Dhamtari,Common,2211
2024-02-25,Dhamtari,Common,2193
2024-02-26,Dhamtari,Common,2179
2024-02-27,Dhamtari,Common,2181
2024-02-28,Dhamtari,Common,2166
2024-02-29,Dhamtari,Common,2165
2024-03-01,Dhamtari,Common,2152
2024-03-02,Dhamtari,Common,2186
2024-03-03,Dhamtari,Common,2172
2024-03-04,Dhamtari,Common,2154
2024-03-05,Dhamtari,Common,2140
2024-03-06,Dhamtari,Common,2126
2024-03-07,Dhamtari,Common,2118
2024-03-08,Dhamtari,Common,2121
2024-03-09,Dhamtari,Common,2112
2024-03-10,Dhamtari,Common,2143
2024-03-11,Dhamtari,Common,2140
2024-03-12,Dhamtari,Common,2156
2024-03-13,Dhamtari,Common,2176
2024-03-14,Dhamtari,Common,2181
2024-03-15,Dhamtari,Common,2180
2024-03-16,Dhamtari,Common,2187
2024-03-17,Dhamtari,Common,2179
2024-03-18,Dhamtari,Common,2174
2024-03-19,Dhamtari,Common,2178
2024-03-20,Dhamtari,Common,2147
2024-03-21,Dhamtari,Common,2125
2024-03-22,Dhamtari,Common,2150
2024-03-23,Dhamtari,Common,2151
2024-03-24,Dhamtari,Common,2159
2024-03-25,Dhamtari,Common,2184
2024-03-26,Dhamtari,Common,2195
2024-03-27,Dhamtari,Common,2160
2024-03-28,Dhamtari,Common,2133
2024-03-29,Dhamtari,Common,2118
2024-03-30,Dhamtari,Common,2110
2024-03-31,Dhamtari,Common,2128
2024-04-01,Dhamtari,Common,2138
2024-04-02,Dhamtari,Common,2153
2024-04-03,Dhamtari,Common,2152
2024-04-04,Dhamtari,Common,2134
2024-04-05,Dhamtari,Common,2160
2024-04-06,Dhamtari,Common,2123
2024-04-07,Dhamtari,Common,2123
2024-04-08,Dhamtari,Common,2139
2024-04-09,Dhamtari,Common,2161
2024-04-10,Dhamtari,Common,2146
2024-04-11,Dhamtari,Common,2129
2024-04-12,Dhamtari,Common,2126
2024-04-13,Dhamtari,Common,2141
2024-04-14,Dhamtari,Common,2155
2024-04-15,Dhamtari,Common,2143
2024-04-16,Dhamtari,Common,2145
2024-04-17,Dhamtari,Common,2152
2024-04-18,Dhamtari,Common,2150
2024-04-19,Dhamtari,Common,2129
2024-04-20,Dhamtari,Common,2155
2024-04-21,Dhamtari,Common,2140
2024-04-22,Dhamtari,Common,2122
2024-04-23,Dhamtari,Common,2123
2024-04-24,Dhamtari,Common,2091
2024-04-25,Dhamtari,Common,2098
2024-04-26,Dhamtari,Common,2074
2024-04-27,Dhamtari,Common,2060
2024-04-28,Dhamtari,Common,2073
2024-04-29,Dhamtari,Common,2084
2024-04-30,Dhamtari,Common,2090
2024-05-01,Dhamtari,Common,2098
2024-05-02,Dhamtari,Common,2103
2024-05-03,Dhamtari,Common,2107
2024-05-04,Dhamtari,Common,2093
2024-05-05,Dhamtari,Common,2093
2024-05-06,Dhamtari,Common,2102
2024-05-07,Dhamtari,Common,2149
2024-05-08,Dhamtari,Common,2139
2024-05-09,Dhamtari,Common,2128
2024-05-10,Dhamtari,Common,2115
2024-05-11,Dhamtari,Common,2115
2024-05-12,Dhamtari,Common,2152
2024-05-13,Dhamtari,Common,2142
2024-05-14,Dhamtari,Common,2105
2024-05-15,Dhamtari,Common,2129
2024-05-16,Dhamtari,Common,2140
2024-05-17,Dhamtari,Common,2148
2024-05-18,Dhamtari,Common,2144
2024-05-19,Dhamtari,Common,2124
2024-05-20,Dhamtari,Common,2136
2024-05-21,Dhamtari,Common,2160
2024-05-22,Dhamtari,Common,2137
2024-05-23,Dhamtari,Common,2130
2024-05-24,Dhamtari,Common,2103
2024-05-25,Dhamtari,Common,2118
2024-05-26,Dhamtari,Common,2139
2024-05-27,Dhamtari,Common,2136
2024-05-28,Dhamtari,Common,2130
2024-05-29,Dhamtari,Common,2132
2024-05-30,Dhamtari,Common,2108
2024-05-31,Dhamtari,Common,2074
2024-06-01,Dhamtari,Common,2076
2024-06-02,Dhamtari,Common,2082
2024-06-03,Dhamtari,Common,2091
2024-06-04,Dhamtari,Common,2111
2024-06-05,Dhamtari,Common,2082
2024-06-06,Dhamtari,Common,2077
2024-06-07,Dhamtari,Common,2058
2024-06-08,Dhamtari,Common,2079
2024-06-09,Dhamtari,Common,2074
2024-06-10,Dhamtari,Common,2096
2024-06-11,Dhamtari,Common,2082
2024-06-12,Dhamtari,Common,2084
2024-06-13,Dhamtari,Common,2115
2024-06-14,Dhamtari,Common,2104
2024-06-15,Dhamtari,Common,2116
2024-06-16,Dhamtari,Common,2097
2024-06-17,Dhamtari,Common,2086
2024-06-18,Dhamtari,Common,2108
2024-06-19,Dhamtari,Common,2082
2024-06-20,Dhamtari,Common,2122
2024-06-21,Dhamtari,Common,2107
2024-06-22,Dhamtari,Common,2109
2024-06-23,Dhamtari,Common,2126
2024-06-24,Dhamtari,Common,2107
2024-06-25,Dhamtari,Common,2116
2024-06-26,Dhamtari,Common,2135
2024-06-27,Dhamtari,Common,2108
2024-06-28,Dhamtari,Common,2125
2024-06-29,Dhamtari,Common,2120
2024-06-30,Dhamtari,Common,2137
2024-07-01,Dhamtari,Common,2136
2024-07-02,Dhamtari,Common,2131
2024-07-03,Dhamtari,Common,2107
2024-07-04,Dhamtari,Common,2125
2024-07-05,Dhamtari,Common,2126
2024-07-06,Dhamtari,Common,2122
2024-07-07,Dhamtari,Common,2105
2024-07-08,Dhamtari,Common,2108
2024-07-09,Dhamtari,Common,2108
2024-07-10,Dhamtari,Common,2119
2024-07-11,Dhamtari,Common,2135
2024-07-12,Dhamtari,Common,2146
2024-07-13,Dhamtari,Common,2169
2024-07-14,Dhamtari,Common,2175
2024-07-15,Dhamtari,Common,2196
2024-07-16,Dhamtari,Common,2195
2024-07-17,Dhamtari,Common,2186
2024-07-18,Dhamtari,Common,2142
2024-07-19,Dhamtari,Common,2163
2024-07-20,Dhamtari,Common,2146
2024-07-21,Dhamtari,Common,2135
2024-07-22,Dhamtari,Common,2125
2024-07-23,Dhamtari,Common,2127
2024-07-24,Dhamtari,Common,2143
2024-07-25,Dhamtari,Common,2153
2024-07-26,Dhamtari,Common,2116
2024-07-27,Dhamtari,Common,2110
2024-07-28,Dhamtari,Common,2092
2024-07-29,Dhamtari,Common,2096
2024-07-30,Dhamtari,Common,2113
2024-07-31,Dhamtari,Common,2126
2024-08-01,Dhamtari,Common,2152
2024-08-02,Dhamtari,Common,2141
2024-08-03,Dhamtari,Common,2132
2024-08-04,Dhamtari,Common,2135
2024-08-05,Dhamtari,Common,2131
2024-08-06,Dhamtari,Common,2150
2024-08-07,Dhamtari,Common,2156
2024-08-08,Dhamtari,Common,2159
2024-08-09,Dhamtari,Common,2152
2024-08-10,Dhamtari,Common,2150
2024-08-11,Dhamtari,Common,2156
2024-08-12,Dhamtari,Common,2157
2024-08-13,Dhamtari,Common,2183
2024-08-14,Dhamtari,Common,2180
2024-08-15,Dhamtari,Common,2223
2024-08-16,Dhamtari,Common,2209
2024-08-17,Dhamtari,Common,2220
2024-08-18,Dhamtari,Common,2219
2024-08-19,Dhamtari,Common,2220
2024-08-20,Dhamtari,Common,2215
2024-08-21,Dhamtari,Common,2207
2024-08-22,Dhamtari,Common,2220
2024-08-23,Dhamtari,Common,2209
2024-08-24,Dhamtari,Common,2219
2024-08-25,Dhamtari,Common,2217
2024-08-26,Dhamtari,Common,2232
2024-08-27,Dhamtari,Common,2218
2024-08-28,Dhamtari,Common,2232
2024-08-29,Dhamtari,Common,2238
2024-08-30,Dhamtari,Common,2239
2024-08-31,Dhamtari,Common,2232
2024-09-01,Dhamtari,Common,2249
2024-09-02,Dhamtari,Common,2258
2024-09-03,Dhamtari,Common,2249
2024-09-04,Dhamtari,Common,2226
2024-09-05,Dhamtari,Common,2196
2024-09-06,Dhamtari,Common,2200
2024-09-07,Dhamtari,Common,2204
2024-09-08,Dhamtari,Common,2215
2024-09-09,Dhamtari,Common,2215
2024-09-10,Dhamtari,Common,2230
2024-09-11,Dhamtari,Common,2233
2024-09-12,Dhamtari,Common,2230
2024-09-13,Dhamtari,Common,2217
2024-09-14,Dhamtari,Common,2202
2024-09-15,Dhamtari,Common,2180
2024-09-16,Dhamtari,Common,2148
2024-09-17,Dhamtari,Common,2141
2024-09-18,Dhamtari,Common,2156
2024-09-19,Dhamtari,Common,2172
2024-09-20,Dhamtari,Common,2182
2024-09-21,Dhamtari,Common,2169
2024-09-22,Dhamtari,Common,2191
2024-09-23,Dhamtari,Common,2211
2024-09-24,Dhamtari,Common,2237
2024-09-25,Dhamtari,Common,2215
2024-09-26,Dhamtari,Common,2229
2024-09-27,Dhamtari,Common,2266
2024-09-28,Dhamtari,Common,2253
2024-09-29,Dhamtari,Common,2261
2024-09-30,Dhamtari,Common,2284
2024-10-01,Dhamtari,Common,2256
2024-10-02,Dhamtari,Common,2242
2024-10-03,Dhamtari,Common,2245
2024-10-04,Dhamtari,Common,2261
2024-10-05,Dhamtari,Common,2272
2024-10-06,Dhamtari,Common,2245
2024-10-07,Dhamtari,Common,2213
2024-10-08,Dhamtari,Common,2223
2024-10-09,Dhamtari,Common,2238
2024-10-10,Dhamtari,Common,2260
2024-10-11,Dhamtari,Common,2280
2024-10-12,Dhamtari,Common,2262
2024-10-13,Dhamtari,Common,2262
2024-10-14,Dhamtari,Common,2256
2024-10-15,Dhamtari,Common,2251
2024-10-16,Dhamtari,Common,2243
2024-10-17,Dhamtari,Common,2229
2024-10-18,Dhamtari,Common,2231
2024-10-19,Dhamtari,Common,2239
2024-10-20,Dhamtari,Common,2279
2024-10-21,Dhamtari,Common,2276
2024-10-22,Dhamtari,Common,2301
2024-10-23,Dhamtari,Common,2292
2024-10-24,Dhamtari,Common,2298
2024-10-25,Dhamtari,Common,2300
2024-10-26,Dhamtari,Common,2297
2024-10-27,Dhamtari,Common,2263
2024-10-28,Dhamtari,Common,2285
2024-10-29,Dhamtari,Common,2285
2024-10-30,Dhamtari,Common,2277
2024-10-31,Dhamtari,Common,2278
2024-11-01,Dhamtari,Common,2260
2024-11-02,Dhamtari,Common,2262
2024-11-03,Dhamtari,Common,2244
2024-11-04,Dhamtari,Common,2254
2024-11-05,Dhamtari,Common,2255
2024-11-06,Dhamtari,Common,2257
2024-11-07,Dhamtari,Common,2276
2024-11-08,Dhamtari,Common,2295
2024-11-09,Dhamtari,Common,2293
2024-11-10,Dhamtari,Common,2284
2024-11-11,Dhamtari,Common,2276
2024-11-12,Dhamtari,Common,2258
2024-11-13,Dhamtari,Common,2279
2024-11-14,Dhamtari,Common,2248
2024-11-15,Dhamtari,Common,2250
2024-11-16,Dhamtari,Common,2291
2024-11-17,Dhamtari,Common,2237
2024-11-18,Dhamtari,Common,2250
2024-11-19,Dhamtari,Common,2296
2024-11-20,Dhamtari,Common,2321
2024-11-21,Dhamtari,Common,2320
2024-11-22,Dhamtari,Common,2360
2024-11-23,Dhamtari,Common,2376
2024-11-24,Dhamtari,Common,2356
2024-11-25,Dhamtari,Common,2343
2024-11-26,Dhamtari,Common,2342
2024-11-27,Dhamtari,Common,2329
2024-11-28,Dhamtari,Common,2330
2024-11-29,Dhamtari,Common,2338
2024-11-30,Dhamtari,Common,2312
2024-12-01,Dhamtari,Common,2327
2024-12-02,Dhamtari,Common,2340
2024-12-03,Dhamtari,Common,2336
2024-12-04,Dhamtari,Common,2356
2024-12-05,Dhamtari,Common,2367
2024-12-06,Dhamtari,Common,2370
2024-12-07,Dhamtari,Common,2353
2024-12-08,Dhamtari,Common,2344
2024-12-09,Dhamtari,Common,2352
2024-12-10,Dhamtari,Common,2358
2024-12-11,Dhamtari,Common,2359
2024-12-12,Dhamtari,Common,2352
2024-12-13,Dhamtari,Common,2357
2024-12-14,Dhamtari,Common,2367
2024-12-15,Dhamtari,Common,2362
2024-12-16,Dhamtari,Common,2367
2024-12-17,Dhamtari,Common,2340
2024-12-18,Dhamtari,Common,2355
2024-12-19,Dhamtari,Common,2387
2024-12-20,Dhamtari,Common,2380
2024-12-21,Dhamtari,Common,2389
2024-12-22,Dhamtari,Common,2383
2024-12-23,Dhamtari,Common,2369
2024-12-24,Dhamtari,Common,2366
2024-12-25,Dhamtari,Common,2372
2024-12-26,Dhamtari,Common,2383
2024-12-27,Dhamtari,Common,2392
2024-12-28,Dhamtari,Common,2391
2024-12-29,Dhamtari,Common,2372
2024-12-30,Dhamtari,Common,2368
2024-12-31,Dhamtari,Common,2386
2025-01-01,Dhamtari,Common,2385
2025-01-02,Dhamtari,Common,2351
2025-01-03,Dhamtari,Common,2370
2025-01-04,Dhamtari,Common,2334
2025-01-05,Dhamtari,Common,2327
2025-01-06,Dhamtari,Common,2318
2025-01-07,Dhamtari,Common,2303
2025-01-08,Dhamtari,Common,2303
2025-01-09,Dhamtari,Common,2312
2025-01-10,Dhamtari,Common,2314
2025-01-11,Dhamtari,Common,2289
2025-01-12,Dhamtari,Common,2272
2025-01-13,Dhamtari,Common,2294
2025-01-14,Dhamtari,Common,2296
2025-01-15,Dhamtari,Common,2315
2025-01-16,Dhamtari,Common,2324
2025-01-17,Dhamtari,Common,2348
2025-01-18,Dhamtari,Common,2335
2025-01-19,Dhamtari,Common,2346
2025-01-20,Dhamtari,Common,2326
2025-01-21,Dhamtari,Common,2319
2025-01-22,Dhamtari,Common,2319
2025-01-23,Dhamtari,Common,2274
2025-01-24,Dhamtari,Common,2272
2025-01-25,Dhamtari,Common,2285
2025-01-26,Dhamtari,Common,2283
2025-01-27,Dhamtari,Common,2276
2025-01-28,Dhamtari,Common,2286
2025-01-29,Dhamtari,Common,2254
2025-01-30,Dhamtari,Common,2270
2025-01-31,Dhamtari,Common,2276
2025-02-01,Dhamtari,Common,2267
2025-02-02,Dhamtari,Common,2260
2025-02-03,Dhamtari,Common,2266
2025-02-04,Dhamtari,Common,2257
2025-02-05,Dhamtari,Common,2226
2025-02-06,Dhamtari,Common,2243
2025-02-07,Dhamtari,Common,2281
2025-02-08,Dhamtari,Common,2286
2025-02-09,Dhamtari,Common,2302
2025-02-10,Dhamtari,Common,2281
2025-02-11,Dhamtari,Common,2282
2025-02-12,Dhamtari,Common,2299
2025-02-13,Dhamtari,Common,2291
2025-02-14,Dhamtari,Common,2283
2025-02-15,Dhamtari,Common,2273
2025-02-16,Dhamtari,Common,2267
2025-02-17,Dhamtari,Common,2248
2025-02-18,Dhamtari,Common,2246
2025-02-19,Dhamtari,Common,2257
2025-02-20,Dhamtari,Common,2261
2025-02-21,Dhamtari,Common,2244
2025-02-22,Dhamtari,Common,2256
2025-02-23,Dhamtari,Common,2257
2025-02-24,Dhamtari,Common,2286
2025-02-25,Dhamtari,Common,2316
2025-02-26,Dhamtari,Common,2313
2025-02-27,Dhamtari,Common,2332
2025-02-28,Dhamtari,Common,2302
2025-03-01,Dhamtari,Common,2290
2025-03-02,Dhamtari,Common,2318
2025-03-03,Dhamtari,Common,2335
2025-03-04,Dhamtari,Common,2320
2025-03-05,Dhamtari,Common,2327
2025-03-06,Dhamtari,Common,2294
2025-03-07,Dhamtari,Common,2288
2025-03-08,Dhamtari,Common,2297
2025-03-09,Dhamtari,Common,2287
2025-03-10,Dhamtari,Common,2286
2025-03-11,Dhamtari,Common,2307
2025-03-12,Dhamtari,Common,2298
2025-03-13,Dhamtari,Common,2317
2025-03-14,Dhamtari,Common,2291
2025-03-15,Dhamtari,Common,2322
2025-03-16,Dhamtari,Common,2315
2025-03-17,Dhamtari,Common,2310
2025-03-18,Dhamtari,Common,2306
2025-03-19,Dhamtari,Common,2281
2025-03-20,Dhamtari,Common,2294
2025-03-21,Dhamtari,Common,2272
2025-03-22,Dhamtari,Common,2291
2025-03-23,Dhamtari,Common,2270
2025-03-24,Dhamtari,Common,2245
2025-03-25,Dhamtari,Common,2254
2025-03-26,Dhamtari,Common,2226
2025-03-27,Dhamtari,Common,2203
2025-03-28,Dhamtari,Common,2200
2025-03-29,Dhamtari,Common,2204
2025-03-30,Dhamtari,Common,2225
2025-03-31,Dhamtari,Common,2235
2025-04-01,Dhamtari,Common,2251
2025-04-02,Dhamtari,Common,2278
2025-04-03,Dhamtari,Common,2276
2025-04-04,Dhamtari,Common,2273
2025-04-05,Dhamtari,Common,2280
2025-04-06,Dhamtari,Common,2264
2025-04-07,Dhamtari,Common,2244
2025-04-08,Dhamtari,Common,2281
2025-04-09,Dhamtari,Common,2286
2025-04-10,Dhamtari,Common,2294
2025-04-11,Dhamtari,Common,2284
2025-04-12,Dhamtari,Common,2282
2025-04-13,Dhamtari,Common,2236
2025-04-14,Dhamtari,Common,2233
2025-04-15,Dhamtari,Common,2223
2025-04-16,Dhamtari,Common,2229
2025-04-17,Dhamtari,Common,2248
2025-04-18,Dhamtari,Common,2212
2025-04-19,Dhamtari,Common,2225
2025-04-20,Dhamtari,Common,2211
2025-04-21,Dhamtari,Common,2199
2025-04-22,Dhamtari,Common,2186
2025-04-23,Dhamtari,Common,2187
2025-04-24,Dhamtari,Common,2190
2025-04-25,Dhamtari,Common,2200
2025-04-26,Dhamtari,Common,2194
2025-04-27,Dhamtari,Common,2202
2025-04-28,Dhamtari,Common,2189
2025-04-29,Dhamtari,Common,2180
2025-04-30,Dhamtari,Common,2173
2025-05-01,Dhamtari,Common,2187
2025-05-02,Dhamtari,Common,2202
2025-05-03,Dhamtari,Common,2218
2025-05-04,Dhamtari,Common,2211
2025-05-05,Dhamtari,Common,2208
2025-05-06,Dhamtari,Common,2195
2025-05-07,Dhamtari,Common,2209
2025-05-08,Dhamtari,Common,2176
2025-05-09,Dhamtari,Common,2159
2025-05-10,Dhamtari,Common,2184
2025-05-11,Dhamtari,Common,2185
2025-05-12,Dhamtari,Common,2210
2025-05-13,Dhamtari,Common,2215
2025-05-14,Dhamtari,Common,2190
2025-05-15,Dhamtari,Common,2201
2025-05-16,Dhamtari,Common,2194
2025-05-17,Dhamtari,Common,2189
2025-05-18,Dhamtari,Common,2202
2025-05-19,Dhamtari,Common,2184
2025-05-20,Dhamtari,Common,2184
2025-05-21,Dhamtari,Common,2181
2025-05-22,Dhamtari,Common,2190
2025-05-23,Dhamtari,Common,2164
2025-05-24,Dhamtari,Common,2142
2025-05-25,Dhamtari,Common,2149
2025-05-26,Dhamtari,Common,2164
2025-05-27,Dhamtari,Common,2146
2025-05-28,Dhamtari,Common,2171
2025-05-29,Dhamtari,Common,2190
2025-05-30,Dhamtari,Common,2190
2025-05-31,Dhamtari,Common,2189
2025-06-01,Dhamtari,Common,2182
2025-06-02,Dhamtari,Common,2176
2025-06-03,Dhamtari,Common,2190
2025-06-04,Dhamtari,Common,2204
2025-06-05,Dhamtari,Common,2189
2025-06-06,Dhamtari,Common,2190
2025-06-07,Dhamtari,Common,2165
2025-06-08,Dhamtari,Common,2186
2025-06-09,Dhamtari,Common,2206
2025-06-10,Dhamtari,Common,2232
2025-06-11,Dhamtari,Common,2243
2025-06-12,Dhamtari,Common,2244
2025-06-13,Dhamtari,Common,2236
2025-06-14,Dhamtari,Common,2216
2025-06-15,Dhamtari,Common,2198
2025-06-16,Dhamtari,Common,2199
2025-06-17,Dhamtari,Common,2216
2025-06-18,Dhamtari,Common,2210
2025-06-19,Dhamtari,Common,2198
2025-06-20,Dhamtari,Common,2202
2025-06-21,Dhamtari,Common,2200
2025-06-22,Dhamtari,Common,2176
2025-06-23,Dhamtari,Common,2171
2025-06-24,Dhamtari,Common,2190
2025-06-25,Dhamtari,Common,2168
2025-06-26,Dhamtari,Common,2154
2025-06-27,Dhamtari,Common,2153
2025-06-28,Dhamtari,Common,2170
2025-06-29,Dhamtari,Common,2153
2025-06-30,Dhamtari,Common,2128
2025-07-01,Dhamtari,Common,2144
2025-07-02,Dhamtari,Common,2099
2025-07-03,Dhamtari,Common,2115
2025-07-04,Dhamtari,Common,2112
2025-07-05,Dhamtari,Common,2120
2025-07-06,Dhamtari,Common,2149
2025-07-07,Dhamtari,Common,2158
2025-07-08,Dhamtari,Common,2171
2025-07-09,Dhamtari,Common,2166
2025-07-10,Dhamtari,Common,2185
2025-07-11,Dhamtari,Common,2179
2025-07-12,Dhamtari,Common,2170
2025-07-13,Dhamtari,Common,2148
2025-07-14,Dhamtari,Common,2132
2025-07-15,Dhamtari,Common,2129
2025-07-16,Dhamtari,Common,2130
2025-07-17,Dhamtari,Common,2163
2025-07-18,Dhamtari,Common,2183
2025-07-19,Dhamtari,Common,2156
2025-07-20,Dhamtari,Common,2166
2025-07-21,Dhamtari,Common,2157
2025-07-22,Dhamtari,Common,2143
2025-07-23,Dhamtari,Common,2171
2025-07-24,Dhamtari,Common,2144
2025-07-25,Dhamtari,Common,2142
2025-07-26,Dhamtari,Common,2143
2025-07-27,Dhamtari,Common,2139
2025-07-28,Dhamtari,Common,2124
2025-07-29,Dhamtari,Common,2137
2025-07-30,Dhamtari,Common,2111
2025-07-31,Dhamtari,Common,2104
2025-08-01,Dhamtari,Common,2089
2025-08-02,Dhamtari,Common,2110
2025-08-03,Dhamtari,Common,2127
2025-08-04,Dhamtari,Common,2116
2025-08-05,Dhamtari,Common,2144
2025-08-06,Dhamtari,Common,2161
2025-08-07,Dhamtari,Common,2152
2025-08-08,Dhamtari,Common,2163
2025-08-09,Dhamtari,Common,2169
2025-08-10,Dhamtari,Common,2150
2025-08-11,Dhamtari,Common,2138
2025-08-12,Dhamtari,Common,2139
2025-08-13,Dhamtari,Common,2150
2025-08-14,Dhamtari,Common,2138
2025-08-15,Dhamtari,Common,2169
2025-08-16,Dhamtari,Common,2170
2025-08-17,Dhamtari,Common,2205
2025-08-18,Dhamtari,Common,2198
2025-08-19,Dhamtari,Common,2183
2025-08-20,Dhamtari,Common,2189
2025-08-21,Dhamtari,Common,2185
2025-08-22,Dhamtari,Common,2193
2025-08-23,Dhamtari,Common,2194
2025-08-24,Dhamtari,Common,2178
2025-08-25,Dhamtari,Common,2204
2025-08-26,Dhamtari,Common,2181
2025-08-27,Dhamtari,Common,2214
2025-08-28,Dhamtari,Common,2242
2025-08-29,Dhamtari,Common,2238
2025-08-30,Dhamtari,Common,2249
2025-08-31,Dhamtari,Common,2237
2025-09-01,Dhamtari,Common,2228
2025-09-02,Dhamtari,Common,2228
2025-09-03,Dhamtari,Common,2238
2025-09-04,Dhamtari,Common,2234
2025-09-05,Dhamtari,Common,2220
2025-09-06,Dhamtari,Common,2219
2025-09-07,Dhamtari,Common,2256
2025-09-08,Dhamtari,Common,2253
2025-09-09,Dhamtari,Common,2259
2025-09-10,Dhamtari,Common,2252
2025-09-11,Dhamtari,Common,2243
2025-09-12,Dhamtari,Common,2233
2025-09-13,Dhamtari,Common,2246
2025-09-14,Dhamtari,Common,2244
2025-09-15,Dhamtari,Common,2239
2025-09-16,Dhamtari,Common,2250
2025-09-17,Dhamtari,Common,2254
2025-09-18,Dhamtari,Common,2240
2025-09-19,Dhamtari,Common,2238
2025-09-20,Dhamtari,Common,2225
2025-09-21,Dhamtari,Common,2235
2025-09-22,Dhamtari,Common,2231
2025-09-23,Dhamtari,Common,2258
2025-09-24,Dhamtari,Common,2276
2025-09-25,Dhamtari,Common,2305
2025-09-26,Dhamtari,Common,2280
2025-09-27,Dhamtari,Common,2294
2025-09-28,Dhamtari,Common,2256
2025-09-29,Dhamtari,Common,2263
2025-09-30,Dhamtari,Common,2265
2025-10-01,Dhamtari,Common,2252
2025-10-02,Dhamtari,Common,2268
2025-10-03,Dhamtari,Common,2264
2025-10-04,Dhamtari,Common,2263
2025-10-05,Dhamtari,Common,2268
2025-10-06,Dhamtari,Common,2294
2025-10-07,Dhamtari,Common,2318
2025-10-08,Dhamtari,Common,2319
2025-10-09,Dhamtari,Common,2315
2025-10-10,Dhamtari,Common,2327
2025-10-11,Dhamtari,Common,2300
2025-10-12,Dhamtari,Common,2258
2025-10-13,Dhamtari,Common,2262
2025-10-14,Dhamtari,Common,2261
2025-10-15,Dhamtari,Common,2243
2025-10-16,Dhamtari,Common,2268
2025-10-17,Dhamtari,Common,2277
2025-10-18,Dhamtari,Common,2275
2025-10-19,Dhamtari,Common,2269
2025-10-20,Dhamtari,Common,2283
2025-10-21,Dhamtari,Common,2291
2025-10-22,Dhamtari,Common,2312
2025-10-23,Dhamtari,Common,2315
2025-10-24,Dhamtari,Common,2309
2025-10-25,Dhamtari,Common,2324
2025-10-26,Dhamtari,Common,2329
2025-10-27,Dhamtari,Common,2305
2025-10-28,Dhamtari,Common,2317
2025-10-29,Dhamtari,Common,2316
2025-10-30,Dhamtari,Common,2307
2025-10-31,Dhamtari,Common,2331
2025-11-01,Dhamtari,Common,2355
2025-11-02,Dhamtari,Common,2343
2025-11-03,Dhamtari,Common,2349
2025-11-04,Dhamtari,Common,2368
2025-11-05,Dhamtari,Common,2382
2025-11-06,Dhamtari,Common,2358
2025-11-07,Dhamtari,Common,2342
2025-11-08,Dhamtari,Common,2349
2025-11-09,Dhamtari,Common,2404
2025-11-10,Dhamtari,Common,2395
2025-11-11,Dhamtari,Common,2375
2025-11-12,Dhamtari,Common,2372
2025-11-13,Dhamtari,Common,2364
2025-11-14,Dhamtari,Common,2366
2025-11-15,Dhamtari,Common,2361
2025-11-16,Dhamtari,Common,2336
2025-11-17,Dhamtari,Common,2321
2025-11-18,Dhamtari,Common,2313
2025-11-19,Dhamtari,Common,2310
2025-11-20,Dhamtari,Common,2297
2025-11-21,Dhamtari,Common,2299
2025-11-22,Dhamtari,Common,2301
2025-11-23,Dhamtari,Common,2298
2025-11-24,Dhamtari,Common,2297
2025-11-25,Dhamtari,Common,2319
2025-11-26,Dhamtari,Common,2331
2025-11-27,Dhamtari,Common,2341
2025-11-28,Dhamtari,Common,2335
2025-11-29,Dhamtari,Common,2327
2025-11-30,Dhamtari,Common,2328
2025-12-01,Dhamtari,Common,2350
2025-12-02,Dhamtari,Common,2353
2025-12-03,Dhamtari,Common,2387
2025-12-04,Dhamtari,Common,2382
2025-12-05,Dhamtari,Common,2394
2025-12-06,Dhamtari,Common,2397
2025-12-07,Dhamtari,Common,2377
2025-12-08,Dhamtari,Common,2356
2025-12-09,Dhamtari,Common,2370
2025-12-10,Dhamtari,Common,2351
2025-12-11,Dhamtari,Common,2359
2025-12-12,Dhamtari,Common,2361
2025-12-13,Dhamtari,Common,2357
2025-12-14,Dhamtari,Common,2356
2025-12-15,Dhamtari,Common,2358
2025-12-16,Dhamtari,Common,2351
2025-12-17,Dhamtari,Common,2365
2025-12-18,Dhamtari,Common,2357
2025-12-19,Dhamtari,Common,2359
2025-12-20,Dhamtari,Common,2354
2025-12-21,Dhamtari,Common,2348
2025-12-22,Dhamtari,Common,2365
2025-12-23,Dhamtari,Common,2355
2025-12-24,Dhamtari,Common,2363
2025-12-25,Dhamtari,Common,2344
2025-12-26,Dhamtari,Common,2371
2025-12-27,Dhamtari,Common,2371
2025-12-28,Dhamtari,Common,2361
2025-12-29,Dhamtari,Common,2366
2025-12-30,Dhamtari,Common,2359
2025-12-31,Dhamtari,Common,2340
2022-01-01,Dhamtari,Grade A,2436
2022-01-02,Dhamtari,Grade A,2464
2022-01-03,Dhamtari,Grade A,2455
2022-01-04,Dhamtari,Grade A,2462
2022-01-05,Dhamtari,Grade A,2457
2022-01-06,Dhamtari,Grade A,2453
2022-01-07,Dhamtari,Grade A,2465
2022-01-08,Dhamtari,Grade A,2474
2022-01-09,Dhamtari,Grade A,2469
2022-01-10,Dhamtari,Grade A,2473
2022-01-11,Dhamtari,Grade A,2461
2022-01-12,Dhamtari,Grade A,2440
2022-01-13,Dhamtari,Grade A,2431
2022-01-14,Dhamtari,Grade A,2406
2022-01-15,Dhamtari,Grade A,2404
2022-01-16,Dhamtari,Grade A,2422
2022-01-17,Dhamtari,Grade A,2408
2022-01-18,Dhamtari,Grade A,2428
2022-01-19,Dhamtari,Grade A,2433
2022-01-20,Dhamtari,Grade A,2442
2022-01-21,Dhamtari,Grade A,2443
2022-01-22,Dhamtari,Grade A,2443
2022-01-23,Dhamtari,Grade A,2446
2022-01-24,Dhamtari,Grade A,2456
2022-01-25,Dhamtari,Grade A,2447
2022-01-26,Dhamtari,Grade A,2445
2022-01-27,Dhamtari,Grade A,2432
2022-01-28,Dhamtari,Grade A,2444
2022-01-29,Dhamtari,Grade A,2444
2022-01-30,Dhamtari,Grade A,2424
2022-01-31,Dhamtari,Grade A,2433
2022-02-01,Dhamtari,Grade A,2449
2022-02-02,Dhamtari,Grade A,2455
2022-02-03,Dhamtari,Grade A,2442
2022-02-04,Dhamtari,Grade A,2450
2022-02-05,Dhamtari,Grade A,2449
2022-02-06,Dhamtari,Grade A,2466
2022-02-07,Dhamtari,Grade A,2455
2022-02-08,Dhamtari,Grade A,2445
2022-02-09,Dhamtari,Grade A,2434
2022-02-10,Dhamtari,Grade A,2453
2022-02-11,Dhamtari,Grade A,2473
2022-02-12,Dhamtari,Grade A,2464
2022-02-13,Dhamtari,Grade A,2459
2022-02-14,Dhamtari,Grade A,2445
2022-02-15,Dhamtari,Grade A,2420
2022-02-16,Dhamtari,Grade A,2433
2022-02-17,Dhamtari,Grade A,2429
2022-02-18,Dhamtari,Grade A,2385
2022-02-19,Dhamtari,Grade A,2366
2022-02-20,Dhamtari,Grade A,2370
2022-02-21,Dhamtari,Grade A,2360
2022-02-22,Dhamtari,Grade A,2351
2022-02-23,Dhamtari,Grade A,2347
2022-02-24,Dhamtari,Grade A,2352
2022-02-25,Dhamtari,Grade A,2350
2022-02-26,Dhamtari,Grade A,2350
2022-02-27,Dhamtari,Grade A,2329
2022-02-28,Dhamtari,Grade A,2354
2022-03-01,Dhamtari,Grade A,2368
2022-03-02,Dhamtari,Grade A,2358
2022-03-03,Dhamtari,Grade A,2366
2022-03-04,Dhamtari,Grade A,2342
2022-03-05,Dhamtari,Grade A,2333
2022-03-06,Dhamtari,Grade A,2322
2022-03-07,Dhamtari,Grade A,2337
2022-03-08,Dhamtari,Grade A,2362
2022-03-09,Dhamtari,Grade A,2350
2022-03-10,Dhamtari,Grade A,2356
2022-03-11,Dhamtari,Grade A,2345
2022-03-12,Dhamtari,Grade A,2357
2022-03-13,Dhamtari,Grade A,2343
2022-03-14,Dhamtari,Grade A,2346
2022-03-15,Dhamtari,Grade A,2348
2022-03-16,Dhamtari,Grade A,2328
2022-03-17,Dhamtari,Grade A,2344
2022-03-18,Dhamtari,Grade A,2337
2022-03-19,Dhamtari,Grade A,2355
2022-03-20,Dhamtari,Grade A,2341
2022-03-21,Dhamtari,Grade A,2353
2022-03-22,Dhamtari,Grade A,2351
2022-03-23,Dhamtari,Grade A,2335
2022-03-24,Dhamtari,Grade A,2330
2022-03-25,Dhamtari,Grade A,2320
2022-03-26,Dhamtari,Grade A,2325
2022-03-27,Dhamtari,Grade A,2345
2022-03-28,Dhamtari,Grade A,2342
2022-03-29,Dhamtari,Grade A,2339
2022-03-30,Dhamtari,Grade A,2353
2022-03-31,Dhamtari,Grade A,2342
2022-04-01,Dhamtari,Grade A,2328
2022-04-02,Dhamtari,Grade A,2318
2022-04-03,Dhamtari,Grade A,2316
2022-04-04,Dhamtari,Grade A,2313
2022-04-05,Dhamtari,Grade A,2307
2022-04-06,Dhamtari,Grade A,2307
2022-04-07,Dhamtari,Grade A,2308
2022-04-08,Dhamtari,Grade A,2308
2022-04-09,Dhamtari,Grade A,2311
2022-04-10,Dhamtari,Grade A,2311
2022-04-11,Dhamtari,Grade A,2312
2022-04-12,Dhamtari,Grade A,2299
2022-04-13,Dhamtari,Grade A,2298
2022-04-14,Dhamtari,Grade A,2292
2022-04-15,Dhamtari,Grade A,2299
2022-04-16,Dhamtari,Grade A,2279
2022-04-17,Dhamtari,Grade A,2260
2022-04-18,Dhamtari,Grade A,2265
2022-04-19,Dhamtari,Grade A,2230
2022-04-20,Dhamtari,Grade A,2208
2022-04-21,Dhamtari,Grade A,2202
2022-04-22,Dhamtari,Grade A,2194
2022-04-23,Dhamtari,Grade A,2198
2022-04-24,Dhamtari,Grade A,2229
2022-04-25,Dhamtari,Grade A,2237
2022-04-26,Dhamtari,Grade A,2225
2022-04-27,Dhamtari,Grade A,2236
2022-04-28,Dhamtari,Grade A,2233
2022-04-29,Dhamtari,Grade A,2234
2022-04-30,Dhamtari,Grade A,2217
2022-05-01,Dhamtari,Grade A,2211
2022-05-02,Dhamtari,Grade A,2204
2022-05-03,Dhamtari,Grade A,2206
2022-05-04,Dhamtari,Grade A,2217
2022-05-05,Dhamtari,Grade A,2232
2022-05-06,Dhamtari,Grade A,2200
2022-05-07,Dhamtari,Grade A,2206
2022-05-08,Dhamtari,Grade A,2187
2022-05-09,Dhamtari,Grade A,2192
2022-05-10,Dhamtari,Grade A,2216
2022-05-11,Dhamtari,Grade A,2233
2022-05-12,Dhamtari,Grade A,2238
2022-05-13,Dhamtari,Grade A,2250
2022-05-14,Dhamtari,Grade A,2265
2022-05-15,Dhamtari,Grade A,2268
2022-05-16,Dhamtari,Grade A,2271
2022-05-17,Dhamtari,Grade A,2263
2022-05-18,Dhamtari,Grade A,2254
2022-05-19,Dhamtari,Grade A,2264
2022-05-20,Dhamtari,Grade A,2265
2022-05-21,Dhamtari,Grade A,2274
2022-05-22,Dhamtari,Grade A,2261
2022-05-23,Dhamtari,Grade A,2256
2022-05-24,Dhamtari,Grade A,2251
2022-05-25,Dhamtari,Grade A,2248
2022-05-26,Dhamtari,Grade A,2261
2022-05-27,Dhamtari,Grade A,2232
2022-05-28,Dhamtari,Grade A,2213
2022-05-29,Dhamtari,Grade A,2205
2022-05-30,Dhamtari,Grade A,2189
2022-05-31,Dhamtari,Grade A,2175
2022-06-01,Dhamtari,Grade A,2149
2022-06-02,Dhamtari,Grade A,2157
2022-06-03,Dhamtari,Grade A,2187
2022-06-04,Dhamtari,Grade A,2206
2022-06-05,Dhamtari,Grade A,2216
2022-06-06,Dhamtari,Grade A,2239
2022-06-07,Dhamtari,Grade A,2238
2022-06-08,Dhamtari,Grade A,2211
2022-06-09,Dhamtari,Grade A,2181
2022-06-10,Dhamtari,Grade A,2177
2022-06-11,Dhamtari,Grade A,2187
2022-06-12,Dhamtari,Grade A,2202
2022-06-13,Dhamtari,Grade A,2198
2022-06-14,Dhamtari,Grade A,2211
2022-06-15,Dhamtari,Grade A,2193
2022-06-16,Dhamtari,Grade A,2185
2022-06-17,Dhamtari,Grade A,2207
2022-06-18,Dhamtari,Grade A,2235
2022-06-19,Dhamtari,Grade A,2218
2022-06-20,Dhamtari,Grade A,2244
2022-06-21,Dhamtari,Grade A,2241
2022-06-22,Dhamtari,Grade A,2207
2022-06-23,Dhamtari,Grade A,2231
2022-06-24,Dhamtari,Grade A,2230
2022-06-25,Dhamtari,Grade A,2235
2022-06-26,Dhamtari,Grade A,2254
2022-06-27,Dhamtari,Grade A,2265
2022-06-28,Dhamtari,Grade A,2278
2022-06-29,Dhamtari,Grade A,2249
2022-06-30,Dhamtari,Grade A,2286
2022-07-01,Dhamtari,Grade A,2267
2022-07-02,Dhamtari,Grade A,2263
2022-07-03,Dhamtari,Grade A,2254
2022-07-04,Dhamtari,Grade A,2255
2022-07-05,Dhamtari,Grade A,2255
2022-07-06,Dhamtari,Grade A,2243
2022-07-07,Dhamtari,Grade A,2235
2022-07-08,Dhamtari,Grade A,2250
2022-07-09,Dhamtari,Grade A,2246
2022-07-10,Dhamtari,Grade A,2243
2022-07-11,Dhamtari,Grade A,2203
2022-07-12,Dhamtari,Grade A,2209
2022-07-13,Dhamtari,Grade A,2211
2022-07-14,Dhamtari,Grade A,2196
2022-07-15,Dhamtari,Grade A,2236
2022-07-16,Dhamtari,Grade A,2258
2022-07-17,Dhamtari,Grade A,2217
2022-07-18,Dhamtari,Grade A,2210
2022-07-19,Dhamtari,Grade A,2260
2022-07-20,Dhamtari,Grade A,2251
2022-07-21,Dhamtari,Grade A,2245
2022-07-22,Dhamtari,Grade A,2228
2022-07-23,Dhamtari,Grade A,2232
2022-07-24,Dhamtari,Grade A,2245
2022-07-25,Dhamtari,Grade A,2242
2022-07-26,Dhamtari,Grade A,2270
2022-07-27,Dhamtari,Grade A,2278
2022-07-28,Dhamtari,Grade A,2261
2022-07-29,Dhamtari,Grade A,2265
2022-07-30,Dhamtari,Grade A,2251
2022-07-31,Dhamtari,Grade A,2241
2022-08-01,Dhamtari,Grade A,2233
2022-08-02,Dhamtari,Grade A,2267
2022-08-03,Dhamtari,Grade A,2277
2022-08-04,Dhamtari,Grade A,2273
2022-08-05,Dhamtari,Grade A,2272
2022-08-06,Dhamtari,Grade A,2249
2022-08-07,Dhamtari,Grade A,2230
2022-08-08,Dhamtari,Grade A,2203
2022-08-09,Dhamtari,Grade A,2208
2022-08-10,Dhamtari,Grade A,2219
2022-08-11,Dhamtari,Grade A,2249
2022-08-12,Dhamtari,Grade A,2218
2022-08-13,Dhamtari,Grade A,2227
2022-08-14,Dhamtari,Grade A,2235
2022-08-15,Dhamtari,Grade A,2234
2022-08-16,Dhamtari,Grade A,2260
2022-08-17,Dhamtari,Grade A,2274
2022-08-18,Dhamtari,Grade A,2297
2022-08-19,Dhamtari,Grade A,2307
2022-08-20,Dhamtari,Grade A,2322
2022-08-21,Dhamtari,Grade A,2331
2022-08-22,Dhamtari,Grade A,2321
2022-08-23,Dhamtari,Grade A,2306
2022-08-24,Dhamtari,Grade A,2312
2022-08-25,Dhamtari,Grade A,2321
2022-08-26,Dhamtari,Grade A,2330
2022-08-27,Dhamtari,Grade A,2325
2022-08-28,Dhamtari,Grade A,2331
2022-08-29,Dhamtari,Grade A,2346
2022-08-30,Dhamtari,Grade A,2365
2022-08-31,Dhamtari,Grade A,2350
2022-09-01,Dhamtari,Grade A,2353
2022-09-02,Dhamtari,Grade A,2374
2022-09-03,Dhamtari,Grade A,2372
2022-09-04,Dhamtari,Grade A,2357
2022-09-05,Dhamtari,Grade A,2352
2022-09-06,Dhamtari,Grade A,2330
2022-09-07,Dhamtari,Grade A,2329
2022-09-08,Dhamtari,Grade A,2348
2022-09-09,Dhamtari,Grade A,2359
2022-09-10,Dhamtari,Grade A,2357
2022-09-11,Dhamtari,Grade A,2346
2022-09-12,Dhamtari,Grade A,2345
2022-09-13,Dhamtari,Grade A,2349
2022-09-14,Dhamtari,Grade A,2356
2022-09-15,Dhamtari,Grade A,2352
2022-09-16,Dhamtari,Grade A,2365
2022-09-17,Dhamtari,Grade A,2366
2022-09-18,Dhamtari,Grade A,2342
2022-09-19,Dhamtari,Grade A,2303
2022-09-20,Dhamtari,Grade A,2324
2022-09-21,Dhamtari,Grade A,2318
2022-09-22,Dhamtari,Grade A,2315
2022-09-23,Dhamtari,Grade A,2293
2022-09-24,Dhamtari,Grade A,2289
2022-09-25,Dhamtari,Grade A,2293
2022-09-26,Dhamtari,Grade A,2327
2022-09-27,Dhamtari,Grade A,2360
2022-09-28,Dhamtari,Grade A,2369
2022-09-29,Dhamtari,Grade A,2362
2022-09-30,Dhamtari,Grade A,2373
2022-10-01,Dhamtari,Grade A,2397
2022-10-02,Dhamtari,Grade A,2402
2022-10-03,Dhamtari,Grade A,2396
2022-10-04,Dhamtari,Grade A,2402
2022-10-05,Dhamtari,Grade A,2410
2022-10-06,Dhamtari,Grade A,2404
2022-10-07,Dhamtari,Grade A,2387
2022-10-08,Dhamtari,Grade A,2397
2022-10-09,Dhamtari,Grade A,2381
2022-10-10,Dhamtari,Grade A,2379
2022-10-11,Dhamtari,Grade A,2383
2022-10-12,Dhamtari,Grade A,2388
2022-10-13,Dhamtari,Grade A,2382
2022-10-14,Dhamtari,Grade A,2368
2022-10-15,Dhamtari,Grade A,2395
2022-10-16,Dhamtari,Grade A,2383
2022-10-17,Dhamtari,Grade A,2378
2022-10-18,Dhamtari,Grade A,2369
2022-10-19,Dhamtari,Grade A,2389
2022-10-20,Dhamtari,Grade A,2377
2022-10-21,Dhamtari,Grade A,2401
2022-10-22,Dhamtari,Grade A,2382
2022-10-23,Dhamtari,Grade A,2356
2022-10-24,Dhamtari,Grade A,2357
2022-10-25,Dhamtari,Grade A,2352
2022-10-26,Dhamtari,Grade A,2373
2022-10-27,Dhamtari,Grade A,2396
2022-10-28,Dhamtari,Grade A,2396
2022-10-29,Dhamtari,Grade A,2402
2022-10-30,Dhamtari,Grade A,2382
2022-10-31,Dhamtari,Grade A,2392
2022-11-01,Dhamtari,Grade A,2391
2022-11-02,Dhamtari,Grade A,2416
2022-11-03,Dhamtari,Grade A,2403
2022-11-04,Dhamtari,Grade A,2417
2022-11-05,Dhamtari,Grade A,2408
2022-11-06,Dhamtari,Grade A,2384
2022-11-07,Dhamtari,Grade A,2393
2022-11-08,Dhamtari,Grade A,2386
2022-11-09,Dhamtari,Grade A,2410
2022-11-10,Dhamtari,Grade A,2421
2022-11-11,Dhamtari,Grade A,2425
2022-11-12,Dhamtari,Grade A,2439
2022-11-13,Dhamtari,Grade A,2424
2022-11-14,Dhamtari,Grade A,2428
2022-11-15,Dhamtari,Grade A,2420
2022-11-16,Dhamtari,Grade A,2422
2022-11-17,Dhamtari,Grade A,2399
2022-11-18,Dhamtari,Grade A,2445
2022-11-19,Dhamtari,Grade A,2458
2022-11-20,Dhamtari,Grade A,2481
2022-11-21,Dhamtari,Grade A,2491
2022-11-22,Dhamtari,Grade A,2483
2022-11-23,Dhamtari,Grade A,2457
2022-11-24,Dhamtari,Grade A,2470
2022-11-25,Dhamtari,Grade A,2448
2022-11-26,Dhamtari,Grade A,2461
2022-11-27,Dhamtari,Grade A,2468
2022-11-28,Dhamtari,Grade A,2498
2022-11-29,Dhamtari,Grade A,2491
2022-11-30,Dhamtari,Grade A,2499
2022-12-01,Dhamtari,Grade A,2507
2022-12-02,Dhamtari,Grade A,2487
2022-12-03,Dhamtari,Grade A,2489
2022-12-04,Dhamtari,Grade A,2480
2022-12-05,Dhamtari,Grade A,2500
2022-12-06,Dhamtari,Grade A,2471
2022-12-07,Dhamtari,Grade A,2461
2022-12-08,Dhamtari,Grade A,2478
2022-12-09,Dhamtari,Grade A,2458
2022-12-10,Dhamtari,Grade A,2453
2022-12-11,Dhamtari,Grade A,2452
2022-12-12,Dhamtari,Grade A,2435
2022-12-13,Dhamtari,Grade A,2448
2022-12-14,Dhamtari,Grade A,2434
2022-12-15,Dhamtari,Grade A,2434
2022-12-16,Dhamtari,Grade A,2443
2022-12-17,Dhamtari,Grade A,2458
2022-12-18,Dhamtari,Grade A,2445
2022-12-19,Dhamtari,Grade A,2447
2022-12-20,Dhamtari,Grade A,2439
2022-12-21,Dhamtari,Grade A,2452
2022-12-22,Dhamtari,Grade A,2494
2022-12-23,Dhamtari,Grade A,2497
2022-12-24,Dhamtari,Grade A,2489
2022-12-25,Dhamtari,Grade A,2501
2022-12-26,Dhamtari,Grade A,2487
2022-12-27,Dhamtari,Grade A,2477
2022-12-28,Dhamtari,Grade A,2471
2022-12-29,Dhamtari,Grade A,2447
2022-12-30,Dhamtari,Grade A,2455
2022-12-31,Dhamtari,Grade A,2467
2023-01-01,Dhamtari,Grade A,2475
2023-01-02,Dhamtari,Grade A,2443
2023-01-03,Dhamtari,Grade A,2446
2023-01-04,Dhamtari,Grade A,2460
2023-01-05,Dhamtari,Grade A,2490
2023-01-06,Dhamtari,Grade A,2500
2023-01-07,Dhamtari,Grade A,2511
2023-01-08,Dhamtari,Grade A,2508
2023-01-09,Dhamtari,Grade A,2496
2023-01-10,Dhamtari,Grade A,2499
2023-01-11,Dhamtari,Grade A,2499
2023-01-12,Dhamtari,Grade A,2471
2023-01-13,Dhamtari,Grade A,2460
2023-01-14,Dhamtari,Grade A,2453
2023-01-15,Dhamtari,Grade A,2453
2023-01-16,Dhamtari,Grade A,2427
2023-01-17,Dhamtari,Grade A,2421
2023-01-18,Dhamtari,Grade A,2433
2023-01-19,Dhamtari,Grade A,2434
2023-01-20,Dhamtari,Grade A,2442
2023-01-21,Dhamtari,Grade A,2432
2023-01-22,Dhamtari,Grade A,2413
2023-01-23,Dhamtari,Grade A,2426
2023-01-24,Dhamtari,Grade A,2411
2023-01-25,Dhamtari,Grade A,2407
2023-01-26,Dhamtari,Grade A,2439
2023-01-27,Dhamtari,Grade A,2410
2023-01-28,Dhamtari,Grade A,2399
2023-01-29,Dhamtari,Grade A,2411
2023-01-30,Dhamtari,Grade A,2431
2023-01-31,Dhamtari,Grade A,2419
2023-02-01,Dhamtari,Grade A,2425
2023-02-02,Dhamtari,Grade A,2416
2023-02-03,Dhamtari,Grade A,2433
2023-02-04,Dhamtari,Grade A,2458
2023-02-05,Dhamtari,Grade A,2459
2023-02-06,Dhamtari,Grade A,2448
2023-02-07,Dhamtari,Grade A,2446
2023-02-08,Dhamtari,Grade A,2450
2023-02-09,Dhamtari,Grade A,2412
2023-02-10,Dhamtari,Grade A,2413
2023-02-11,Dhamtari,Grade A,2403
2023-02-12,Dhamtari,Grade A,2389
2023-02-13,Dhamtari,Grade A,2375
2023-02-14,Dhamtari,Grade A,2392
2023-02-15,Dhamtari,Grade A,2409
2023-02-16,Dhamtari,Grade A,2365
2023-02-17,Dhamtari,Grade A,2373
2023-02-18,Dhamtari,Grade A,2379
2023-02-19,Dhamtari,Grade A,2389
2023-02-20,Dhamtari,Grade A,2389
2023-02-21,Dhamtari,Grade A,2384
2023-02-22,Dhamtari,Grade A,2391
2023-02-23,Dhamtari,Grade A,2400
2023-02-24,Dhamtari,Grade A,2425
2023-02-25,Dhamtari,Grade A,2427
2023-02-26,Dhamtari,Grade A,2436
2023-02-27,Dhamtari,Grade A,2458
2023-02-28,Dhamtari,Grade A,2445
2023-03-01,Dhamtari,Grade A,2432
2023-03-02,Dhamtari,Grade A,2438
2023-03-03,Dhamtari,Grade A,2408
2023-03-04,Dhamtari,Grade A,2383
2023-03-05,Dhamtari,Grade A,2383
2023-03-06,Dhamtari,Grade A,2368
2023-03-07,Dhamtari,Grade A,2372
2023-03-08,Dhamtari,Grade A,2386
2023-03-09,Dhamtari,Grade A,2407
2023-03-10,Dhamtari,Grade A,2395
2023-03-11,Dhamtari,Grade A,2374
2023-03-12,Dhamtari,Grade A,2361
2023-03-13,Dhamtari,Grade A,2352
2023-03-14,Dhamtari,Grade A,2340
2023-03-15,Dhamtari,Grade A,2315
2023-03-16,Dhamtari,Grade A,2297
2023-03-17,Dhamtari,Grade A,2304
2023-03-18,Dhamtari,Grade A,2314
2023-03-19,Dhamtari,Grade A,2311
2023-03-20,Dhamtari,Grade A,2321
2023-03-21,Dhamtari,Grade A,2307
2023-03-22,Dhamtari,Grade A,2324
2023-03-23,Dhamtari,Grade A,2332
2023-03-24,Dhamtari,Grade A,2355
2023-03-25,Dhamtari,Grade A,2360
2023-03-26,Dhamtari,Grade A,2362
2023-03-27,Dhamtari,Grade A,2381
2023-03-28,Dhamtari,Grade A,2364
2023-03-29,Dhamtari,Grade A,2337
2023-03-30,Dhamtari,Grade A,2345
2023-03-31,Dhamtari,Grade A,2335
2023-04-01,Dhamtari,Grade A,2349
2023-04-02,Dhamtari,Grade A,2354
2023-04-03,Dhamtari,Grade A,2363
2023-04-04,Dhamtari,Grade A,2355
2023-04-05,Dhamtari,Grade A,2349
2023-04-06,Dhamtari,Grade A,2356
2023-04-07,Dhamtari,Grade A,2328
2023-04-08,Dhamtari,Grade A,2313
2023-04-09,Dhamtari,Grade A,2282
2023-04-10,Dhamtari,Grade A,2269
2023-04-11,Dhamtari,Grade A,2276
2023-04-12,Dhamtari,Grade A,2277
2023-04-13,Dhamtari,Grade A,2282
2023-04-14,Dhamtari,Grade A,2285
2023-04-15,Dhamtari,Grade A,2295
2023-04-16,Dhamtari,Grade A,2296
2023-04-17,Dhamtari,Grade A,2305
2023-04-18,Dhamtari,Grade A,2313
2023-04-19,Dhamtari,Grade A,2317
2023-04-20,Dhamtari,Grade A,2321
2023-04-21,Dhamtari,Grade A,2278
2023-04-22,Dhamtari,Grade A,2266
2023-04-23,Dhamtari,Grade A,2263
2023-04-24,Dhamtari,Grade A,2267
2023-04-25,Dhamtari,Grade A,2273
2023-04-26,Dhamtari,Grade A,2265
2023-04-27,Dhamtari,Grade A,2254
2023-04-28,Dhamtari,Grade A,2283
2023-04-29,Dhamtari,Grade A,2273
2023-04-30,Dhamtari,Grade A,2268
2023-05-01,Dhamtari,Grade A,2263
2023-05-02,Dhamtari,Grade A,2258
2023-05-03,Dhamtari,Grade A,2272
2023-05-04,Dhamtari,Grade A,2241
2023-05-05,Dhamtari,Grade A,2237
2023-05-06,Dhamtari,Grade A,2225
2023-05-07,Dhamtari,Grade A,2229
2023-05-08,Dhamtari,Grade A,2218
2023-05-09,Dhamtari,Grade A,2244
2023-05-10,Dhamtari,Grade A,2263
2023-05-11,Dhamtari,Grade A,2286
2023-05-12,Dhamtari,Grade A,2296
2023-05-13,Dhamtari,Grade A,2287
2023-05-14,Dhamtari,Grade A,2299
2023-05-15,Dhamtari,Grade A,2296
2023-05-16,Dhamtari,Grade A,2277
2023-05-17,Dhamtari,Grade A,2263
2023-05-18,Dhamtari,Grade A,2249
2023-05-19,Dhamtari,Grade A,2255
2023-05-20,Dhamtari,Grade A,2269
2023-05-21,Dhamtari,Grade A,2278
2023-05-22,Dhamtari,Grade A,2271
2023-05-23,Dhamtari,Grade A,2286
2023-05-24,Dhamtari,Grade A,2265
2023-05-25,Dhamtari,Grade A,2271
2023-05-26,Dhamtari,Grade A,2273
2023-05-27,Dhamtari,Grade A,2285
2023-05-28,Dhamtari,Grade A,2300
2023-05-29,Dhamtari,Grade A,2307
2023-05-30,Dhamtari,Grade A,2302
2023-05-31,Dhamtari,Grade A,2282
2023-06-01,Dhamtari,Grade A,2266
2023-06-02,Dhamtari,Grade A,2237
2023-06-03,Dhamtari,Grade A,2221
2023-06-04,Dhamtari,Grade A,2200
2023-06-05,Dhamtari,Grade A,2198
2023-06-06,Dhamtari,Grade A,2196
2023-06-07,Dhamtari,Grade A,2193
2023-06-08,Dhamtari,Grade A,2205
2023-06-09,Dhamtari,Grade A,2225
2023-06-10,Dhamtari,Grade A,2236
2023-06-11,Dhamtari,Grade A,2228
2023-06-12,Dhamtari,Grade A,2239
2023-06-13,Dhamtari,Grade A,2265
2023-06-14,Dhamtari,Grade A,2267
2023-06-15,Dhamtari,Grade A,2260
2023-06-16,Dhamtari,Grade A,2272
2023-06-17,Dhamtari,Grade A,2259
2023-06-18,Dhamtari,Grade A,2263
2023-06-19,Dhamtari,Grade A,2249
2023-06-20,Dhamtari,Grade A,2246
2023-06-21,Dhamtari,Grade A,2259
2023-06-22,Dhamtari,Grade A,2228
2023-06-23,Dhamtari,Grade A,2254
2023-06-24,Dhamtari,Grade A,2270
2023-06-25,Dhamtari,Grade A,2261
2023-06-26,Dhamtari,Grade A,2254
2023-06-27,Dhamtari,Grade A,2266
2023-06-28,Dhamtari,Grade A,2293
2023-06-29,Dhamtari,Grade A,2288
2023-06-30,Dhamtari,Grade A,2279
2023-07-01,Dhamtari,Grade A,2277
2023-07-02,Dhamtari,Grade A,2279
2023-07-03,Dhamtari,Grade A,2275
2023-07-04,Dhamtari,Grade A,2312
2023-07-05,Dhamtari,Grade A,2294
2023-07-06,Dhamtari,Grade A,2302
2023-07-07,Dhamtari,Grade A,2282
2023-07-08,Dhamtari,Grade A,2253
2023-07-09,Dhamtari,Grade A,2259
2023-07-10,Dhamtari,Grade A,2246
2023-07-11,Dhamtari,Grade A,2283
2023-07-12,Dhamtari,Grade A,2317
2023-07-13,Dhamtari,Grade A,2303
2023-07-14,Dhamtari,Grade A,2298
2023-07-15,Dhamtari,Grade A,2298
2023-07-16,Dhamtari,Grade A,2278
2023-07-17,Dhamtari,Grade A,2285
2023-07-18,Dhamtari,Grade A,2299
2023-07-19,Dhamtari,Grade A,2290
2023-07-20,Dhamtari,Grade A,2267
2023-07-21,Dhamtari,Grade A,2285
2023-07-22,Dhamtari,Grade A,2276
2023-07-23,Dhamtari,Grade A,2290
2023-07-24,Dhamtari,Grade A,2275
2023-07-25,Dhamtari,Grade A,2292
2023-07-26,Dhamtari,Grade A,2302
2023-07-27,Dhamtari,Grade A,2284
2023-07-28,Dhamtari,Grade A,2257
2023-07-29,Dhamtari,Grade A,2265
2023-07-30,Dhamtari,Grade A,2276
2023-07-31,Dhamtari,Grade A,2280
2023-08-01,Dhamtari,Grade A,2255
2023-08-02,Dhamtari,Grade A,2254
2023-08-03,Dhamtari,Grade A,2252
2023-08-04,Dhamtari,Grade A,2252
2023-08-05,Dhamtari,Grade A,2240
2023-08-06,Dhamtari,Grade A,2257
2023-08-07,Dhamtari,Grade A,2287
2023-08-08,Dhamtari,Grade A,2274
2023-08-09,Dhamtari,Grade A,2284
2023-08-10,Dhamtari,Grade A,2279
2023-08-11,Dhamtari,Grade A,2289
2023-08-12,Dhamtari,Grade A,2279
2023-08-13,Dhamtari,Grade A,2294
2023-08-14,Dhamtari,Grade A,2265
2023-08-15,Dhamtari,Grade A,2235
2023-08-16,Dhamtari,Grade A,2255
2023-08-17,Dhamtari,Grade A,2258
2023-08-18,Dhamtari,Grade A,2280
2023-08-19,Dhamtari,Grade A,2268
2023-08-20,Dhamtari,Grade A,2258
2023-08-21,Dhamtari,Grade A,2273
2023-08-22,Dhamtari,Grade A,2266
2023-08-23,Dhamtari,Grade A,2327
2023-08-24,Dhamtari,Grade A,2353
2023-08-25,Dhamtari,Grade A,2351
2023-08-26,Dhamtari,Grade A,2353
2023-08-27,Dhamtari,Grade A,2355
2023-08-28,Dhamtari,Grade A,2368
2023-08-29,Dhamtari,Grade A,2345
2023-08-30,Dhamtari,Grade A,2349
2023-08-31,Dhamtari,Grade A,2346
2023-09-01,Dhamtari,Grade A,2340
2023-09-02,Dhamtari,Grade A,2335
2023-09-03,Dhamtari,Grade A,2314
2023-09-04,Dhamtari,Grade A,2331
2023-09-05,Dhamtari,Grade A,2337
2023-09-06,Dhamtari,Grade A,2332
2023-09-07,Dhamtari,Grade A,2326
2023-09-08,Dhamtari,Grade A,2360
2023-09-09,Dhamtari,Grade A,2353
2023-09-10,Dhamtari,Grade A,2352
2023-09-11,Dhamtari,Grade A,2344
2023-09-12,Dhamtari,Grade A,2345
2023-09-13,Dhamtari,Grade A,2318
2023-09-14,Dhamtari,Grade A,2290
2023-09-15,Dhamtari,Grade A,2284
2023-09-16,Dhamtari,Grade A,2294
2023-09-17,Dhamtari,Grade A,2292
2023-09-18,Dhamtari,Grade A,2298
2023-09-19,Dhamtari,Grade A,2292
2023-09-20,Dhamtari,Grade A,2287
2023-09-21,Dhamtari,Grade A,2312
2023-09-22,Dhamtari,Grade A,2332
2023-09-23,Dhamtari,Grade A,2344
2023-09-24,Dhamtari,Grade A,2364
2023-09-25,Dhamtari,Grade A,2354
2023-09-26,Dhamtari,Grade A,2341
2023-09-27,Dhamtari,Grade A,2313
2023-09-28,Dhamtari,Grade A,2307
2023-09-29,Dhamtari,Grade A,2331
2023-09-30,Dhamtari,Grade A,2332
2023-10-01,Dhamtari,Grade A,2343
2023-10-02,Dhamtari,Grade A,2345
2023-10-03,Dhamtari,Grade A,2365
2023-10-04,Dhamtari,Grade A,2398
2023-10-05,Dhamtari,Grade A,2416
2023-10-06,Dhamtari,Grade A,2395
2023-10-07,Dhamtari,Grade A,2407
2023-10-08,Dhamtari,Grade A,2412
2023-10-09,Dhamtari,Grade A,2400
2023-10-10,Dhamtari,Grade A,2396
2023-10-11,Dhamtari,Grade A,2384
2023-10-12,Dhamtari,Grade A,2399
2023-10-13,Dhamtari,Grade A,2414
2023-10-14,Dhamtari,Grade A,2411
2023-10-15,Dhamtari,Grade A,2413
2023-10-16,Dhamtari,Grade A,2412
2023-10-17,Dhamtari,Grade A,2408
2023-10-18,Dhamtari,Grade A,2418
2023-10-19,Dhamtari,Grade A,2422
2023-10-20,Dhamtari,Grade A,2419
2023-10-21,Dhamtari,Grade A,2424
2023-10-22,Dhamtari,Grade A,2415
2023-10-23,Dhamtari,Grade A,2435
2023-10-24,Dhamtari,Grade A,2444
2023-10-25,Dhamtari,Grade A,2436
2023-10-26,Dhamtari,Grade A,2440
2023-10-27,Dhamtari,Grade A,2409
2023-10-28,Dhamtari,Grade A,2407
2023-10-29,Dhamtari,Grade A,2390
2023-10-30,Dhamtari,Grade A,2365
2023-10-31,Dhamtari,Grade A,2396
2023-11-01,Dhamtari,Grade A,2374
2023-11-02,Dhamtari,Grade A,2367
2023-11-03,Dhamtari,Grade A,2367
2023-11-04,Dhamtari,Grade A,2393
2023-11-05,Dhamtari,Grade A,2381
2023-11-06,Dhamtari,Grade A,2384
2023-11-07,Dhamtari,Grade A,2383
2023-11-08,Dhamtari,Grade A,2386
2023-11-09,Dhamtari,Grade A,2397
2023-11-10,Dhamtari,Grade A,2427
2023-11-11,Dhamtari,Grade A,2457
2023-11-12,Dhamtari,Grade A,2435
2023-11-13,Dhamtari,Grade A,2440
2023-11-14,Dhamtari,Grade A,2461
2023-11-15,Dhamtari,Grade A,2502
2023-11-16,Dhamtari,Grade A,2501
2023-11-17,Dhamtari,Grade A,2514
2023-11-18,Dhamtari,Grade A,2503
2023-11-19,Dhamtari,Grade A,2489
2023-11-20,Dhamtari,Grade A,2491
2023-11-21,Dhamtari,Grade A,2465
2023-11-22,Dhamtari,Grade A,2447
2023-11-23,Dhamtari,Grade A,2444
2023-11-24,Dhamtari,Grade A,2448
2023-11-25,Dhamtari,Grade A,2465
2023-11-26,Dhamtari,Grade A,2470
2023-11-27,Dhamtari,Grade A,2462
2023-11-28,Dhamtari,Grade A,2482
2023-11-29,Dhamtari,Grade A,2490
2023-11-30,Dhamtari,Grade A,2496
2023-12-01,Dhamtari,Grade A,2504
2023-12-02,Dhamtari,Grade A,2480
2023-12-03,Dhamtari,Grade A,2459
2023-12-04,Dhamtari,Grade A,2464
2023-12-05,Dhamtari,Grade A,2449
2023-12-06,Dhamtari,Grade A,2473
2023-12-07,Dhamtari,Grade A,2459
2023-12-08,Dhamtari,Grade A,2466
2023-12-09,Dhamtari,Grade A,2466
2023-12-10,Dhamtari,Grade A,2455
2023-12-11,Dhamtari,Grade A,2429
2023-12-12,Dhamtari,Grade A,2440
2023-12-13,Dhamtari,Grade A,2472
2023-12-14,Dhamtari,Grade A,2453
2023-12-15,Dhamtari,Grade A,2424
2023-12-16,Dhamtari,Grade A,2439
2023-12-17,Dhamtari,Grade A,2484
2023-12-18,Dhamtari,Grade A,2489
2023-12-19,Dhamtari,Grade A,2493
2023-12-20,Dhamtari,Grade A,2506
2023-12-21,Dhamtari,Grade A,2538
2023-12-22,Dhamtari,Grade A,2525
2023-12-23,Dhamtari,Grade A,2506
2023-12-24,Dhamtari,Grade A,2503
2023-12-25,Dhamtari,Grade A,2507
2023-12-26,Dhamtari,Grade A,2535
2023-12-27,Dhamtari,Grade A,2544
2023-12-28,Dhamtari,Grade A,2574
2023-12-29,Dhamtari,Grade A,2565
2023-12-30,Dhamtari,Grade A,2561
2023-12-31,Dhamtari,Grade A,2549
2024-01-01,Dhamtari,Grade A,2557
2024-01-02,Dhamtari,Grade A,2540
2024-01-03,Dhamtari,Grade A,2545
2024-01-04,Dhamtari,Grade A,2553
2024-01-05,Dhamtari,Grade A,2538
2024-01-06,Dhamtari,Grade A,2543
2024-01-07,Dhamtari,Grade A,2537
2024-01-08,Dhamtari,Grade A,2498
2024-01-09,Dhamtari,Grade A,2489
2024-01-10,Dhamtari,Grade A,2500
2024-01-11,Dhamtari,Grade A,2490
2024-01-12,Dhamtari,Grade A,2505
2024-01-13,Dhamtari,Grade A,2491
2024-01-14,Dhamtari,Grade A,2458
2024-01-15,Dhamtari,Grade A,2448
2024-01-16,Dhamtari,Grade A,2435
2024-01-17,Dhamtari,Grade A,2444
2024-01-18,Dhamtari,Grade A,2429
2024-01-19,Dhamtari,Grade A,2403
2024-01-20,Dhamtari,Grade A,2409
2024-01-21,Dhamtari,Grade A,2423
2024-01-22,Dhamtari,Grade A,2434
2024-01-23,Dhamtari,Grade A,2408
2024-01-24,Dhamtari,Grade A,2412
2024-01-25,Dhamtari,Grade A,2415
2024-01-26,Dhamtari,Grade A,2407
2024-01-27,Dhamtari,Grade A,2428
2024-01-28,Dhamtari,Grade A,2421
2024-01-29,Dhamtari,Grade A,2429
2024-01-30,Dhamtari,Grade A,2451
2024-01-31,Dhamtari,Grade A,2468
2024-02-01,Dhamtari,Grade A,2473
2024-02-02,Dhamtari,Grade A,2480
2024-02-03,Dhamtari,Grade A,2470
2024-02-04,Dhamtari,Grade A,2436
2024-02-05,Dhamtari,Grade A,2434
2024-02-06,Dhamtari,Grade A,2436
2024-02-07,Dhamtari,Grade A,2400
2024-02-08,Dhamtari,Grade A,2412
2024-02-09,Dhamtari,Grade A,2431
2024-02-10,Dhamtari,Grade A,2432
2024-02-11,Dhamtari,Grade A,2423
2024-02-12,Dhamtari,Grade A,2413
2024-02-13,Dhamtari,Grade A,2405
2024-02-14,Dhamtari,Grade A,2416
2024-02-15,Dhamtari,Grade A,2409
2024-02-16,Dhamtari,Grade A,2401
2024-02-17,Dhamtari,Grade A,2403
2024-02-18,Dhamtari,Grade A,2417
2024-02-19,Dhamtari,Grade A,2410
2024-02-20,Dhamtari,Grade A,2408
2024-02-21,Dhamtari,Grade A,2423
2024-02-22,Dhamtari,Grade A,2399
2024-02-23,Dhamtari,Grade A,2406
2024-02-24,Dhamtari,Grade A,2424
2024-02-25,Dhamtari,Grade A,2404
2024-02-26,Dhamtari,Grade A,2404
2024-02-27,Dhamtari,Grade A,2425
2024-02-28,Dhamtari,Grade A,2425
2024-02-29,Dhamtari,Grade A,2410
2024-03-01,Dhamtari,Grade A,2399
2024-03-02,Dhamtari,Grade A,2398
2024-03-03,Dhamtari,Grade A,2392
2024-03-04,Dhamtari,Grade A,2395
2024-03-05,Dhamtari,Grade A,2392
2024-03-06,Dhamtari,Grade A,2400
2024-03-07,Dhamtari,Grade A,2389
2024-03-08,Dhamtari,Grade A,2384
2024-03-09,Dhamtari,Grade A,2373
2024-03-10,Dhamtari,Grade A,2395
2024-03-11,Dhamtari,Grade A,2387
2024-03-12,Dhamtari,Grade A,2372
2024-03-13,Dhamtari,Grade A,2386
2024-03-14,Dhamtari,Grade A,2358
2024-03-15,Dhamtari,Grade A,2342
2024-03-16,Dhamtari,Grade A,2353
2024-03-17,Dhamtari,Grade A,2355
2024-03-18,Dhamtari,Grade A,2352
2024-03-19,Dhamtari,Grade A,2367
2024-03-20,Dhamtari,Grade A,2352
2024-03-21,Dhamtari,Grade A,2335
2024-03-22,Dhamtari,Grade A,2348
2024-03-23,Dhamtari,Grade A,2372
2024-03-24,Dhamtari,Grade A,2388
2024-03-25,Dhamtari,Grade A,2387
2024-03-26,Dhamtari,Grade A,2403
2024-03-27,Dhamtari,Grade A,2392
2024-03-28,Dhamtari,Grade A,2394
2024-03-29,Dhamtari,Grade A,2358
2024-03-30,Dhamtari,Grade A,2386
2024-03-31,Dhamtari,Grade A,2373
2024-04-01,Dhamtari,Grade A,2403
2024-04-02,Dhamtari,Grade A,2407
2024-04-03,Dhamtari,Grade A,2392
2024-04-04,Dhamtari,Grade A,2396
2024-04-05,Dhamtari,Grade A,2348
2024-04-06,Dhamtari,Grade A,2319
2024-04-07,Dhamtari,Grade A,2320
2024-04-08,Dhamtari,Grade A,2303
2024-04-09,Dhamtari,Grade A,2297
2024-04-10,Dhamtari,Grade A,2314
2024-04-11,Dhamtari,Grade A,2297
2024-04-12,Dhamtari,Grade A,2309
2024-04-13,Dhamtari,Grade A,2302
2024-04-14,Dhamtari,Grade A,2323
2024-04-15,Dhamtari,Grade A,2363
2024-04-16,Dhamtari,Grade A,2365
2024-04-17,Dhamtari,Grade A,2371
2024-04-18,Dhamtari,Grade A,2375
2024-04-19,Dhamtari,Grade A,2390
2024-04-20,Dhamtari,Grade A,2399
2024-04-21,Dhamtari,Grade A,2393
2024-04-22,Dhamtari,Grade A,2384
2024-04-23,Dhamtari,Grade A,2375
2024-04-24,Dhamtari,Grade A,2373
2024-04-25,Dhamtari,Grade A,2381
2024-04-26,Dhamtari,Grade A,2406
2024-04-27,Dhamtari,Grade A,2395
2024-04-28,Dhamtari,Grade A,2405
2024-04-29,Dhamtari,Grade A,2427
2024-04-30,Dhamtari,Grade A,2398
2024-05-01,Dhamtari,Grade A,2367
2024-05-02,Dhamtari,Grade A,2374
2024-05-03,Dhamtari,Grade A,2379
2024-05-04,Dhamtari,Grade A,2351
2024-05-05,Dhamtari,Grade A,2336
2024-05-06,Dhamtari,Grade A,2314
2024-05-07,Dhamtari,Grade A,2322
2024-05-08,Dhamtari,Grade A,2319
2024-05-09,Dhamtari,Grade A,2319
2024-05-10,Dhamtari,Grade A,2300
2024-05-11,Dhamtari,Grade A,2304
2024-05-12,Dhamtari,Grade A,2286
2024-05-13,Dhamtari,Grade A,2270
2024-05-14,Dhamtari,Grade A,2288
2024-05-15,Dhamtari,Grade A,2300
2024-05-16,Dhamtari,Grade A,2308
2024-05-17,Dhamtari,Grade A,2291
2024-05-18,Dhamtari,Grade A,2277
2024-05-19,Dhamtari,Grade A,2269
2024-05-20,Dhamtari,Grade A,2290
2024-05-21,Dhamtari,Grade A,2278
2024-05-22,Dhamtari,Grade A,2271
2024-05-23,Dhamtari,Grade A,2283
2024-05-24,Dhamtari,Grade A,2280
2024-05-25,Dhamtari,Grade A,2258
2024-05-26,Dhamtari,Grade A,2271
2024-05-27,Dhamtari,Grade A,2267
2024-05-28,Dhamtari,Grade A,2265
2024-05-29,Dhamtari,Grade A,2240
2024-05-30,Dhamtari,Grade A,2236
2024-05-31,Dhamtari,Grade A,2256
2024-06-01,Dhamtari,Grade A,2265
2024-06-02,Dhamtari,Grade A,2240
2024-06-03,Dhamtari,Grade A,2263
2024-06-04,Dhamtari,Grade A,2256
2024-06-05,Dhamtari,Grade A,2247
2024-06-06,Dhamtari,Grade A,2238
2024-06-07,Dhamtari,Grade A,2251
2024-06-08,Dhamtari,Grade A,2266
2024-06-09,Dhamtari,Grade A,2264
2024-06-10,Dhamtari,Grade A,2285
2024-06-11,Dhamtari,Grade A,2293
2024-06-12,Dhamtari,Grade A,2282
2024-06-13,Dhamtari,Grade A,2284
2024-06-14,Dhamtari,Grade A,2295
2024-06-15,Dhamtari,Grade A,2280
2024-06-16,Dhamtari,Grade A,2301
2024-06-17,Dhamtari,Grade A,2273
2024-06-18,Dhamtari,Grade A,2296
2024-06-19,Dhamtari,Grade A,2305
2024-06-20,Dhamtari,Grade A,2313
2024-06-21,Dhamtari,Grade A,2315
2024-06-22,Dhamtari,Grade A,2302
2024-06-23,Dhamtari,Grade A,2311
2024-06-24,Dhamtari,Grade A,2308
2024-06-25,Dhamtari,Grade A,2297
2024-06-26,Dhamtari,Grade A,2290
2024-06-27,Dhamtari,Grade A,2290
2024-06-28,Dhamtari,Grade A,2282
2024-06-29,Dhamtari,Grade A,2289
2024-06-30,Dhamtari,Grade A,2298
2024-07-01,Dhamtari,Grade A,2251
2024-07-02,Dhamtari,Grade A,2257
2024-07-03,Dhamtari,Grade A,2264
2024-07-04,Dhamtari,Grade A,2274
2024-07-05,Dhamtari,Grade A,2296
2024-07-06,Dhamtari,Grade A,2302
2024-07-07,Dhamtari,Grade A,2311
2024-07-08,Dhamtari,Grade A,2316
2024-07-09,Dhamtari,Grade A,2314
2024-07-10,Dhamtari,Grade A,2296
2024-07-11,Dhamtari,Grade A,2304
2024-07-12,Dhamtari,Grade A,2299
2024-07-13,Dhamtari,Grade A,2292
2024-07-14,Dhamtari,Grade A,2291
2024-07-15,Dhamtari,Grade A,2318
2024-07-16,Dhamtari,Grade A,2312
2024-07-17,Dhamtari,Grade A,2325
2024-07-18,Dhamtari,Grade A,2327
2024-07-19,Dhamtari,Grade A,2339
2024-07-20,Dhamtari,Grade A,2352
2024-07-21,Dhamtari,Grade A,2359
2024-07-22,Dhamtari,Grade A,2364
2024-07-23,Dhamtari,Grade A,2347
2024-07-24,Dhamtari,Grade A,2336
2024-07-25,Dhamtari,Grade A,2318
2024-07-26,Dhamtari,Grade A,2314
2024-07-27,Dhamtari,Grade A,2331
2024-07-28,Dhamtari,Grade A,2333
2024-07-29,Dhamtari,Grade A,2307
2024-07-30,Dhamtari,Grade A,2313
2024-07-31,Dhamtari,Grade A,2306
2024-08-01,Dhamtari,Grade A,2311
2024-08-02,Dhamtari,Grade A,2312
2024-08-03,Dhamtari,Grade A,2325
2024-08-04,Dhamtari,Grade A,2327
2024-08-05,Dhamtari,Grade A,2348
2024-08-06,Dhamtari,Grade A,2352
2024-08-07,Dhamtari,Grade A,2349
2024-08-08,Dhamtari,Grade A,2362
2024-08-09,Dhamtari,Grade A,2367
2024-08-10,Dhamtari,Grade A,2361
2024-08-11,Dhamtari,Grade A,2375
2024-08-12,Dhamtari,Grade A,2375
2024-08-13,Dhamtari,Grade A,2374
2024-08-14,Dhamtari,Grade A,2365
2024-08-15,Dhamtari,Grade A,2362
2024-08-16,Dhamtari,Grade A,2393
2024-08-17,Dhamtari,Grade A,2413
2024-08-18,Dhamtari,Grade A,2418
2024-08-19,Dhamtari,Grade A,2431
2024-08-20,Dhamtari,Grade A,2429
2024-08-21,Dhamtari,Grade A,2422
2024-08-22,Dhamtari,Grade A,2394
2024-08-23,Dhamtari,Grade A,2405
2024-08-24,Dhamtari,Grade A,2416
2024-08-25,Dhamtari,Grade A,2422
2024-08-26,Dhamtari,Grade A,2425
2024-08-27,Dhamtari,Grade A,2427
2024-08-28,Dhamtari,Grade A,2431
2024-08-29,Dhamtari,Grade A,2449
2024-08-30,Dhamtari,Grade A,2490
2024-08-31,Dhamtari,Grade A,2478
2024-09-01,Dhamtari,Grade A,2497
2024-09-02,Dhamtari,Grade A,2483
2024-09-03,Dhamtari,Grade A,2476
2024-09-04,Dhamtari,Grade A,2458
2024-09-05,Dhamtari,Grade A,2472
2024-09-06,Dhamtari,Grade A,2458
2024-09-07,Dhamtari,Grade A,2450
2024-09-08,Dhamtari,Grade A,2460
2024-09-09,Dhamtari,Grade A,2447
2024-09-10,Dhamtari,Grade A,2434
2024-09-11,Dhamtari,Grade A,2405
2024-09-12,Dhamtari,Grade A,2396
2024-09-13,Dhamtari,Grade A,2425
2024-09-14,Dhamtari,Grade A,2427
2024-09-15,Dhamtari,Grade A,2414
2024-09-16,Dhamtari,Grade A,2422
2024-09-17,Dhamtari,Grade A,2430
2024-09-18,Dhamtari,Grade A,2438
2024-09-19,Dhamtari,Grade A,2439
2024-09-20,Dhamtari,Grade A,2425
2024-09-21,Dhamtari,Grade A,2420
2024-09-22,Dhamtari,Grade A,2393
2024-09-23,Dhamtari,Grade A,2414
2024-09-24,Dhamtari,Grade A,2421
2024-09-25,Dhamtari,Grade A,2426
2024-09-26,Dhamtari,Grade A,2435
2024-09-27,Dhamtari,Grade A,2438
2024-09-28,Dhamtari,Grade A,2455
2024-09-29,Dhamtari,Grade A,2447
2024-09-30,Dhamtari,Grade A,2450
2024-10-01,Dhamtari,Grade A,2430
2024-10-02,Dhamtari,Grade A,2405
2024-10-03,Dhamtari,Grade A,2415
2024-10-04,Dhamtari,Grade A,2420
2024-10-05,Dhamtari,Grade A,2422
2024-10-06,Dhamtari,Grade A,2440
2024-10-07,Dhamtari,Grade A,2441
2024-10-08,Dhamtari,Grade A,2467
2024-10-09,Dhamtari,Grade A,2472
2024-10-10,Dhamtari,Grade A,2499
2024-10-11,Dhamtari,Grade A,2505
2024-10-12,Dhamtari,Grade A,2481
2024-10-13,Dhamtari,Grade A,2493
2024-10-14,Dhamtari,Grade A,2493
2024-10-15,Dhamtari,Grade A,2484
2024-10-16,Dhamtari,Grade A,2496
2024-10-17,Dhamtari,Grade A,2490
2024-10-18,Dhamtari,Grade A,2466
2024-10-19,Dhamtari,Grade A,2456
2024-10-20,Dhamtari,Grade A,2459
2024-10-21,Dhamtari,Grade A,2465
2024-10-22,Dhamtari,Grade A,2491
2024-10-23,Dhamtari,Grade A,2497
2024-10-24,Dhamtari,Grade A,2487
2024-10-25,Dhamtari,Grade A,2471
2024-10-26,Dhamtari,Grade A,2494
2024-10-27,Dhamtari,Grade A,2482
2024-10-28,Dhamtari,Grade A,2482
2024-10-29,Dhamtari,Grade A,2483
2024-10-30,Dhamtari,Grade A,2498
2024-10-31,Dhamtari,Grade A,2499
2024-11-01,Dhamtari,Grade A,2508
2024-11-02,Dhamtari,Grade A,2523
2024-11-03,Dhamtari,Grade A,2525
2024-11-04,Dhamtari,Grade A,2522
2024-11-05,Dhamtari,Grade A,2538
2024-11-06,Dhamtari,Grade A,2528
2024-11-07,Dhamtari,Grade A,2507
2024-11-08,Dhamtari,Grade A,2479
2024-11-09,Dhamtari,Grade A,2492
2024-11-10,Dhamtari,Grade A,2499
2024-11-11,Dhamtari,Grade A,2494
2024-11-12,Dhamtari,Grade A,2505
2024-11-13,Dhamtari,Grade A,2538
2024-11-14,Dhamtari,Grade A,2508
2024-11-15,Dhamtari,Grade A,2499
2024-11-16,Dhamtari,Grade A,2506
2024-11-17,Dhamtari,Grade A,2489
2024-11-18,Dhamtari,Grade A,2522
2024-11-19,Dhamtari,Grade A,2539
2024-11-20,Dhamtari,Grade A,2562
2024-11-21,Dhamtari,Grade A,2537
2024-11-22,Dhamtari,Grade A,2545
2024-11-23,Dhamtari,Grade A,2560
2024-11-24,Dhamtari,Grade A,2548
2024-11-25,Dhamtari,Grade A,2556
2024-11-26,Dhamtari,Grade A,2585
2024-11-27,Dhamtari,Grade A,2583
2024-11-28,Dhamtari,Grade A,2602
2024-11-29,Dhamtari,Grade A,2627
2024-11-30,Dhamtari,Grade A,2623
2024-12-01,Dhamtari,Grade A,2624
2024-12-02,Dhamtari,Grade A,2604
2024-12-03,Dhamtari,Grade A,2622
2024-12-04,Dhamtari,Grade A,2616
2024-12-05,Dhamtari,Grade A,2605
2024-12-06,Dhamtari,Grade A,2603
2024-12-07,Dhamtari,Grade A,2616
2024-12-08,Dhamtari,Grade A,2613
2024-12-09,Dhamtari,Grade A,2599
2024-12-10,Dhamtari,Grade A,2593
2024-12-11,Dhamtari,Grade A,2605
2024-12-12,Dhamtari,Grade A,2615
2024-12-13,Dhamtari,Grade A,2609
2024-12-14,Dhamtari,Grade A,2611
2024-12-15,Dhamtari,Grade A,2599
2024-12-16,Dhamtari,Grade A,2617
2024-12-17,Dhamtari,Grade A,2627
2024-12-18,Dhamtari,Grade A,2618
2024-12-19,Dhamtari,Grade A,2634
2024-12-20,Dhamtari,Grade A,2635
2024-12-21,Dhamtari,Grade A,2619
2024-12-22,Dhamtari,Grade A,2619
2024-12-23,Dhamtari,Grade A,2620
2024-12-24,Dhamtari,Grade A,2611
2024-12-25,Dhamtari,Grade A,2603
2024-12-26,Dhamtari,Grade A,2583
2024-12-27,Dhamtari,Grade A,2574
2024-12-28,Dhamtari,Grade A,2560
2024-12-29,Dhamtari,Grade A,2526
2024-12-30,Dhamtari,Grade A,2505
2024-12-31,Dhamtari,Grade A,2532
2025-01-01,Dhamtari,Grade A,2514
2025-01-02,Dhamtari,Grade A,2536
2025-01-03,Dhamtari,Grade A,2560
2025-01-04,Dhamtari,Grade A,2536
2025-01-05,Dhamtari,Grade A,2527
2025-01-06,Dhamtari,Grade A,2508
2025-01-07,Dhamtari,Grade A,2482
2025-01-08,Dhamtari,Grade A,2495
2025-01-09,Dhamtari,Grade A,2503
2025-01-10,Dhamtari,Grade A,2496
2025-01-11,Dhamtari,Grade A,2481
2025-01-12,Dhamtari,Grade A,2481
2025-01-13,Dhamtari,Grade A,2475
2025-01-14,Dhamtari,Grade A,2497
2025-01-15,Dhamtari,Grade A,2514
2025-01-16,Dhamtari,Grade A,2500
2025-01-17,Dhamtari,Grade A,2511
2025-01-18,Dhamtari,Grade A,2516
2025-01-19,Dhamtari,Grade A,2527
2025-01-20,Dhamtari,Grade A,2539
2025-01-21,Dhamtari,Grade A,2538
2025-01-22,Dhamtari,Grade A,2515
2025-01-23,Dhamtari,Grade A,2513
2025-01-24,Dhamtari,Grade A,2498
2025-01-25,Dhamtari,Grade A,2499
2025-01-26,Dhamtari,Grade A,2505
2025-01-27,Dhamtari,Grade A,2500
2025-01-28,Dhamtari,Grade A,2516
2025-01-29,Dhamtari,Grade A,2521
2025-01-30,Dhamtari,Grade A,2502
2025-01-31,Dhamtari,Grade A,2488
2025-02-01,Dhamtari,Grade A,2496
2025-02-02,Dhamtari,Grade A,2520
2025-02-03,Dhamtari,Grade A,2508
2025-02-04,Dhamtari,Grade A,2509
2025-02-05,Dhamtari,Grade A,2507
2025-02-06,Dhamtari,Grade A,2514
2025-02-07,Dhamtari,Grade A,2527
2025-02-08,Dhamtari,Grade A,2518
2025-02-09,Dhamtari,Grade A,2500
2025-02-10,Dhamtari,Grade A,2509
2025-02-11,Dhamtari,Grade A,2488
2025-02-12,Dhamtari,Grade A,2475
2025-02-13,Dhamtari,Grade A,2473
2025-02-14,Dhamtari,Grade A,2484
2025-02-15,Dhamtari,Grade A,2468
2025-02-16,Dhamtari,Grade A,2489
2025-02-17,Dhamtari,Grade A,2477
2025-02-18,Dhamtari,Grade A,2460
2025-02-19,Dhamtari,Grade A,2451
2025-02-20,Dhamtari,Grade A,2439
2025-02-21,Dhamtari,Grade A,2434
2025-02-22,Dhamtari,Grade A,2426
2025-02-23,Dhamtari,Grade A,2438
2025-02-24,Dhamtari,Grade A,2458
2025-02-25,Dhamtari,Grade A,2435
2025-02-26,Dhamtari,Grade A,2462
2025-02-27,Dhamtari,Grade A,2482
2025-02-28,Dhamtari,Grade A,2479
2025-03-01,Dhamtari,Grade A,2511
2025-03-02,Dhamtari,Grade A,2479
2025-03-03,Dhamtari,Grade A,2467
2025-03-04,Dhamtari,Grade A,2452
2025-03-05,Dhamtari,Grade A,2484
2025-03-06,Dhamtari,Grade A,2490
2025-03-07,Dhamtari,Grade A,2510
2025-03-08,Dhamtari,Grade A,2502
2025-03-09,Dhamtari,Grade A,2497
2025-03-10,Dhamtari,Grade A,2462
2025-03-11,Dhamtari,Grade A,2460
2025-03-12,Dhamtari,Grade A,2444
2025-03-13,Dhamtari,Grade A,2461
2025-03-14,Dhamtari,Grade A,2469
2025-03-15,Dhamtari,Grade A,2448
2025-03-16,Dhamtari,Grade A,2449
2025-03-17,Dhamtari,Grade A,2462
2025-03-18,Dhamtari,Grade A,2452
2025-03-19,Dhamtari,Grade A,2467
2025-03-20,Dhamtari,Grade A,2445
2025-03-21,Dhamtari,Grade A,2466
2025-03-22,Dhamtari,Grade A,2437
2025-03-23,Dhamtari,Grade A,2452
2025-03-24,Dhamtari,Grade A,2436
2025-03-25,Dhamtari,Grade A,2442
2025-03-26,Dhamtari,Grade A,2446
2025-03-27,Dhamtari,Grade A,2429
2025-03-28,Dhamtari,Grade A,2427
2025-03-29,Dhamtari,Grade A,2415
2025-03-30,Dhamtari,Grade A,2414
2025-03-31,Dhamtari,Grade A,2404
2025-04-01,Dhamtari,Grade A,2421
2025-04-02,Dhamtari,Grade A,2411
2025-04-03,Dhamtari,Grade A,2435
2025-04-04,Dhamtari,Grade A,2429
2025-04-05,Dhamtari,Grade A,2443
2025-04-06,Dhamtari,Grade A,2431
2025-04-07,Dhamtari,Grade A,2410
2025-04-08,Dhamtari,Grade A,2401
2025-04-09,Dhamtari,Grade A,2384
2025-04-10,Dhamtari,Grade A,2379
2025-04-11,Dhamtari,Grade A,2381
2025-04-12,Dhamtari,Grade A,2395
2025-04-13,Dhamtari,Grade A,2386
2025-04-14,Dhamtari,Grade A,2387
2025-04-15,Dhamtari,Grade A,2390
2025-04-16,Dhamtari,Grade A,2390
2025-04-17,Dhamtari,Grade A,2385
2025-04-18,Dhamtari,Grade A,2379
2025-04-19,Dhamtari,Grade A,2372
2025-04-20,Dhamtari,Grade A,2366
2025-04-21,Dhamtari,Grade A,2353
2025-04-22,Dhamtari,Grade A,2368
2025-04-23,Dhamtari,Grade A,2379
2025-04-24,Dhamtari,Grade A,2368
2025-04-25,Dhamtari,Grade A,2380
2025-04-26,Dhamtari,Grade A,2386
2025-04-27,Dhamtari,Grade A,2383
2025-04-28,Dhamtari,Grade A,2391
2025-04-29,Dhamtari,Grade A,2379
2025-04-30,Dhamtari,Grade A,2393
2025-05-01,Dhamtari,Grade A,2365
2025-05-02,Dhamtari,Grade A,2353
2025-05-03,Dhamtari,Grade A,2368
2025-05-04,Dhamtari,Grade A,2365
2025-05-05,Dhamtari,Grade A,2384
2025-05-06,Dhamtari,Grade A,2390
2025-05-07,Dhamtari,Grade A,2409
2025-05-08,Dhamtari,Grade A,2392
2025-05-09,Dhamtari,Grade A,2382
2025-05-10,Dhamtari,Grade A,2359
2025-05-11,Dhamtari,Grade A,2351
2025-05-12,Dhamtari,Grade A,2343
2025-05-13,Dhamtari,Grade A,2323
2025-05-14,Dhamtari,Grade A,2322
2025-05-15,Dhamtari,Grade A,2314
2025-05-16,Dhamtari,Grade A,2302
2025-05-17,Dhamtari,Grade A,2303
2025-05-18,Dhamtari,Grade A,2278
2025-05-19,Dhamtari,Grade A,2296
2025-05-20,Dhamtari,Grade A,2301
2025-05-21,Dhamtari,Grade A,2284
2025-05-22,Dhamtari,Grade A,2292
2025-05-23,Dhamtari,Grade A,2283
2025-05-24,Dhamtari,Grade A,2265
2025-05-25,Dhamtari,Grade A,2248
2025-05-26,Dhamtari,Grade A,2229
2025-05-27,Dhamtari,Grade A,2251
2025-05-28,Dhamtari,Grade A,2267
2025-05-29,Dhamtari,Grade A,2271
2025-05-30,Dhamtari,Grade A,2282
2025-05-31,Dhamtari,Grade A,2293
2025-06-01,Dhamtari,Grade A,2297
2025-06-02,Dhamtari,Grade A,2319
2025-06-03,Dhamtari,Grade A,2296
2025-06-04,Dhamtari,Grade A,2311
2025-06-05,Dhamtari,Grade A,2301
2025-06-06,Dhamtari,Grade A,2314
2025-06-07,Dhamtari,Grade A,2340
2025-06-08,Dhamtari,Grade A,2343
2025-06-09,Dhamtari,Grade A,2325
2025-06-10,Dhamtari,Grade A,2313
2025-06-11,Dhamtari,Grade A,2313
2025-06-12,Dhamtari,Grade A,2321
2025-06-13,Dhamtari,Grade A,2322
2025-06-14,Dhamtari,Grade A,2318
2025-06-15,Dhamtari,Grade A,2296
2025-06-16,Dhamtari,Grade A,2311
2025-06-17,Dhamtari,Grade A,2325
2025-06-18,Dhamtari,Grade A,2319
2025-06-19,Dhamtari,Grade A,2315
2025-06-20,Dhamtari,Grade A,2326
2025-06-21,Dhamtari,Grade A,2313
2025-06-22,Dhamtari,Grade A,2327
2025-06-23,Dhamtari,Grade A,2334
2025-06-24,Dhamtari,Grade A,2349
2025-06-25,Dhamtari,Grade A,2358
2025-06-26,Dhamtari,Grade A,2367
2025-06-27,Dhamtari,Grade A,2389
2025-06-28,Dhamtari,Grade A,2386
2025-06-29,Dhamtari,Grade A,2379
2025-06-30,Dhamtari,Grade A,2365
2025-07-01,Dhamtari,Grade A,2374
2025-07-02,Dhamtari,Grade A,2371
2025-07-03,Dhamtari,Grade A,2374
2025-07-04,Dhamtari,Grade A,2373
2025-07-05,Dhamtari,Grade A,2383
2025-07-06,Dhamtari,Grade A,2400
2025-07-07,Dhamtari,Grade A,2419
2025-07-08,Dhamtari,Grade A,2432
2025-07-09,Dhamtari,Grade A,2418
2025-07-10,Dhamtari,Grade A,2423
2025-07-11,Dhamtari,Grade A,2422
2025-07-12,Dhamtari,Grade A,2411
2025-07-13,Dhamtari,Grade A,2402
2025-07-14,Dhamtari,Grade A,2386
2025-07-15,Dhamtari,Grade A,2367
2025-07-16,Dhamtari,Grade A,2394
2025-07-17,Dhamtari,Grade A,2402
2025-07-18,Dhamtari,Grade A,2421
2025-07-19,Dhamtari,Grade A,2418
2025-07-20,Dhamtari,Grade A,2400
2025-07-21,Dhamtari,Grade A,2372
2025-07-22,Dhamtari,Grade A,2373
2025-07-23,Dhamtari,Grade A,2388
2025-07-24,Dhamtari,Grade A,2391
2025-07-25,Dhamtari,Grade A,2396
2025-07-26,Dhamtari,Grade A,2374
2025-07-27,Dhamtari,Grade A,2355
2025-07-28,Dhamtari,Grade A,2379
2025-07-29,Dhamtari,Grade A,2408
2025-07-30,Dhamtari,Grade A,2387
2025-07-31,Dhamtari,Grade A,2398
2025-08-01,Dhamtari,Grade A,2393
2025-08-02,Dhamtari,Grade A,2374
2025-08-03,Dhamtari,Grade A,2388
2025-08-04,Dhamtari,Grade A,2410
2025-08-05,Dhamtari,Grade A,2406
2025-08-06,Dhamtari,Grade A,2422
2025-08-07,Dhamtari,Grade A,2436
2025-08-08,Dhamtari,Grade A,2416
2025-08-09,Dhamtari,Grade A,2414
2025-08-10,Dhamtari,Grade A,2393
2025-08-11,Dhamtari,Grade A,2412
2025-08-12,Dhamtari,Grade A,2392
2025-08-13,Dhamtari,Grade A,2384
2025-08-14,Dhamtari,Grade A,2420
2025-08-15,Dhamtari,Grade A,2414
2025-08-16,Dhamtari,Grade A,2442
2025-08-17,Dhamtari,Grade A,2454
2025-08-18,Dhamtari,Grade A,2431
2025-08-19,Dhamtari,Grade A,2420
2025-08-20,Dhamtari,Grade A,2432
2025-08-21,Dhamtari,Grade A,2455
2025-08-22,Dhamtari,Grade A,2441
2025-08-23,Dhamtari,Grade A,2412
2025-08-24,Dhamtari,Grade A,2415
2025-08-25,Dhamtari,Grade A,2445
2025-08-26,Dhamtari,Grade A,2429
2025-08-27,Dhamtari,Grade A,2432
2025-08-28,Dhamtari,Grade A,2477
2025-08-29,Dhamtari,Grade A,2484
2025-08-30,Dhamtari,Grade A,2471
2025-08-31,Dhamtari,Grade A,2519
2025-09-01,Dhamtari,Grade A,2522
2025-09-02,Dhamtari,Grade A,2502
2025-09-03,Dhamtari,Grade A,2512
2025-09-04,Dhamtari,Grade A,2503
2025-09-05,Dhamtari,Grade A,2520
2025-09-06,Dhamtari,Grade A,2521
2025-09-07,Dhamtari,Grade A,2505
2025-09-08,Dhamtari,Grade A,2483
2025-09-09,Dhamtari,Grade A,2507
2025-09-10,Dhamtari,Grade A,2489
2025-09-11,Dhamtari,Grade A,2490
2025-09-12,Dhamtari,Grade A,2508
2025-09-13,Dhamtari,Grade A,2522
2025-09-14,Dhamtari,Grade A,2534
2025-09-15,Dhamtari,Grade A,2550
2025-09-16,Dhamtari,Grade A,2521
2025-09-17,Dhamtari,Grade A,2508
2025-09-18,Dhamtari,Grade A,2516
2025-09-19,Dhamtari,Grade A,2547
2025-09-20,Dhamtari,Grade A,2569
2025-09-21,Dhamtari,Grade A,2561
2025-09-22,Dhamtari,Grade A,2543
2025-09-23,Dhamtari,Grade A,2538
2025-09-24,Dhamtari,Grade A,2530
2025-09-25,Dhamtari,Grade A,2521
2025-09-26,Dhamtari,Grade A,2526
2025-09-27,Dhamtari,Grade A,2515
2025-09-28,Dhamtari,Grade A,2516
2025-09-29,Dhamtari,Grade A,2550
2025-09-30,Dhamtari,Grade A,2550
2025-10-01,Dhamtari,Grade A,2512
2025-10-02,Dhamtari,Grade A,2508
2025-10-03,Dhamtari,Grade A,2539
2025-10-04,Dhamtari,Grade A,2550
2025-10-05,Dhamtari,Grade A,2559
2025-10-06,Dhamtari,Grade A,2558
2025-10-07,Dhamtari,Grade A,2532
2025-10-08,Dhamtari,Grade A,2538
2025-10-09,Dhamtari,Grade A,2513
2025-10-10,Dhamtari,Grade A,2485
2025-10-11,Dhamtari,Grade A,2483
2025-10-12,Dhamtari,Grade A,2495
2025-10-13,Dhamtari,Grade A,2489
2025-10-14,Dhamtari,Grade A,2522
2025-10-15,Dhamtari,Grade A,2556
2025-10-16,Dhamtari,Grade A,2567
2025-10-17,Dhamtari,Grade A,2587
2025-10-18,Dhamtari,Grade A,2574
2025-10-19,Dhamtari,Grade A,2573
2025-10-20,Dhamtari,Grade A,2564
2025-10-21,Dhamtari,Grade A,2533
2025-10-22,Dhamtari,Grade A,2544
2025-10-23,Dhamtari,Grade A,2532
2025-10-24,Dhamtari,Grade A,2520
2025-10-25,Dhamtari,Grade A,2522
2025-10-26,Dhamtari,Grade A,2538
2025-10-27,Dhamtari,Grade A,2562
2025-10-28,Dhamtari,Grade A,2562
2025-10-29,Dhamtari,Grade A,2579
2025-10-30,Dhamtari,Grade A,2571
2025-10-31,Dhamtari,Grade A,2579
2025-11-01,Dhamtari,Grade A,2584
2025-11-02,Dhamtari,Grade A,2580
2025-11-03,Dhamtari,Grade A,2576
2025-11-04,Dhamtari,Grade A,2604
2025-11-05,Dhamtari,Grade A,2599
2025-11-06,Dhamtari,Grade A,2597
2025-11-07,Dhamtari,Grade A,2591
2025-11-08,Dhamtari,Grade A,2573
2025-11-09,Dhamtari,Grade A,2587
2025-11-10,Dhamtari,Grade A,2560
2025-11-11,Dhamtari,Grade A,2545
2025-11-12,Dhamtari,Grade A,2547
2025-11-13,Dhamtari,Grade A,2553
2025-11-14,Dhamtari,Grade A,2531
2025-11-15,Dhamtari,Grade A,2519
2025-11-16,Dhamtari,Grade A,2488
2025-11-17,Dhamtari,Grade A,2500
2025-11-18,Dhamtari,Grade A,2509
2025-11-19,Dhamtari,Grade A,2491
2025-11-20,Dhamtari,Grade A,2509
2025-11-21,Dhamtari,Grade A,2535
2025-11-22,Dhamtari,Grade A,2538
2025-11-23,Dhamtari,Grade A,2546
2025-11-24,Dhamtari,Grade A,2547
2025-11-25,Dhamtari,Grade A,2575
2025-11-26,Dhamtari,Grade A,2577
2025-11-27,Dhamtari,Grade A,2566
2025-11-28,Dhamtari,Grade A,2527
2025-11-29,Dhamtari,Grade A,2537
2025-11-30,Dhamtari,Grade A,2529
2025-12-01,Dhamtari,Grade A,2539
2025-12-02,Dhamtari,Grade A,2557
2025-12-03,Dhamtari,Grade A,2562
2025-12-04,Dhamtari,Grade A,2587
2025-12-05,Dhamtari,Grade A,2574
2025-12-06,Dhamtari,Grade A,2600
2025-12-07,Dhamtari,Grade A,2588
2025-12-08,Dhamtari,Grade A,2620
2025-12-09,Dhamtari,Grade A,2626
2025-12-10,Dhamtari,Grade A,2648
2025-12-11,Dhamtari,Grade A,2638
2025-12-12,Dhamtari,Grade A,2638
2025-12-13,Dhamtari,Grade A,2632
2025-12-14,Dhamtari,Grade A,2625
2025-12-15,Dhamtari,Grade A,2613
2025-12-16,Dhamtari,Grade A,2624
2025-12-17,Dhamtari,Grade A,2618
2025-12-18,Dhamtari,Grade A,2610
2025-12-19,Dhamtari,Grade A,2610
2025-12-20,Dhamtari,Grade A,2586
2025-12-21,Dhamtari,Grade A,2586
2025-12-22,Dhamtari,Grade A,2590
2025-12-23,Dhamtari,Grade A,2587
2025-12-24,Dhamtari,Grade A,2582
2025-12-25,Dhamtari,Grade A,2597
2025-12-26,Dhamtari,Grade A,2592
2025-12-27,Dhamtari,Grade A,2573
2025-12-28,Dhamtari,Grade A,2586
2025-12-29,Dhamtari,Grade A,2592
2025-12-30,Dhamtari,Grade A,2584
2025-12-31,Dhamtari,Grade A,2583
2022-01-01,Bilaspur,Common,2271
2022-01-02,Bilaspur,Common,2279
2022-01-03,Bilaspur,Common,2290
2022-01-04,Bilaspur,Common,2295
2022-01-05,Bilaspur,Common,2302
2022-01-06,Bilaspur,Common,2283
2022-01-07,Bilaspur,Common,2302
2022-01-08,Bilaspur,Common,2302
2022-01-09,Bilaspur,Common,2279
2022-01-10,Bilaspur,Common,2306
2022-01-11,Bilaspur,Common,2326
2022-01-12,Bilaspur,Common,2327
2022-01-13,Bilaspur,Common,2286
2022-01-14,Bilaspur,Common,2300
2022-01-15,Bilaspur,Common,2283
2022-01-16,Bilaspur,Common,2274
2022-01-17,Bilaspur,Common,2253
2022-01-18,Bilaspur,Common,2261
2022-01-19,Bilaspur,Common,2263
2022-01-20,Bilaspur,Common,2259
2022-01-21,Bilaspur,Common,2277
2022-01-22,Bilaspur,Common,2289
2022-01-23,Bilaspur,Common,2295
2022-01-24,Bilaspur,Common,2300
2022-01-25,Bilaspur,Common,2297
2022-01-26,Bilaspur,Common,2294
2022-01-27,Bilaspur,Common,2321
2022-01-28,Bilaspur,Common,2324
2022-01-29,Bilaspur,Common,2346
2022-01-30,Bilaspur,Common,2353
2022-01-31,Bilaspur,Common,2329
2022-02-01,Bilaspur,Common,2310
2022-02-02,Bilaspur,Common,2310
2022-02-03,Bilaspur,Common,2288
2022-02-04,Bilaspur,Common,2299
2022-02-05,Bilaspur,Common,2265
2022-02-06,Bilaspur,Common,2281
2022-02-07,Bilaspur,Common,2278
2022-02-08,Bilaspur,Common,2253
2022-02-09,Bilaspur,Common,2247
2022-02-10,Bilaspur,Common,2269
2022-02-11,Bilaspur,Common,2292
2022-02-12,Bilaspur,Common,2289
2022-02-13,Bilaspur,Common,2277
2022-02-14,Bilaspur,Common,2280
2022-02-15,Bilaspur,Common,2288
2022-02-16,Bilaspur,Common,2283
2022-02-17,Bilaspur,Common,2306
2022-02-18,Bilaspur,Common,2307
2022-02-19,Bilaspur,Common,2300
2022-02-20,Bilaspur,Common,2302
2022-02-21,Bilaspur,Common,2252
2022-02-22,Bilaspur,Common,2270
2022-02-23,Bilaspur,Common,2265
2022-02-24,Bilaspur,Common,2249
2022-02-25,Bilaspur,Common,2248
2022-02-26,Bilaspur,Common,2244
2022-02-27,Bilaspur,Common,2230
2022-02-28,Bilaspur,Common,2217
2022-03-01,Bilaspur,Common,2193
2022-03-02,Bilaspur,Common,2207
2022-03-03,Bilaspur,Common,2211
2022-03-04,Bilaspur,Common,2216
2022-03-05,Bilaspur,Common,2179
2022-03-06,Bilaspur,Common,2173
2022-03-07,Bilaspur,Common,2153
2022-03-08,Bilaspur,Common,2141
2022-03-09,Bilaspur,Common,2131
2022-03-10,Bilaspur,Common,2164
2022-03-11,Bilaspur,Common,2153
2022-03-12,Bilaspur,Common,2130
2022-03-13,Bilaspur,Common,2122
2022-03-14,Bilaspur,Common,2117
2022-03-15,Bilaspur,Common,2104
2022-03-16,Bilaspur,Common,2105
2022-03-17,Bilaspur,Common,2093
2022-03-18,Bilaspur,Common,2104
2022-03-19,Bilaspur,Common,2132
2022-03-20,Bilaspur,Common,2164
2022-03-21,Bilaspur,Common,2166
2022-03-22,Bilaspur,Common,2177
2022-03-23,Bilaspur,Common,2187
2022-03-24,Bilaspur,Common,2161
2022-03-25,Bilaspur,Common,2169
2022-03-26,Bilaspur,Common,2168
2022-03-27,Bilaspur,Common,2151
2022-03-28,Bilaspur,Common,2153
2022-03-29,Bilaspur,Common,2138
2022-03-30,Bilaspur,Common,2136
2022-03-31,Bilaspur,Common,2153
2022-04-01,Bilaspur,Common,2149
2022-04-02,Bilaspur,Common,2145
2022-04-03,Bilaspur,Common,2142
2022-04-04,Bilaspur,Common,2134
2022-04-05,Bilaspur,Common,2138
2022-04-06,Bilaspur,Common,2130
2022-04-07,Bilaspur,Common,2134
2022-04-08,Bilaspur,Common,2144
2022-04-09,Bilaspur,Common,2160
2022-04-10,Bilaspur,Common,2163
2022-04-11,Bilaspur,Common,2162
2022-04-12,Bilaspur,Common,2159
2022-04-13,Bilaspur,Common,2175
2022-04-14,Bilaspur,Common,2180
2022-04-15,Bilaspur,Common,2157
2022-04-16,Bilaspur,Common,2171
2022-04-17,Bilaspur,Common,2172
2022-04-18,Bilaspur,Common,2187
2022-04-19,Bilaspur,Common,2181
2022-04-20,Bilaspur,Common,2166
2022-04-21,Bilaspur,Common,2172
2022-04-22,Bilaspur,Common,2151
2022-04-23,Bilaspur,Common,2149
2022-04-24,Bilaspur,Common,2153
2022-04-25,Bilaspur,Common,2151
2022-04-26,Bilaspur,Common,2144
2022-04-27,Bilaspur,Common,2177
2022-04-28,Bilaspur,Common,2169
2022-04-29,Bilaspur,Common,2178
2022-04-30,Bilaspur,Common,2186
2022-05-01,Bilaspur,Common,2192
2022-05-02,Bilaspur,Common,2189
2022-05-03,Bilaspur,Common,2185
2022-05-04,Bilaspur,Common,2182
2022-05-05,Bilaspur,Common,2147
2022-05-06,Bilaspur,Common,2126
2022-05-07,Bilaspur,Common,2114
2022-05-08,Bilaspur,Common,2109
2022-05-09,Bilaspur,Common,2067
2022-05-10,Bilaspur,Common,2076
2022-05-11,Bilaspur,Common,2062
2022-05-12,Bilaspur,Common,2030
2022-05-13,Bilaspur,Common,2044
2022-05-14,Bilaspur,Common,2042
2022-05-15,Bilaspur,Common,2051
2022-05-16,Bilaspur,Common,2052
2022-05-17,Bilaspur,Common,2048
2022-05-18,Bilaspur,Common,2081
2022-05-19,Bilaspur,Common,2042
2022-05-20,Bilaspur,Common,2046
2022-05-21,Bilaspur,Common,2053
2022-05-22,Bilaspur,Common,2034
2022-05-23,Bilaspur,Common,2017
2022-05-24,Bilaspur,Common,1995
2022-05-25,Bilaspur,Common,1996
2022-05-26,Bilaspur,Common,2001
2022-05-27,Bilaspur,Common,2005
2022-05-28,Bilaspur,Common,2015
2022-05-29,Bilaspur,Common,2020
2022-05-30,Bilaspur,Common,2025
2022-05-31,Bilaspur,Common,2026
2022-06-01,Bilaspur,Common,2009
2022-06-02,Bilaspur,Common,2016
2022-06-03,Bilaspur,Common,2011
2022-06-04,Bilaspur,Common,2021
2022-06-05,Bilaspur,Common,2023
2022-06-06,Bilaspur,Common,2038
2022-06-07,Bilaspur,Common,2060
2022-06-08,Bilaspur,Common,2059
2022-06-09,Bilaspur,Common,2063
2022-06-10,Bilaspur,Common,2057
2022-06-11,Bilaspur,Common,2055
2022-06-12,Bilaspur,Common,2043
2022-06-13,Bilaspur,Common,2049
2022-06-14,Bilaspur,Common,2031
2022-06-15,Bilaspur,Common,2039
2022-06-16,Bilaspur,Common,2059
2022-06-17,Bilaspur,Common,2054
2022-06-18,Bilaspur,Common,2067
2022-06-19,Bilaspur,Common,2064
2022-06-20,Bilaspur,Common,2084
2022-06-21,Bilaspur,Common,2095
2022-06-22,Bilaspur,Common,2085
2022-06-23,Bilaspur,Common,2055
2022-06-24,Bilaspur,Common,2064
2022-06-25,Bilaspur,Common,2061
2022-06-26,Bilaspur,Common,2059
2022-06-27,Bilaspur,Common,2040
2022-06-28,Bilaspur,Common,2076
2022-06-29,Bilaspur,Common,2100
2022-06-30,Bilaspur,Common,2103
2022-07-01,Bilaspur,Common,2112
2022-07-02,Bilaspur,Common,2124
2022-07-03,Bilaspur,Common,2123
2022-07-04,Bilaspur,Common,2126
2022-07-05,Bilaspur,Common,2139
2022-07-06,Bilaspur,Common,2116
2022-07-07,Bilaspur,Common,2111
2022-07-08,Bilaspur,Common,2063
2022-07-09,Bilaspur,Common,2074
2022-07-10,Bilaspur,Common,2073
2022-07-11,Bilaspur,Common,2074
2022-07-12,Bilaspur,Common,2064
2022-07-13,Bilaspur,Common,2051
2022-07-14,Bilaspur,Common,2069
2022-07-15,Bilaspur,Common,2081
2022-07-16,Bilaspur,Common,2059
2022-07-17,Bilaspur,Common,2074
2022-07-18,Bilaspur,Common,2075
2022-07-19,Bilaspur,Common,2098
2022-07-20,Bilaspur,Common,2114
2022-07-21,Bilaspur,Common,2133
2022-07-22,Bilaspur,Common,2104
2022-07-23,Bilaspur,Common,2109
2022-07-24,Bilaspur,Common,2090
2022-07-25,Bilaspur,Common,2114
2022-07-26,Bilaspur,Common,2134
2022-07-27,Bilaspur,Common,2146
2022-07-28,Bilaspur,Common,2143
2022-07-29,Bilaspur,Common,2177
2022-07-30,Bilaspur,Common,2173
2022-07-31,Bilaspur,Common,2166
2022-08-01,Bilaspur,Common,2189
2022-08-02,Bilaspur,Common,2206
2022-08-03,Bilaspur,Common,2199
2022-08-04,Bilaspur,Common,2217
2022-08-05,Bilaspur,Common,2206
2022-08-06,Bilaspur,Common,2185
2022-08-07,Bilaspur,Common,2163
2022-08-08,Bilaspur,Common,2157
2022-08-09,Bilaspur,Common,2167
2022-08-10,Bilaspur,Common,2154
2022-08-11,Bilaspur,Common,2162
2022-08-12,Bilaspur,Common,2133
2022-08-13,Bilaspur,Common,2162
2022-08-14,Bilaspur,Common,2180
2022-08-15,Bilaspur,Common,2185
2022-08-16,Bilaspur,Common,2195
2022-08-17,Bilaspur,Common,2188
2022-08-18,Bilaspur,Common,2181
2022-08-19,Bilaspur,Common,2173
2022-08-20,Bilaspur,Common,2156
2022-08-21,Bilaspur,Common,2139
2022-08-22,Bilaspur,Common,2135
2022-08-23,Bilaspur,Common,2136
2022-08-24,Bilaspur,Common,2150
2022-08-25,Bilaspur,Common,2137
2022-08-26,Bilaspur,Common,2124
2022-08-27,Bilaspur,Common,2110
2022-08-28,Bilaspur,Common,2125
2022-08-29,Bilaspur,Common,2122
2022-08-30,Bilaspur,Common,2137
2022-08-31,Bilaspur,Common,2141
2022-09-01,Bilaspur,Common,2134
2022-09-02,Bilaspur,Common,2139
2022-09-03,Bilaspur,Common,2153
2022-09-04,Bilaspur,Common,2150
2022-09-05,Bilaspur,Common,2133
2022-09-06,Bilaspur,Common,2134
2022-09-07,Bilaspur,Common,2133
2022-09-08,Bilaspur,Common,2123
2022-09-09,Bilaspur,Common,2101
2022-09-10,Bilaspur,Common,2131
2022-09-11,Bilaspur,Common,2128
2022-09-12,Bilaspur,Common,2127
2022-09-13,Bilaspur,Common,2125
2022-09-14,Bilaspur,Common,2143
2022-09-15,Bilaspur,Common,2161
2022-09-16,Bilaspur,Common,2171
2022-09-17,Bilaspur,Common,2166
2022-09-18,Bilaspur,Common,2182
2022-09-19,Bilaspur,Common,2223
2022-09-20,Bilaspur,Common,2204
2022-09-21,Bilaspur,Common,2198
2022-09-22,Bilaspur,Common,2200
2022-09-23,Bilaspur,Common,2204
2022-09-24,Bilaspur,Common,2196
2022-09-25,Bilaspur,Common,2218
2022-09-26,Bilaspur,Common,2226
2022-09-27,Bilaspur,Common,2218
2022-09-28,Bilaspur,Common,2241
2022-09-29,Bilaspur,Common,2229
2022-09-30,Bilaspur,Common,2187
2022-10-01,Bilaspur,Common,2188
2022-10-02,Bilaspur,Common,2172
2022-10-03,Bilaspur,Common,2182
2022-10-04,Bilaspur,Common,2156
2022-10-05,Bilaspur,Common,2153
2022-10-06,Bilaspur,Common,2179
2022-10-07,Bilaspur,Common,2150
2022-10-08,Bilaspur,Common,2165
2022-10-09,Bilaspur,Common,2197
2022-10-10,Bilaspur,Common,2199
2022-10-11,Bilaspur,Common,2187
2022-10-12,Bilaspur,Common,2213
2022-10-13,Bilaspur,Common,2217
2022-10-14,Bilaspur,Common,2247
2022-10-15,Bilaspur,Common,2229
2022-10-16,Bilaspur,Common,2235
2022-10-17,Bilaspur,Common,2266
2022-10-18,Bilaspur,Common,2264
2022-10-19,Bilaspur,Common,2264
2022-10-20,Bilaspur,Common,2279
2022-10-21,Bilaspur,Common,2292
2022-10-22,Bilaspur,Common,2281
2022-10-23,Bilaspur,Common,2254
2022-10-24,Bilaspur,Common,2225
2022-10-25,Bilaspur,Common,2246
2022-10-26,Bilaspur,Common,2281
2022-10-27,Bilaspur,Common,2280
2022-10-28,Bilaspur,Common,2279
2022-10-29,Bilaspur,Common,2268
2022-10-30,Bilaspur,Common,2290
2022-10-31,Bilaspur,Common,2263
2022-11-01,Bilaspur,Common,2295
2022-11-02,Bilaspur,Common,2276
2022-11-03,Bilaspur,Common,2253
2022-11-04,Bilaspur,Common,2279
2022-11-05,Bilaspur,Common,2271
2022-11-06,Bilaspur,Common,2256
2022-11-07,Bilaspur,Common,2254
2022-11-08,Bilaspur,Common,2269
2022-11-09,Bilaspur,Common,2275
2022-11-10,Bilaspur,Common,2261
2022-11-11,Bilaspur,Common,2259
2022-11-12,Bilaspur,Common,2267
2022-11-13,Bilaspur,Common,2243
2022-11-14,Bilaspur,Common,2256
2022-11-15,Bilaspur,Common,2232
2022-11-16,Bilaspur,Common,2235
2022-11-17,Bilaspur,Common,2279
2022-11-18,Bilaspur,Common,2266
2022-11-19,Bilaspur,Common,2284
2022-11-20,Bilaspur,Common,2267
2022-11-21,Bilaspur,Common,2273
2022-11-22,Bilaspur,Common,2256
2022-11-23,Bilaspur,Common,2271
2022-11-24,Bilaspur,Common,2243
2022-11-25,Bilaspur,Common,2233
2022-11-26,Bilaspur,Common,2215
2022-11-27,Bilaspur,Common,2237
2022-11-28,Bilaspur,Common,2239
2022-11-29,Bilaspur,Common,2228
2022-11-30,Bilaspur,Common,2231
2022-12-01,Bilaspur,Common,2246
2022-12-02,Bilaspur,Common,2279
2022-12-03,Bilaspur,Common,2274
2022-12-04,Bilaspur,Common,2262
2022-12-05,Bilaspur,Common,2262
2022-12-06,Bilaspur,Common,2283
2022-12-07,Bilaspur,Common,2286
2022-12-08,Bilaspur,Common,2303
2022-12-09,Bilaspur,Common,2295
2022-12-10,Bilaspur,Common,2283
2022-12-11,Bilaspur,Common,2271
2022-12-12,Bilaspur,Common,2252
2022-12-13,Bilaspur,Common,2265
2022-12-14,Bilaspur,Common,2268
2022-12-15,Bilaspur,Common,2261
2022-12-16,Bilaspur,Common,2292
2022-12-17,Bilaspur,Common,2292
2022-12-18,Bilaspur,Common,2294
2022-12-19,Bilaspur,Common,2287
2022-12-20,Bilaspur,Common,2284
2022-12-21,Bilaspur,Common,2292
2022-12-22,Bilaspur,Common,2306
2022-12-23,Bilaspur,Common,2332
2022-12-24,Bilaspur,Common,2316
2022-12-25,Bilaspur,Common,2316
2022-12-26,Bilaspur,Common,2311
2022-12-27,Bilaspur,Common,2289
2022-12-28,Bilaspur,Common,2278
2022-12-29,Bilaspur,Common,2262
2022-12-30,Bilaspur,Common,2266
2022-12-31,Bilaspur,Common,2289
2023-01-01,Bilaspur,Common,2254
2023-01-02,Bilaspur,Common,2256
2023-01-03,Bilaspur,Common,2262
2023-01-04,Bilaspur,Common,2221
2023-01-05,Bilaspur,Common,2225
2023-01-06,Bilaspur,Common,2256
2023-01-07,Bilaspur,Common,2284
2023-01-08,Bilaspur,Common,2262
2023-01-09,Bilaspur,Common,2248
2023-01-10,Bilaspur,Common,2228
2023-01-11,Bilaspur,Common,2248
2023-01-12,Bilaspur,Common,2244
2023-01-13,Bilaspur,Common,2256
2023-01-14,Bilaspur,Common,2242
2023-01-15,Bilaspur,Common,2268
2023-01-16,Bilaspur,Common,2254
2023-01-17,Bilaspur,Common,2256
2023-01-18,Bilaspur,Common,2258
2023-01-19,Bilaspur,Common,2256
2023-01-20,Bilaspur,Common,2259
2023-01-21,Bilaspur,Common,2257
2023-01-22,Bilaspur,Common,2222
2023-01-23,Bilaspur,Common,2231
2023-01-24,Bilaspur,Common,2257
2023-01-25,Bilaspur,Common,2255
2023-01-26,Bilaspur,Common,2247
2023-01-27,Bilaspur,Common,2264
2023-01-28,Bilaspur,Common,2233
2023-01-29,Bilaspur,Common,2224
2023-01-30,Bilaspur,Common,2224
2023-01-31,Bilaspur,Common,2234
2023-02-01,Bilaspur,Common,2219
2023-02-02,Bilaspur,Common,2220
2023-02-03,Bilaspur,Common,2202
2023-02-04,Bilaspur,Common,2227
2023-02-05,Bilaspur,Common,2262
2023-02-06,Bilaspur,Common,2274
2023-02-07,Bilaspur,Common,2284
2023-02-08,Bilaspur,Common,2269
2023-02-09,Bilaspur,Common,2253
2023-02-10,Bilaspur,Common,2238
2023-02-11,Bilaspur,Common,2236
2023-02-12,Bilaspur,Common,2231
2023-02-13,Bilaspur,Common,2242
2023-02-14,Bilaspur,Common,2233
2023-02-15,Bilaspur,Common,2226
2023-02-16,Bilaspur,Common,2222
2023-02-17,Bilaspur,Common,2213
2023-02-18,Bilaspur,Common,2235
2023-02-19,Bilaspur,Common,2252
2023-02-20,Bilaspur,Common,2250
2023-02-21,Bilaspur,Common,2262
2023-02-22,Bilaspur,Common,2276
2023-02-23,Bilaspur,Common,2272
2023-02-24,Bilaspur,Common,2244
2023-02-25,Bilaspur,Common,2259
2023-02-26,Bilaspur,Common,2244
2023-02-27,Bilaspur,Common,2236
2023-02-28,Bilaspur,Common,2216
2023-03-01,Bilaspur,Common,2219
2023-03-02,Bilaspur,Common,2238
2023-03-03,Bilaspur,Common,2271
2023-03-04,Bilaspur,Common,2243
2023-03-05,Bilaspur,Common,2236
2023-03-06,Bilaspur,Common,2264
2023-03-07,Bilaspur,Common,2259
2023-03-08,Bilaspur,Common,2283
2023-03-09,Bilaspur,Common,2250
2023-03-10,Bilaspur,Common,2242
2023-03-11,Bilaspur,Common,2253
2023-03-12,Bilaspur,Common,2273
2023-03-13,Bilaspur,Common,2250
2023-03-14,Bilaspur,Common,2244
2023-03-15,Bilaspur,Common,2231
2023-03-16,Bilaspur,Common,2227
2023-03-17,Bilaspur,Common,2215
2023-03-18,Bilaspur,Common,2220
2023-03-19,Bilaspur,Common,2212
2023-03-20,Bilaspur,Common,2205
2023-03-21,Bilaspur,Common,2196
2023-03-22,Bilaspur,Common,2184
2023-03-23,Bilaspur,Common,2212
2023-03-24,Bilaspur,Common,2217
2023-03-25,Bilaspur,Common,2202
2023-03-26,Bilaspur,Common,2196
2023-03-27,Bilaspur,Common,2180
2023-03-28,Bilaspur,Common,2185
2023-03-29,Bilaspur,Common,2169
2023-03-30,Bilaspur,Common,2158
2023-03-31,Bilaspur,Common,2173
2023-04-01,Bilaspur,Common,2163
2023-04-02,Bilaspur,Common,2156
2023-04-03,Bilaspur,Common,2146
2023-04-04,Bilaspur,Common,2150
2023-04-05,Bilaspur,Common,2151
2023-04-06,Bilaspur,Common,2176
2023-04-07,Bilaspur,Common,2191
2023-04-08,Bilaspur,Common,2180
2023-04-09,Bilaspur,Common,2177
2023-04-10,Bilaspur,Common,2156
2023-04-11,Bilaspur,Common,2141
2023-04-12,Bilaspur,Common,2160
2023-04-13,Bilaspur,Common,2137
2023-04-14,Bilaspur,Common,2158
2023-04-15,Bilaspur,Common,2156
2023-04-16,Bilaspur,Common,2161
2023-04-17,Bilaspur,Common,2164
2023-04-18,Bilaspur,Common,2146
2023-04-19,Bilaspur,Common,2143
2023-04-20,Bilaspur,Common,2163
2023-04-21,Bilaspur,Common,2156
2023-04-22,Bilaspur,Common,2151
2023-04-23,Bilaspur,Common,2179
2023-04-24,Bilaspur,Common,2155
2023-04-25,Bilaspur,Common,2159
2023-04-26,Bilaspur,Common,2162
2023-04-27,Bilaspur,Common,2186
2023-04-28,Bilaspur,Common,2214
2023-04-29,Bilaspur,Common,2195
2023-04-30,Bilaspur,Common,2198
2023-05-01,Bilaspur,Common,2235
2023-05-02,Bilaspur,Common,2222
2023-05-03,Bilaspur,Common,2197
2023-05-04,Bilaspur,Common,2180
2023-05-05,Bilaspur,Common,2192
2023-05-06,Bilaspur,Common,2189
2023-05-07,Bilaspur,Common,2167
2023-05-08,Bilaspur,Common,2194
2023-05-09,Bilaspur,Common,2189
2023-05-10,Bilaspur,Common,2191
2023-05-11,Bilaspur,Common,2201
2023-05-12,Bilaspur,Common,2208
2023-05-13,Bilaspur,Common,2188
2023-05-14,Bilaspur,Common,2184
2023-05-15,Bilaspur,Common,2174
2023-05-16,Bilaspur,Common,2198
2023-05-17,Bilaspur,Common,2195
2023-05-18,Bilaspur,Common,2199
2023-05-19,Bilaspur,Common,2180
2023-05-20,Bilaspur,Common,2148
2023-05-21,Bilaspur,Common,2139
2023-05-22,Bilaspur,Common,2179
2023-05-23,Bilaspur,Common,2166
2023-05-24,Bilaspur,Common,2160
2023-05-25,Bilaspur,Common,2161
2023-05-26,Bilaspur,Common,2177
2023-05-27,Bilaspur,Common,2169
2023-05-28,Bilaspur,Common,2170
2023-05-29,Bilaspur,Common,2183
2023-05-30,Bilaspur,Common,2200
2023-05-31,Bilaspur,Common,2198
2023-06-01,Bilaspur,Common,2175
2023-06-02,Bilaspur,Common,2184
2023-06-03,Bilaspur,Common,2174
2023-06-04,Bilaspur,Common,2177
2023-06-05,Bilaspur,Common,2176
2023-06-06,Bilaspur,Common,2169
2023-06-07,Bilaspur,Common,2176
2023-06-08,Bilaspur,Common,2154
2023-06-09,Bilaspur,Common,2125
2023-06-10,Bilaspur,Common,2141
2023-06-11,Bilaspur,Common,2115
2023-06-12,Bilaspur,Common,2124
2023-06-13,Bilaspur,Common,2125
2023-06-14,Bilaspur,Common,2131
2023-06-15,Bilaspur,Common,2105
2023-06-16,Bilaspur,Common,2096
2023-06-17,Bilaspur,Common,2115
2023-06-18,Bilaspur,Common,2129
2023-06-19,Bilaspur,Common,2121
2023-06-20,Bilaspur,Common,2141
2023-06-21,Bilaspur,Common,2164
2023-06-22,Bilaspur,Common,2181
2023-06-23,Bilaspur,Common,2205
2023-06-24,Bilaspur,Common,2206
2023-06-25,Bilaspur,Common,2192
2023-06-26,Bilaspur,Common,2194
2023-06-27,Bilaspur,Common,2179
2023-06-28,Bilaspur,Common,2197
2023-06-29,Bilaspur,Common,2197
2023-06-30,Bilaspur,Common,2200
2023-07-01,Bilaspur,Common,2196
2023-07-02,Bilaspur,Common,2187
2023-07-03,Bilaspur,Common,2171
2023-07-04,Bilaspur,Common,2197
2023-07-05,Bilaspur,Common,2188
2023-07-06,Bilaspur,Common,2194
2023-07-07,Bilaspur,Common,2170
2023-07-08,Bilaspur,Common,2162
2023-07-09,Bilaspur,Common,2164
2023-07-10,Bilaspur,Common,2187
2023-07-11,Bilaspur,Common,2216
2023-07-12,Bilaspur,Common,2208
2023-07-13,Bilaspur,Common,2187
2023-07-14,Bilaspur,Common,2161
2023-07-15,Bilaspur,Common,2147
2023-07-16,Bilaspur,Common,2128
2023-07-17,Bilaspur,Common,2109
2023-07-18,Bilaspur,Common,2104
2023-07-19,Bilaspur,Common,2102
2023-07-20,Bilaspur,Common,2120
2023-07-21,Bilaspur,Common,2102
2023-07-22,Bilaspur,Common,2104
2023-07-23,Bilaspur,Common,2093
2023-07-24,Bilaspur,Common,2091
2023-07-25,Bilaspur,Common,2086
2023-07-26,Bilaspur,Common,2084
2023-07-27,Bilaspur,Common,2077
2023-07-28,Bilaspur,Common,2063
2023-07-29,Bilaspur,Common,2075
2023-07-30,Bilaspur,Common,2069
2023-07-31,Bilaspur,Common,2076
2023-08-01,Bilaspur,Common,2093
2023-08-02,Bilaspur,Common,2089
2023-08-03,Bilaspur,Common,2097
2023-08-04,Bilaspur,Common,2122
2023-08-05,Bilaspur,Common,2108
2023-08-06,Bilaspur,Common,2126
2023-08-07,Bilaspur,Common,2129
2023-08-08,Bilaspur,Common,2135
2023-08-09,Bilaspur,Common,2131
2023-08-10,Bilaspur,Common,2130
2023-08-11,Bilaspur,Common,2141
2023-08-12,Bilaspur,Common,2125
2023-08-13,Bilaspur,Common,2144
2023-08-14,Bilaspur,Common,2168
2023-08-15,Bilaspur,Common,2161
2023-08-16,Bilaspur,Common,2196
2023-08-17,Bilaspur,Common,2193
2023-08-18,Bilaspur,Common,2206
2023-08-19,Bilaspur,Common,2182
2023-08-20,Bilaspur,Common,2180
2023-08-21,Bilaspur,Common,2172
2023-08-22,Bilaspur,Common,2198
2023-08-23,Bilaspur,Common,2201
2023-08-24,Bilaspur,Common,2198
2023-08-25,Bilaspur,Common,2176
2023-08-26,Bilaspur,Common,2157
2023-08-27,Bilaspur,Common,2176
2023-08-28,Bilaspur,Common,2174
2023-08-29,Bilaspur,Common,2174
2023-08-30,Bilaspur,Common,2180
2023-08-31,Bilaspur,Common,2181
2023-09-01,Bilaspur,Common,2177
2023-09-02,Bilaspur,Common,2156
2023-09-03,Bilaspur,Common,2164
2023-09-04,Bilaspur,Common,2189
2023-09-05,Bilaspur,Common,2175
2023-09-06,Bilaspur,Common,2144
2023-09-07,Bilaspur,Common,2124
2023-09-08,Bilaspur,Common,2098
2023-09-09,Bilaspur,Common,2099
2023-09-10,Bilaspur,Common,2103
2023-09-11,Bilaspur,Common,2108
2023-09-12,Bilaspur,Common,2130
2023-09-13,Bilaspur,Common,2127
2023-09-14,Bilaspur,Common,2156
2023-09-15,Bilaspur,Common,2189
2023-09-16,Bilaspur,Common,2207
2023-09-17,Bilaspur,Common,2201
2023-09-18,Bilaspur,Common,2191
2023-09-19,Bilaspur,Common,2196
2023-09-20,Bilaspur,Common,2208
2023-09-21,Bilaspur,Common,2195
2023-09-22,Bilaspur,Common,2220
2023-09-23,Bilaspur,Common,2224
2023-09-24,Bilaspur,Common,2218
2023-09-25,Bilaspur,Common,2220
2023-09-26,Bilaspur,Common,2228
2023-09-27,Bilaspur,Common,2265
2023-09-28,Bilaspur,Common,2261
2023-09-29,Bilaspur,Common,2231
2023-09-30,Bilaspur,Common,2236
2023-10-01,Bilaspur,Common,2255
2023-10-02,Bilaspur,Common,2256
2023-10-03,Bilaspur,Common,2264
2023-10-04,Bilaspur,Common,2296
2023-10-05,Bilaspur,Common,2279
2023-10-06,Bilaspur,Common,2250
2023-10-07,Bilaspur,Common,2251
2023-10-08,Bilaspur,Common,2239
2023-10-09,Bilaspur,Common,2278
2023-10-10,Bilaspur,Common,2257
2023-10-11,Bilaspur,Common,2231
2023-10-12,Bilaspur,Common,2238
2023-10-13,Bilaspur,Common,2233
2023-10-14,Bilaspur,Common,2252
2023-10-15,Bilaspur,Common,2283
2023-10-16,Bilaspur,Common,2277
2023-10-17,Bilaspur,Common,2286
2023-10-18,Bilaspur,Common,2289
2023-10-19,Bilaspur,Common,2296
2023-10-20,Bilaspur,Common,2281
2023-10-21,Bilaspur,Common,2273
2023-10-22,Bilaspur,Common,2292
2023-10-23,Bilaspur,Common,2327
2023-10-24,Bilaspur,Common,2357
2023-10-25,Bilaspur,Common,2357
2023-10-26,Bilaspur,Common,2350
2023-10-27,Bilaspur,Common,2343
2023-10-28,Bilaspur,Common,2342
2023-10-29,Bilaspur,Common,2340
2023-10-30,Bilaspur,Common,2343
2023-10-31,Bilaspur,Common,2357
2023-11-01,Bilaspur,Common,2345
2023-11-02,Bilaspur,Common,2380
2023-11-03,Bilaspur,Common,2384
2023-11-04,Bilaspur,Common,2399
2023-11-05,Bilaspur,Common,2413
2023-11-06,Bilaspur,Common,2388
2023-11-07,Bilaspur,Common,2397
2023-11-08,Bilaspur,Common,2395
2023-11-09,Bilaspur,Common,2396
2023-11-10,Bilaspur,Common,2415
2023-11-11,Bilaspur,Common,2411
2023-11-12,Bilaspur,Common,2421
2023-11-13,Bilaspur,Common,2416
2023-11-14,Bilaspur,Common,2433
2023-11-15,Bilaspur,Common,2456
2023-11-16,Bilaspur,Common,2446
2023-11-17,Bilaspur,Common,2453
2023-11-18,Bilaspur,Common,2463
2023-11-19,Bilaspur,Common,2467
2023-11-20,Bilaspur,Common,2443
2023-11-21,Bilaspur,Common,2439
2023-11-22,Bilaspur,Common,2411
2023-11-23,Bilaspur,Common,2406
2023-11-24,Bilaspur,Common,2424
2023-11-25,Bilaspur,Common,2405
2023-11-26,Bilaspur,Common,2412
2023-11-27,Bilaspur,Common,2389
2023-11-28,Bilaspur,Common,2416
2023-11-29,Bilaspur,Common,2410
2023-11-30,Bilaspur,Common,2418
2023-12-01,Bilaspur,Common,2433
2023-12-02,Bilaspur,Common,2437
2023-12-03,Bilaspur,Common,2402
2023-12-04,Bilaspur,Common,2411
2023-12-05,Bilaspur,Common,2407
2023-12-06,Bilaspur,Common,2415
2023-12-07,Bilaspur,Common,2433
2023-12-08,Bilaspur,Common,2418
2023-12-09,Bilaspur,Common,2418
2023-12-10,Bilaspur,Common,2386
2023-12-11,Bilaspur,Common,2373
2023-12-12,Bilaspur,Common,2369
2023-12-13,Bilaspur,Common,2370
2023-12-14,Bilaspur,Common,2359
2023-12-15,Bilaspur,Common,2339
2023-12-16,Bilaspur,Common,2370
2023-12-17,Bilaspur,Common,2370
2023-12-18,Bilaspur,Common,2394
2023-12-19,Bilaspur,Common,2401
2023-12-20,Bilaspur,Common,2392
2023-12-21,Bilaspur,Common,2397
2023-12-22,Bilaspur,Common,2403
2023-12-23,Bilaspur,Common,2392
2023-12-24,Bilaspur,Common,2405
2023-12-25,Bilaspur,Common,2405
2023-12-26,Bilaspur,Common,2386
2023-12-27,Bilaspur,Common,2383
2023-12-28,Bilaspur,Common,2365
2023-12-29,Bilaspur,Common,2335
2023-12-30,Bilaspur,Common,2340
2023-12-31,Bilaspur,Common,2339
2024-01-01,Bilaspur,Common,2308
2024-01-02,Bilaspur,Common,2308
2024-01-03,Bilaspur,Common,2315
2024-01-04,Bilaspur,Common,2319
2024-01-05,Bilaspur,Common,2313
2024-01-06,Bilaspur,Common,2290
2024-01-07,Bilaspur,Common,2307
2024-01-08,Bilaspur,Common,2290
2024-01-09,Bilaspur,Common,2308
2024-01-10,Bilaspur,Common,2310
2024-01-11,Bilaspur,Common,2318
2024-01-12,Bilaspur,Common,2302
2024-01-13,Bilaspur,Common,2289
2024-01-14,Bilaspur,Common,2287
2024-01-15,Bilaspur,Common,2283
2024-01-16,Bilaspur,Common,2320
2024-01-17,Bilaspur,Common,2308
2024-01-18,Bilaspur,Common,2295
2024-01-19,Bilaspur,Common,2290
2024-01-20,Bilaspur,Common,2303
2024-01-21,Bilaspur,Common,2279
2024-01-22,Bilaspur,Common,2265
2024-01-23,Bilaspur,Common,2265
2024-01-24,Bilaspur,Common,2251
2024-01-25,Bilaspur,Common,2231
2024-01-26,Bilaspur,Common,2252
2024-01-27,Bilaspur,Common,2270
2024-01-28,Bilaspur,Common,2254
2024-01-29,Bilaspur,Common,2272
2024-01-30,Bilaspur,Common,2249
2024-01-31,Bilaspur,Common,2230
2024-02-01,Bilaspur,Common,2205
2024-02-02,Bilaspur,Common,2208
2024-02-03,Bilaspur,Common,2224
2024-02-04,Bilaspur,Common,2225
2024-02-05,Bilaspur,Common,2228
2024-02-06,Bilaspur,Common,2211
2024-02-07,Bilaspur,Common,2209
2024-02-08,Bilaspur,Common,2205
2024-02-09,Bilaspur,Common,2212
2024-02-10,Bilaspur,Common,2198
2024-02-11,Bilaspur,Common,2196
2024-02-12,Bilaspur,Common,2191
2024-02-13,Bilaspur,Common,2200
2024-02-14,Bilaspur,Common,2225
2024-02-15,Bilaspur,Common,2230
2024-02-16,Bilaspur,Common,2244
2024-02-17,Bilaspur,Common,2256
2024-02-18,Bilaspur,Common,2295
2024-02-19,Bilaspur,Common,2299
2024-02-20,Bilaspur,Common,2307
2024-02-21,Bilaspur,Common,2318
2024-02-22,Bilaspur,Common,2317
2024-02-23,Bilaspur,Common,2320
2024-02-24,Bilaspur,Common,2326
2024-02-25,Bilaspur,Common,2301
2024-02-26,Bilaspur,Common,2310
2024-02-27,Bilaspur,Common,2324
2024-02-28,Bilaspur,Common,2316
2024-02-29,Bilaspur,Common,2325
2024-03-01,Bilaspur,Common,2315
2024-03-02,Bilaspur,Common,2317
2024-03-03,Bilaspur,Common,2320
2024-03-04,Bilaspur,Common,2314
2024-03-05,Bilaspur,Common,2310
2024-03-06,Bilaspur,Common,2313
2024-03-07,Bilaspur,Common,2296
2024-03-08,Bilaspur,Common,2275
2024-03-09,Bilaspur,Common,2275
2024-03-10,Bilaspur,Common,2289
2024-03-11,Bilaspur,Common,2314
2024-03-12,Bilaspur,Common,2320
2024-03-13,Bilaspur,Common,2316
2024-03-14,Bilaspur,Common,2321
2024-03-15,Bilaspur,Common,2305
2024-03-16,Bilaspur,Common,2287
2024-03-17,Bilaspur,Common,2294
2024-03-18,Bilaspur,Common,2289
2024-03-19,Bilaspur,Common,2264
2024-03-20,Bilaspur,Common,2259
2024-03-21,Bilaspur,Common,2253
2024-03-22,Bilaspur,Common,2241
2024-03-23,Bilaspur,Common,2220
2024-03-24,Bilaspur,Common,2238
2024-03-25,Bilaspur,Common,2204
2024-03-26,Bilaspur,Common,2239
2024-03-27,Bilaspur,Common,2234
2024-03-28,Bilaspur,Common,2247
2024-03-29,Bilaspur,Common,2229
2024-03-30,Bilaspur,Common,2212
2024-03-31,Bilaspur,Common,2202
2024-04-01,Bilaspur,Common,2194
2024-04-02,Bilaspur,Common,2185
2024-04-03,Bilaspur,Common,2177
2024-04-04,Bilaspur,Common,2193
2024-04-05,Bilaspur,Common,2187
2024-04-06,Bilaspur,Common,2185
2024-04-07,Bilaspur,Common,2185
2024-04-08,Bilaspur,Common,2164
2024-04-09,Bilaspur,Common,2167
2024-04-10,Bilaspur,Common,2145
2024-04-11,Bilaspur,Common,2151
2024-04-12,Bilaspur,Common,2166
2024-04-13,Bilaspur,Common,2152
2024-04-14,Bilaspur,Common,2179
2024-04-15,Bilaspur,Common,2182
2024-04-16,Bilaspur,Common,2160
2024-04-17,Bilaspur,Common,2194
2024-04-18,Bilaspur,Common,2189
2024-04-19,Bilaspur,Common,2203
2024-04-20,Bilaspur,Common,2201
2024-04-21,Bilaspur,Common,2210
2024-04-22,Bilaspur,Common,2214
2024-04-23,Bilaspur,Common,2213
2024-04-24,Bilaspur,Common,2210
2024-04-25,Bilaspur,Common,2205
2024-04-26,Bilaspur,Common,2188
2024-04-27,Bilaspur,Common,2175
2024-04-28,Bilaspur,Common,2153
2024-04-29,Bilaspur,Common,2124
2024-04-30,Bilaspur,Common,2098
2024-05-01,Bilaspur,Common,2131
2024-05-02,Bilaspur,Common,2126
2024-05-03,Bilaspur,Common,2137
2024-05-04,Bilaspur,Common,2131
2024-05-05,Bilaspur,Common,2131
2024-05-06,Bilaspur,Common,2137
2024-05-07,Bilaspur,Common,2135
2024-05-08,Bilaspur,Common,2154
2024-05-09,Bilaspur,Common,2161
2024-05-10,Bilaspur,Common,2175
2024-05-11,Bilaspur,Common,2175
2024-05-12,Bilaspur,Common,2177
2024-05-13,Bilaspur,Common,2181
2024-05-14,Bilaspur,Common,2171
2024-05-15,Bilaspur,Common,2164
2024-05-16,Bilaspur,Common,2175
2024-05-17,Bilaspur,Common,2169
2024-05-18,Bilaspur,Common,2154
2024-05-19,Bilaspur,Common,2138
2024-05-20,Bilaspur,Common,2123
2024-05-21,Bilaspur,Common,2119
2024-05-22,Bilaspur,Common,2136
2024-05-23,Bilaspur,Common,2157
2024-05-24,Bilaspur,Common,2165
2024-05-25,Bilaspur,Common,2171
2024-05-26,Bilaspur,Common,2159
2024-05-27,Bilaspur,Common,2175
2024-05-28,Bilaspur,Common,2195
2024-05-29,Bilaspur,Common,2195
2024-05-30,Bilaspur,Common,2183
2024-05-31,Bilaspur,Common,2186
2024-06-01,Bilaspur,Common,2178
2024-06-02,Bilaspur,Common,2171
2024-06-03,Bilaspur,Common,2166
2024-06-04,Bilaspur,Common,2197
2024-06-05,Bilaspur,Common,2188
2024-06-06,Bilaspur,Common,2180
2024-06-07,Bilaspur,Common,2157
2024-06-08,Bilaspur,Common,2178
2024-06-09,Bilaspur,Common,2190
2024-06-10,Bilaspur,Common,2188
2024-06-11,Bilaspur,Common,2198
2024-06-12,Bilaspur,Common,2186
2024-06-13,Bilaspur,Common,2169
2024-06-14,Bilaspur,Common,2168
2024-06-15,Bilaspur,Common,2166
2024-06-16,Bilaspur,Common,2175
2024-06-17,Bilaspur,Common,2183
2024-06-18,Bilaspur,Common,2221
2024-06-19,Bilaspur,Common,2197
2024-06-20,Bilaspur,Common,2187
2024-06-21,Bilaspur,Common,2176
2024-06-22,Bilaspur,Common,2189
2024-06-23,Bilaspur,Common,2169
2024-06-24,Bilaspur,Common,2167
2024-06-25,Bilaspur,Common,2173
2024-06-26,Bilaspur,Common,2177
2024-06-27,Bilaspur,Common,2166
2024-06-28,Bilaspur,Common,2133
2024-06-29,Bilaspur,Common,2117
2024-06-30,Bilaspur,Common,2107
2024-07-01,Bilaspur,Common,2116
2024-07-02,Bilaspur,Common,2111
2024-07-03,Bilaspur,Common,2106
2024-07-04,Bilaspur,Common,2125
2024-07-05,Bilaspur,Common,2091
2024-07-06,Bilaspur,Common,2097
2024-07-07,Bilaspur,Common,2108
2024-07-08,Bilaspur,Common,2102
2024-07-09,Bilaspur,Common,2101
2024-07-10,Bilaspur,Common,2081
2024-07-11,Bilaspur,Common,2106
2024-07-12,Bilaspur,Common,2106
2024-07-13,Bilaspur,Common,2130
2024-07-14,Bilaspur,Common,2106
2024-07-15,Bilaspur,Common,2098
2024-07-16,Bilaspur,Common,2075
2024-07-17,Bilaspur,Common,2072
2024-07-18,Bilaspur,Common,2082
2024-07-19,Bilaspur,Common,2081
2024-07-20,Bilaspur,Common,2061
2024-07-21,Bilaspur,Common,2071
2024-07-22,Bilaspur,Common,2098
2024-07-23,Bilaspur,Common,2127
2024-07-24,Bilaspur,Common,2161
2024-07-25,Bilaspur,Common,2166
2024-07-26,Bilaspur,Common,2175
2024-07-27,Bilaspur,Common,2203
2024-07-28,Bilaspur,Common,2190
2024-07-29,Bilaspur,Common,2197
2024-07-30,Bilaspur,Common,2224
2024-07-31,Bilaspur,Common,2227
2024-08-01,Bilaspur,Common,2196
2024-08-02,Bilaspur,Common,2194
2024-08-03,Bilaspur,Common,2200
2024-08-04,Bilaspur,Common,2215
2024-08-05,Bilaspur,Common,2217
2024-08-06,Bilaspur,Common,2200
2024-08-07,Bilaspur,Common,2184
2024-08-08,Bilaspur,Common,2192
2024-08-09,Bilaspur,Common,2199
2024-08-10,Bilaspur,Common,2212
2024-08-11,Bilaspur,Common,2208
2024-08-12,Bilaspur,Common,2232
2024-08-13,Bilaspur,Common,2225
2024-08-14,Bilaspur,Common,2221
2024-08-15,Bilaspur,Common,2215
2024-08-16,Bilaspur,Common,2205
2024-08-17,Bilaspur,Common,2210
2024-08-18,Bilaspur,Common,2214
2024-08-19,Bilaspur,Common,2227
2024-08-20,Bilaspur,Common,2229
2024-08-21,Bilaspur,Common,2232
2024-08-22,Bilaspur,Common,2247
2024-08-23,Bilaspur,Common,2246
2024-08-24,Bilaspur,Common,2221
2024-08-25,Bilaspur,Common,2201
2024-08-26,Bilaspur,Common,2208
2024-08-27,Bilaspur,Common,2237
2024-08-28,Bilaspur,Common,2232
2024-08-29,Bilaspur,Common,2228
2024-08-30,Bilaspur,Common,2239
2024-08-31,Bilaspur,Common,2260
2024-09-01,Bilaspur,Common,2269
2024-09-02,Bilaspur,Common,2293
2024-09-03,Bilaspur,Common,2310
2024-09-04,Bilaspur,Common,2291
2024-09-05,Bilaspur,Common,2290
2024-09-06,Bilaspur,Common,2302
2024-09-07,Bilaspur,Common,2291
2024-09-08,Bilaspur,Common,2263
2024-09-09,Bilaspur,Common,2268
2024-09-10,Bilaspur,Common,2291
2024-09-11,Bilaspur,Common,2348
2024-09-12,Bilaspur,Common,2345
2024-09-13,Bilaspur,Common,2337
2024-09-14,Bilaspur,Common,2337
2024-09-15,Bilaspur,Common,2335
2024-09-16,Bilaspur,Common,2342
2024-09-17,Bilaspur,Common,2350
2024-09-18,Bilaspur,Common,2360
2024-09-19,Bilaspur,Common,2378
2024-09-20,Bilaspur,Common,2348
2024-09-21,Bilaspur,Common,2361
2024-09-22,Bilaspur,Common,2342
2024-09-23,Bilaspur,Common,2347
2024-09-24,Bilaspur,Common,2336
2024-09-25,Bilaspur,Common,2327
2024-09-26,Bilaspur,Common,2353
2024-09-27,Bilaspur,Common,2342
2024-09-28,Bilaspur,Common,2332
2024-09-29,Bilaspur,Common,2321
2024-09-30,Bilaspur,Common,2340
2024-10-01,Bilaspur,Common,2336
2024-10-02,Bilaspur,Common,2335
2024-10-03,Bilaspur,Common,2347
2024-10-04,Bilaspur,Common,2331
2024-10-05,Bilaspur,Common,2316
2024-10-06,Bilaspur,Common,2292
2024-10-07,Bilaspur,Common,2306
2024-10-08,Bilaspur,Common,2318
2024-10-09,Bilaspur,Common,2307
2024-10-10,Bilaspur,Common,2315
2024-10-11,Bilaspur,Common,2319
2024-10-12,Bilaspur,Common,2322
2024-10-13,Bilaspur,Common,2317
2024-10-14,Bilaspur,Common,2321
2024-10-15,Bilaspur,Common,2337
2024-10-16,Bilaspur,Common,2317
2024-10-17,Bilaspur,Common,2302
2024-10-18,Bilaspur,Common,2325
2024-10-19,Bilaspur,Common,2356
2024-10-20,Bilaspur,Common,2344
2024-10-21,Bilaspur,Common,2360
2024-10-22,Bilaspur,Common,2388
2024-10-23,Bilaspur,Common,2374
2024-10-24,Bilaspur,Common,2373
2024-10-25,Bilaspur,Common,2406
2024-10-26,Bilaspur,Common,2445
2024-10-27,Bilaspur,Common,2425
2024-10-28,Bilaspur,Common,2422
2024-10-29,Bilaspur,Common,2390
2024-10-30,Bilaspur,Common,2369
2024-10-31,Bilaspur,Common,2378
2024-11-01,Bilaspur,Common,2367
2024-11-02,Bilaspur,Common,2371
2024-11-03,Bilaspur,Common,2372
2024-11-04,Bilaspur,Common,2381
2024-11-05,Bilaspur,Common,2366
2024-11-06,Bilaspur,Common,2361
2024-11-07,Bilaspur,Common,2350
2024-11-08,Bilaspur,Common,2344
2024-11-09,Bilaspur,Common,2350
2024-11-10,Bilaspur,Common,2354
2024-11-11,Bilaspur,Common,2327
2024-11-12,Bilaspur,Common,2334
2024-11-13,Bilaspur,Common,2316
2024-11-14,Bilaspur,Common,2278
2024-11-15,Bilaspur,Common,2294
2024-11-16,Bilaspur,Common,2310
2024-11-17,Bilaspur,Common,2274
2024-11-18,Bilaspur,Common,2280
2024-11-19,Bilaspur,Common,2314
2024-11-20,Bilaspur,Common,2320
2024-11-21,Bilaspur,Common,2344
2024-11-22,Bilaspur,Common,2353
2024-11-23,Bilaspur,Common,2337
2024-11-24,Bilaspur,Common,2333
2024-11-25,Bilaspur,Common,2312
2024-11-26,Bilaspur,Common,2348
2024-11-27,Bilaspur,Common,2322
2024-11-28,Bilaspur,Common,2347
2024-11-29,Bilaspur,Common,2353
2024-11-30,Bilaspur,Common,2352
2024-12-01,Bilaspur,Common,2357
2024-12-02,Bilaspur,Common,2375
2024-12-03,Bilaspur,Common,2360
2024-12-04,Bilaspur,Common,2383
2024-12-05,Bilaspur,Common,2385
2024-12-06,Bilaspur,Common,2418
2024-12-07,Bilaspur,Common,2411
2024-12-08,Bilaspur,Common,2421
2024-12-09,Bilaspur,Common,2392
2024-12-10,Bilaspur,Common,2382
2024-12-11,Bilaspur,Common,2402
2024-12-12,Bilaspur,Common,2421
2024-12-13,Bilaspur,Common,2417
2024-12-14,Bilaspur,Common,2423
2024-12-15,Bilaspur,Common,2435
2024-12-16,Bilaspur,Common,2422
2024-12-17,Bilaspur,Common,2422
2024-12-18,Bilaspur,Common,2429
2024-12-19,Bilaspur,Common,2413
2024-12-20,Bilaspur,Common,2416
2024-12-21,Bilaspur,Common,2429
2024-12-22,Bilaspur,Common,2436
2024-12-23,Bilaspur,Common,2423
2024-12-24,Bilaspur,Common,2440
2024-12-25,Bilaspur,Common,2449
2024-12-26,Bilaspur,Common,2439
2024-12-27,Bilaspur,Common,2401
2024-12-28,Bilaspur,Common,2409
2024-12-29,Bilaspur,Common,2394
2024-12-30,Bilaspur,Common,2366
2024-12-31,Bilaspur,Common,2353
2025-01-01,Bilaspur,Common,2337
2025-01-02,Bilaspur,Common,2324
2025-01-03,Bilaspur,Common,2354
2025-01-04,Bilaspur,Common,2361
2025-01-05,Bilaspur,Common,2351
2025-01-06,Bilaspur,Common,2359
2025-01-07,Bilaspur,Common,2365
2025-01-08,Bilaspur,Common,2381
2025-01-09,Bilaspur,Common,2358
2025-01-10,Bilaspur,Common,2361
2025-01-11,Bilaspur,Common,2373
2025-01-12,Bilaspur,Common,2383
2025-01-13,Bilaspur,Common,2363
2025-01-14,Bilaspur,Common,2362
2025-01-15,Bilaspur,Common,2329
2025-01-16,Bilaspur,Common,2354
2025-01-17,Bilaspur,Common,2368
2025-01-18,Bilaspur,Common,2374
2025-01-19,Bilaspur,Common,2364
2025-01-20,Bilaspur,Common,2350
2025-01-21,Bilaspur,Common,2377
2025-01-22,Bilaspur,Common,2332
2025-01-23,Bilaspur,Common,2338
2025-01-24,Bilaspur,Common,2352
2025-01-25,Bilaspur,Common,2339
2025-01-26,Bilaspur,Common,2343
2025-01-27,Bilaspur,Common,2362
2025-01-28,Bilaspur,Common,2374
2025-01-29,Bilaspur,Common,2378
2025-01-30,Bilaspur,Common,2338
2025-01-31,Bilaspur,Common,2339
2025-02-01,Bilaspur,Common,2355
2025-02-02,Bilaspur,Common,2356
2025-02-03,Bilaspur,Common,2330
2025-02-04,Bilaspur,Common,2310
2025-02-05,Bilaspur,Common,2298
2025-02-06,Bilaspur,Common,2334
2025-02-07,Bilaspur,Common,2326
2025-02-08,Bilaspur,Common,2339
2025-02-09,Bilaspur,Common,2314
2025-02-10,Bilaspur,Common,2331
2025-02-11,Bilaspur,Common,2335
2025-02-12,Bilaspur,Common,2311
2025-02-13,Bilaspur,Common,2294
2025-02-14,Bilaspur,Common,2288
2025-02-15,Bilaspur,Common,2288
2025-02-16,Bilaspur,Common,2289
2025-02-17,Bilaspur,Common,2276
2025-02-18,Bilaspur,Common,2298
2025-02-19,Bilaspur,Common,2272
2025-02-20,Bilaspur,Common,2294
2025-02-21,Bilaspur,Common,2308
2025-02-22,Bilaspur,Common,2305
2025-02-23,Bilaspur,Common,2281
2025-02-24,Bilaspur,Common,2270
2025-02-25,Bilaspur,Common,2271
2025-02-26,Bilaspur,Common,2287
2025-02-27,Bilaspur,Common,2271
2025-02-28,Bilaspur,Common,2249
2025-03-01,Bilaspur,Common,2249
2025-03-02,Bilaspur,Common,2245
2025-03-03,Bilaspur,Common,2251
2025-03-04,Bilaspur,Common,2231
2025-03-05,Bilaspur,Common,2235
2025-03-06,Bilaspur,Common,2239
2025-03-07,Bilaspur,Common,2233
2025-03-08,Bilaspur,Common,2244
2025-03-09,Bilaspur,Common,2231
2025-03-10,Bilaspur,Common,2208
2025-03-11,Bilaspur,Common,2202
2025-03-12,Bilaspur,Common,2213
2025-03-13,Bilaspur,Common,2217
2025-03-14,Bilaspur,Common,2238
2025-03-15,Bilaspur,Common,2277
2025-03-16,Bilaspur,Common,2297
2025-03-17,Bilaspur,Common,2282
2025-03-18,Bilaspur,Common,2273
2025-03-19,Bilaspur,Common,2291
2025-03-20,Bilaspur,Common,2281
2025-03-21,Bilaspur,Common,2256
2025-03-22,Bilaspur,Common,2262
2025-03-23,Bilaspur,Common,2275
2025-03-24,Bilaspur,Common,2256
2025-03-25,Bilaspur,Common,2255
2025-03-26,Bilaspur,Common,2253
2025-03-27,Bilaspur,Common,2248
2025-03-28,Bilaspur,Common,2231
2025-03-29,Bilaspur,Common,2228
2025-03-30,Bilaspur,Common,2250
2025-03-31,Bilaspur,Common,2255
2025-04-01,Bilaspur,Common,2262
2025-04-02,Bilaspur,Common,2237
2025-04-03,Bilaspur,Common,2263
2025-04-04,Bilaspur,Common,2240
2025-04-05,Bilaspur,Common,2239
2025-04-06,Bilaspur,Common,2232
2025-04-07,Bilaspur,Common,2245
2025-04-08,Bilaspur,Common,2277
2025-04-09,Bilaspur,Common,2249
2025-04-10,Bilaspur,Common,2248
2025-04-11,Bilaspur,Common,2265
2025-04-12,Bilaspur,Common,2256
2025-04-13,Bilaspur,Common,2247
2025-04-14,Bilaspur,Common,2245
2025-04-15,Bilaspur,Common,2247
2025-04-16,Bilaspur,Common,2225
2025-04-17,Bilaspur,Common,2206
2025-04-18,Bilaspur,Common,2242
2025-04-19,Bilaspur,Common,2244
2025-04-20,Bilaspur,Common,2250
2025-04-21,Bilaspur,Common,2257
2025-04-22,Bilaspur,Common,2257
2025-04-23,Bilaspur,Common,2255
2025-04-24,Bilaspur,Common,2245
2025-04-25,Bilaspur,Common,2235
2025-04-26,Bilaspur,Common,2241
2025-04-27,Bilaspur,Common,2240
2025-04-28,Bilaspur,Common,2223
2025-04-29,Bilaspur,Common,2239
2025-04-30,Bilaspur,Common,2227
2025-05-01,Bilaspur,Common,2231
2025-05-02,Bilaspur,Common,2213
2025-05-03,Bilaspur,Common,2234
2025-05-04,Bilaspur,Common,2219
2025-05-05,Bilaspur,Common,2192
2025-05-06,Bilaspur,Common,2182
2025-05-07,Bilaspur,Common,2173
2025-05-08,Bilaspur,Common,2199
2025-05-09,Bilaspur,Common,2190
2025-05-10,Bilaspur,Common,2218
2025-05-11,Bilaspur,Common,2224
2025-05-12,Bilaspur,Common,2232
2025-05-13,Bilaspur,Common,2256
2025-05-14,Bilaspur,Common,2256
2025-05-15,Bilaspur,Common,2233
2025-05-16,Bilaspur,Common,2228
2025-05-17,Bilaspur,Common,2211
2025-05-18,Bilaspur,Common,2217
2025-05-19,Bilaspur,Common,2199
2025-05-20,Bilaspur,Common,2164
2025-05-21,Bilaspur,Common,2155
2025-05-22,Bilaspur,Common,2144
2025-05-23,Bilaspur,Common,2164
2025-05-24,Bilaspur,Common,2177
2025-05-25,Bilaspur,Common,2166
2025-05-26,Bilaspur,Common,2171
2025-05-27,Bilaspur,Common,2133
2025-05-28,Bilaspur,Common,2133
2025-05-29,Bilaspur,Common,2167
2025-05-30,Bilaspur,Common,2155
2025-05-31,Bilaspur,Common,2154
2025-06-01,Bilaspur,Common,2190
2025-06-02,Bilaspur,Common,2192
2025-06-03,Bilaspur,Common,2223
2025-06-04,Bilaspur,Common,2228
2025-06-05,Bilaspur,Common,2247
2025-06-06,Bilaspur,Common,2253
2025-06-07,Bilaspur,Common,2228
2025-06-08,Bilaspur,Common,2205
2025-06-09,Bilaspur,Common,2186
2025-06-10,Bilaspur,Common,2196
2025-06-11,Bilaspur,Common,2180
2025-06-12,Bilaspur,Common,2178
2025-06-13,Bilaspur,Common,2204
2025-06-14,Bilaspur,Common,2219
2025-06-15,Bilaspur,Common,2216
2025-06-16,Bilaspur,Common,2200
2025-06-17,Bilaspur,Common,2190
2025-06-18,Bilaspur,Common,2165
2025-06-19,Bilaspur,Common,2184
2025-06-20,Bilaspur,Common,2167
2025-06-21,Bilaspur,Common,2167
2025-06-22,Bilaspur,Common,2134
2025-06-23,Bilaspur,Common,2169
2025-06-24,Bilaspur,Common,2184
2025-06-25,Bilaspur,Common,2170
2025-06-26,Bilaspur,Common,2188
2025-06-27,Bilaspur,Common,2170
2025-06-28,Bilaspur,Common,2167
2025-06-29,Bilaspur,Common,2161
2025-06-30,Bilaspur,Common,2167
2025-07-01,Bilaspur,Common,2151
2025-07-02,Bilaspur,Common,2152
2025-07-03,Bilaspur,Common,2137
2025-07-04,Bilaspur,Common,2150
2025-07-05,Bilaspur,Common,2126
2025-07-06,Bilaspur,Common,2135
2025-07-07,Bilaspur,Common,2165
2025-07-08,Bilaspur,Common,2175
2025-07-09,Bilaspur,Common,2172
2025-07-10,Bilaspur,Common,2179
2025-07-11,Bilaspur,Common,2204
2025-07-12,Bilaspur,Common,2191
2025-07-13,Bilaspur,Common,2206
2025-07-14,Bilaspur,Common,2186
2025-07-15,Bilaspur,Common,2177
2025-07-16,Bilaspur,Common,2174
2025-07-17,Bilaspur,Common,2180
2025-07-18,Bilaspur,Common,2195
2025-07-19,Bilaspur,Common,2179
2025-07-20,Bilaspur,Common,2204
2025-07-21,Bilaspur,Common,2199
2025-07-22,Bilaspur,Common,2224
2025-07-23,Bilaspur,Common,2221
2025-07-24,Bilaspur,Common,2205
2025-07-25,Bilaspur,Common,2217
2025-07-26,Bilaspur,Common,2224
2025-07-27,Bilaspur,Common,2271
2025-07-28,Bilaspur,Common,2252
2025-07-29,Bilaspur,Common,2256
2025-07-30,Bilaspur,Common,2236
2025-07-31,Bilaspur,Common,2255
2025-08-01,Bilaspur,Common,2261
2025-08-02,Bilaspur,Common,2247
2025-08-03,Bilaspur,Common,2250
2025-08-04,Bilaspur,Common,2244
2025-08-05,Bilaspur,Common,2243
2025-08-06,Bilaspur,Common,2266
2025-08-07,Bilaspur,Common,2258
2025-08-08,Bilaspur,Common,2276
2025-08-09,Bilaspur,Common,2252
2025-08-10,Bilaspur,Common,2235
2025-08-11,Bilaspur,Common,2252
2025-08-12,Bilaspur,Common,2253
2025-08-13,Bilaspur,Common,2269
2025-08-14,Bilaspur,Common,2253
2025-08-15,Bilaspur,Common,2260
2025-08-16,Bilaspur,Common,2248
2025-08-17,Bilaspur,Common,2264
2025-08-18,Bilaspur,Common,2255
2025-08-19,Bilaspur,Common,2249
2025-08-20,Bilaspur,Common,2253
2025-08-21,Bilaspur,Common,2239
2025-08-22,Bilaspur,Common,2254
2025-08-23,Bilaspur,Common,2253
2025-08-24,Bilaspur,Common,2256
2025-08-25,Bilaspur,Common,2262
2025-08-26,Bilaspur,Common,2273
2025-08-27,Bilaspur,Common,2293
2025-08-28,Bilaspur,Common,2263
2025-08-29,Bilaspur,Common,2251
2025-08-30,Bilaspur,Common,2252
2025-08-31,Bilaspur,Common,2252
2025-09-01,Bilaspur,Common,2243
2025-09-02,Bilaspur,Common,2237
2025-09-03,Bilaspur,Common,2228
2025-09-04,Bilaspur,Common,2256
2025-09-05,Bilaspur,Common,2274
2025-09-06,Bilaspur,Common,2279
2025-09-07,Bilaspur,Common,2266
2025-09-08,Bilaspur,Common,2296
2025-09-09,Bilaspur,Common,2271
2025-09-10,Bilaspur,Common,2272
2025-09-11,Bilaspur,Common,2315
2025-09-12,Bilaspur,Common,2309
2025-09-13,Bilaspur,Common,2303
2025-09-14,Bilaspur,Common,2295
2025-09-15,Bilaspur,Common,2293
2025-09-16,Bilaspur,Common,2285
2025-09-17,Bilaspur,Common,2277
2025-09-18,Bilaspur,Common,2286
2025-09-19,Bilaspur,Common,2280
2025-09-20,Bilaspur,Common,2314
2025-09-21,Bilaspur,Common,2304
2025-09-22,Bilaspur,Common,2300
2025-09-23,Bilaspur,Common,2282
2025-09-24,Bilaspur,Common,2297
2025-09-25,Bilaspur,Common,2310
2025-09-26,Bilaspur,Common,2291
2025-09-27,Bilaspur,Common,2298
2025-09-28,Bilaspur,Common,2327
2025-09-29,Bilaspur,Common,2340
2025-09-30,Bilaspur,Common,2311
2025-10-01,Bilaspur,Common,2315
2025-10-02,Bilaspur,Common,2316
2025-10-03,Bilaspur,Common,2329
2025-10-04,Bilaspur,Common,2322
2025-10-05,Bilaspur,Common,2299
2025-10-06,Bilaspur,Common,2327
2025-10-07,Bilaspur,Common,2335
2025-10-08,Bilaspur,Common,2356
2025-10-09,Bilaspur,Common,2342
2025-10-10,Bilaspur,Common,2336
2025-10-11,Bilaspur,Common,2334
2025-10-12,Bilaspur,Common,2342
2025-10-13,Bilaspur,Common,2345
2025-10-14,Bilaspur,Common,2344
2025-10-15,Bilaspur,Common,2346
2025-10-16,Bilaspur,Common,2341
2025-10-17,Bilaspur,Common,2316
2025-10-18,Bilaspur,Common,2348
2025-10-19,Bilaspur,Common,2347
2025-10-20,Bilaspur,Common,2368
2025-10-21,Bilaspur,Common,2364
2025-10-22,Bilaspur,Common,2378
2025-10-23,Bilaspur,Common,2371
2025-10-24,Bilaspur,Common,2383
2025-10-25,Bilaspur,Common,2363
2025-10-26,Bilaspur,Common,2363
2025-10-27,Bilaspur,Common,2369
2025-10-28,Bilaspur,Common,2363
2025-10-29,Bilaspur,Common,2357
2025-10-30,Bilaspur,Common,2362
2025-10-31,Bilaspur,Common,2371
2025-11-01,Bilaspur,Common,2368
2025-11-02,Bilaspur,Common,2389
2025-11-03,Bilaspur,Common,2382
2025-11-04,Bilaspur,Common,2374
2025-11-05,Bilaspur,Common,2372
2025-11-06,Bilaspur,Common,2360
2025-11-07,Bilaspur,Common,2372
2025-11-08,Bilaspur,Common,2363
2025-11-09,Bilaspur,Common,2366
2025-11-10,Bilaspur,Common,2372
2025-11-11,Bilaspur,Common,2358
2025-11-12,Bilaspur,Common,2350
2025-11-13,Bilaspur,Common,2377
2025-11-14,Bilaspur,Common,2395
2025-11-15,Bilaspur,Common,2377
2025-11-16,Bilaspur,Common,2384
2025-11-17,Bilaspur,Common,2403
2025-11-18,Bilaspur,Common,2429
2025-11-19,Bilaspur,Common,2429
2025-11-20,Bilaspur,Common,2416
2025-11-21,Bilaspur,Common,2422
2025-11-22,Bilaspur,Common,2404
2025-11-23,Bilaspur,Common,2390
2025-11-24,Bilaspur,Common,2392
2025-11-25,Bilaspur,Common,2412
2025-11-26,Bilaspur,Common,2430
2025-11-27,Bilaspur,Common,2432
2025-11-28,Bilaspur,Common,2416
2025-11-29,Bilaspur,Common,2412
2025-11-30,Bilaspur,Common,2418
2025-12-01,Bilaspur,Common,2405
2025-12-02,Bilaspur,Common,2401
2025-12-03,Bilaspur,Common,2388
2025-12-04,Bilaspur,Common,2377
2025-12-05,Bilaspur,Common,2376
2025-12-06,Bilaspur,Common,2359
2025-12-07,Bilaspur,Common,2336
2025-12-08,Bilaspur,Common,2350
2025-12-09,Bilaspur,Common,2368
2025-12-10,Bilaspur,Common,2391
2025-12-11,Bilaspur,Common,2381
2025-12-12,Bilaspur,Common,2386
2025-12-13,Bilaspur,Common,2382
2025-12-14,Bilaspur,Common,2367
2025-12-15,Bilaspur,Common,2351
2025-12-16,Bilaspur,Common,2374
2025-12-17,Bilaspur,Common,2375
2025-12-18,Bilaspur,Common,2388
2025-12-19,Bilaspur,Common,2405
2025-12-20,Bilaspur,Common,2392
2025-12-21,Bilaspur,Common,2401
2025-12-22,Bilaspur,Common,2406
2025-12-23,Bilaspur,Common,2390
2025-12-24,Bilaspur,Common,2410
2025-12-25,Bilaspur,Common,2435
2025-12-26,Bilaspur,Common,2431
2025-12-27,Bilaspur,Common,2426
2025-12-28,Bilaspur,Common,2414
2025-12-29,Bilaspur,Common,2413
2025-12-30,Bilaspur,Common,2387
2025-12-31,Bilaspur,Common,2378
2022-01-01,Bilaspur,Grade A,2455
2022-01-02,Bilaspur,Grade A,2452
2022-01-03,Bilaspur,Grade A,2437
2022-01-04,Bilaspur,Grade A,2432
2022-01-05,Bilaspur,Grade A,2430
2022-01-06,Bilaspur,Grade A,2414
2022-01-07,Bilaspur,Grade A,2395
2022-01-08,Bilaspur,Grade A,2423
2022-01-09,Bilaspur,Grade A,2419
2022-01-10,Bilaspur,Grade A,2410
2022-01-11,Bilaspur,Grade A,2437
2022-01-12,Bilaspur,Grade A,2425
2022-01-13,Bilaspur,Grade A,2427
2022-01-14,Bilaspur,Grade A,2426
2022-01-15,Bilaspur,Grade A,2418
2022-01-16,Bilaspur,Grade A,2437
2022-01-17,Bilaspur,Grade A,2437
2022-01-18,Bilaspur,Grade A,2466
2022-01-19,Bilaspur,Grade A,2475
2022-01-20,Bilaspur,Grade A,2473
2022-01-21,Bilaspur,Grade A,2442
2022-01-22,Bilaspur,Grade A,2459
2022-01-23,Bilaspur,Grade A,2469
2022-01-24,Bilaspur,Grade A,2459
2022-01-25,Bilaspur,Grade A,2462
2022-01-26,Bilaspur,Grade A,2460
2022-01-27,Bilaspur,Grade A,2466
2022-01-28,Bilaspur,Grade A,2461
2022-01-29,Bilaspur,Grade A,2472
2022-01-30,Bilaspur,Grade A,2474
2022-01-31,Bilaspur,Grade A,2458
2022-02-01,Bilaspur,Grade A,2447
2022-02-02,Bilaspur,Grade A,2450
2022-02-03,Bilaspur,Grade A,2460
2022-02-04,Bilaspur,Grade A,2447
2022-02-05,Bilaspur,Grade A,2426
2022-02-06,Bilaspur,Grade A,2430
2022-02-07,Bilaspur,Grade A,2419
2022-02-08,Bilaspur,Grade A,2467
2022-02-09,Bilaspur,Grade A,2483
2022-02-10,Bilaspur,Grade A,2509
2022-02-11,Bilaspur,Grade A,2496
2022-02-12,Bilaspur,Grade A,2469
2022-02-13,Bilaspur,Grade A,2462
2022-02-14,Bilaspur,Grade A,2470
2022-02-15,Bilaspur,Grade A,2476
2022-02-16,Bilaspur,Grade A,2490
2022-02-17,Bilaspur,Grade A,2454
2022-02-18,Bilaspur,Grade A,2449
2022-02-19,Bilaspur,Grade A,2443
2022-02-20,Bilaspur,Grade A,2457
2022-02-21,Bilaspur,Grade A,2449
2022-02-22,Bilaspur,Grade A,2445
2022-02-23,Bilaspur,Grade A,2440
2022-02-24,Bilaspur,Grade A,2412
2022-02-25,Bilaspur,Grade A,2406
2022-02-26,Bilaspur,Grade A,2410
2022-02-27,Bilaspur,Grade A,2410
2022-02-28,Bilaspur,Grade A,2398
2022-03-01,Bilaspur,Grade A,2432
2022-03-02,Bilaspur,Grade A,2413
2022-03-03,Bilaspur,Grade A,2413
2022-03-04,Bilaspur,Grade A,2447
2022-03-05,Bilaspur,Grade A,2483
2022-03-06,Bilaspur,Grade A,2496
2022-03-07,Bilaspur,Grade A,2474
2022-03-08,Bilaspur,Grade A,2460
2022-03-09,Bilaspur,Grade A,2436
2022-03-10,Bilaspur,Grade A,2411
2022-03-11,Bilaspur,Grade A,2392
2022-03-12,Bilaspur,Grade A,2387
2022-03-13,Bilaspur,Grade A,2401
2022-03-14,Bilaspur,Grade A,2392
2022-03-15,Bilaspur,Grade A,2386
2022-03-16,Bilaspur,Grade A,2410
2022-03-17,Bilaspur,Grade A,2411
2022-03-18,Bilaspur,Grade A,2404
2022-03-19,Bilaspur,Grade A,2414
2022-03-20,Bilaspur,Grade A,2419
2022-03-21,Bilaspur,Grade A,2422
2022-03-22,Bilaspur,Grade A,2422
2022-03-23,Bilaspur,Grade A,2386
2022-03-24,Bilaspur,Grade A,2387
2022-03-25,Bilaspur,Grade A,2373
2022-03-26,Bilaspur,Grade A,2396
2022-03-27,Bilaspur,Grade A,2406
2022-03-28,Bilaspur,Grade A,2392
2022-03-29,Bilaspur,Grade A,2375
2022-03-30,Bilaspur,Grade A,2373
2022-03-31,Bilaspur,Grade A,2364
2022-04-01,Bilaspur,Grade A,2362
2022-04-02,Bilaspur,Grade A,2410
2022-04-03,Bilaspur,Grade A,2424
2022-04-04,Bilaspur,Grade A,2423
2022-04-05,Bilaspur,Grade A,2427
2022-04-06,Bilaspur,Grade A,2414
2022-04-07,Bilaspur,Grade A,2423
2022-04-08,Bilaspur,Grade A,2428
2022-04-09,Bilaspur,Grade A,2428
2022-04-10,Bilaspur,Grade A,2398
2022-04-11,Bilaspur,Grade A,2368
2022-04-12,Bilaspur,Grade A,2351
2022-04-13,Bilaspur,Grade A,2344
2022-04-14,Bilaspur,Grade A,2335
2022-04-15,Bilaspur,Grade A,2321
2022-04-16,Bilaspur,Grade A,2345
2022-04-17,Bilaspur,Grade A,2386
2022-04-18,Bilaspur,Grade A,2381
2022-04-19,Bilaspur,Grade A,2384
2022-04-20,Bilaspur,Grade A,2388
2022-04-21,Bilaspur,Grade A,2381
2022-04-22,Bilaspur,Grade A,2389
2022-04-23,Bilaspur,Grade A,2401
2022-04-24,Bilaspur,Grade A,2421
2022-04-25,Bilaspur,Grade A,2423
2022-04-26,Bilaspur,Grade A,2414
2022-04-27,Bilaspur,Grade A,2404
2022-04-28,Bilaspur,Grade A,2384
2022-04-29,Bilaspur,Grade A,2389
2022-04-30,Bilaspur,Grade A,2395
2022-05-01,Bilaspur,Grade A,2381
2022-05-02,Bilaspur,Grade A,2411
2022-05-03,Bilaspur,Grade A,2409
2022-05-04,Bilaspur,Grade A,2404
2022-05-05,Bilaspur,Grade A,2390
2022-05-06,Bilaspur,Grade A,2381
2022-05-07,Bilaspur,Grade A,2382
2022-05-08,Bilaspur,Grade A,2383
2022-05-09,Bilaspur,Grade A,2379
2022-05-10,Bilaspur,Grade A,2348
2022-05-11,Bilaspur,Grade A,2337
2022-05-12,Bilaspur,Grade A,2323
2022-05-13,Bilaspur,Grade A,2314
2022-05-14,Bilaspur,Grade A,2302
2022-05-15,Bilaspur,Grade A,2270
2022-05-16,Bilaspur,Grade A,2254
2022-05-17,Bilaspur,Grade A,2269
2022-05-18,Bilaspur,Grade A,2284
2022-05-19,Bilaspur,Grade A,2271
2022-05-20,Bilaspur,Grade A,2278
2022-05-21,Bilaspur,Grade A,2291
2022-05-22,Bilaspur,Grade A,2251
2022-05-23,Bilaspur,Grade A,2245
2022-05-24,Bilaspur,Grade A,2241
2022-05-25,Bilaspur,Grade A,2262
2022-05-26,Bilaspur,Grade A,2256
2022-05-27,Bilaspur,Grade A,2258
2022-05-28,Bilaspur,Grade A,2264
2022-05-29,Bilaspur,Grade A,2275
2022-05-30,Bilaspur,Grade A,2272
2022-05-31,Bilaspur,Grade A,2301
2022-06-01,Bilaspur,Grade A,2309
2022-06-02,Bilaspur,Grade A,2283
2022-06-03,Bilaspur,Grade A,2285
2022-06-04,Bilaspur,Grade A,2263
2022-06-05,Bilaspur,Grade A,2275
2022-06-06,Bilaspur,Grade A,2289
2022-06-07,Bilaspur,Grade A,2250
2022-06-08,Bilaspur,Grade A,2258
2022-06-09,Bilaspur,Grade A,2247
2022-06-10,Bilaspur,Grade A,2255
2022-06-11,Bilaspur,Grade A,2251
2022-06-12,Bilaspur,Grade A,2219
2022-06-13,Bilaspur,Grade A,2250
2022-06-14,Bilaspur,Grade A,2200
2022-06-15,Bilaspur,Grade A,2214
2022-06-16,Bilaspur,Grade A,2215
2022-06-17,Bilaspur,Grade A,2224
2022-06-18,Bilaspur,Grade A,2202
2022-06-19,Bilaspur,Grade A,2257
2022-06-20,Bilaspur,Grade A,2264
2022-06-21,Bilaspur,Grade A,2266
2022-06-22,Bilaspur,Grade A,2286
2022-06-23,Bilaspur,Grade A,2263
2022-06-24,Bilaspur,Grade A,2276
2022-06-25,Bilaspur,Grade A,2265
2022-06-26,Bilaspur,Grade A,2256
2022-06-27,Bilaspur,Grade A,2266
2022-06-28,Bilaspur,Grade A,2282
2022-06-29,Bilaspur,Grade A,2260
2022-06-30,Bilaspur,Grade A,2256
2022-07-01,Bilaspur,Grade A,2251
2022-07-02,Bilaspur,Grade A,2235
2022-07-03,Bilaspur,Grade A,2245
2022-07-04,Bilaspur,Grade A,2260
2022-07-05,Bilaspur,Grade A,2235
2022-07-06,Bilaspur,Grade A,2205
2022-07-07,Bilaspur,Grade A,2210
2022-07-08,Bilaspur,Grade A,2209
2022-07-09,Bilaspur,Grade A,2238
2022-07-10,Bilaspur,Grade A,2259
2022-07-11,Bilaspur,Grade A,2273
2022-07-12,Bilaspur,Grade A,2278
2022-07-13,Bilaspur,Grade A,2267
2022-07-14,Bilaspur,Grade A,2241
2022-07-15,Bilaspur,Grade A,2247
2022-07-16,Bilaspur,Grade A,2246
2022-07-17,Bilaspur,Grade A,2246
2022-07-18,Bilaspur,Grade A,2230
2022-07-19,Bilaspur,Grade A,2220
2022-07-20,Bilaspur,Grade A,2243
2022-07-21,Bilaspur,Grade A,2251
2022-07-22,Bilaspur,Grade A,2221
2022-07-23,Bilaspur,Grade A,2243
2022-07-24,Bilaspur,Grade A,2243
2022-07-25,Bilaspur,Grade A,2273
2022-07-26,Bilaspur,Grade A,2272
2022-07-27,Bilaspur,Grade A,2275
2022-07-28,Bilaspur,Grade A,2297
2022-07-29,Bilaspur,Grade A,2314
2022-07-30,Bilaspur,Grade A,2348
2022-07-31,Bilaspur,Grade A,2351
2022-08-01,Bilaspur,Grade A,2337
2022-08-02,Bilaspur,Grade A,2332
2022-08-03,Bilaspur,Grade A,2336
2022-08-04,Bilaspur,Grade A,2344
2022-08-05,Bilaspur,Grade A,2331
2022-08-06,Bilaspur,Grade A,2316
2022-08-07,Bilaspur,Grade A,2297
2022-08-08,Bilaspur,Grade A,2269
2022-08-09,Bilaspur,Grade A,2245
2022-08-10,Bilaspur,Grade A,2269
2022-08-11,Bilaspur,Grade A,2280
2022-08-12,Bilaspur,Grade A,2292
2022-08-13,Bilaspur,Grade A,2283
2022-08-14,Bilaspur,Grade A,2297
2022-08-15,Bilaspur,Grade A,2283
2022-08-16,Bilaspur,Grade A,2256
2022-08-17,Bilaspur,Grade A,2264
2022-08-18,Bilaspur,Grade A,2255
2022-08-19,Bilaspur,Grade A,2257
2022-08-20,Bilaspur,Grade A,2270
2022-08-21,Bilaspur,Grade A,2265
2022-08-22,Bilaspur,Grade A,2270
2022-08-23,Bilaspur,Grade A,2287
2022-08-24,Bilaspur,Grade A,2295
2022-08-25,Bilaspur,Grade A,2274
2022-08-26,Bilaspur,Grade A,2283
2022-08-27,Bilaspur,Grade A,2320
2022-08-28,Bilaspur,Grade A,2334
2022-08-29,Bilaspur,Grade A,2323
2022-08-30,Bilaspur,Grade A,2336
2022-08-31,Bilaspur,Grade A,2361
2022-09-01,Bilaspur,Grade A,2353
2022-09-02,Bilaspur,Grade A,2346
2022-09-03,Bilaspur,Grade A,2336
2022-09-04,Bilaspur,Grade A,2358
2022-09-05,Bilaspur,Grade A,2361
2022-09-06,Bilaspur,Grade A,2367
2022-09-07,Bilaspur,Grade A,2361
2022-09-08,Bilaspur,Grade A,2356
2022-09-09,Bilaspur,Grade A,2386
2022-09-10,Bilaspur,Grade A,2366
2022-09-11,Bilaspur,Grade A,2356
2022-09-12,Bilaspur,Grade A,2381
2022-09-13,Bilaspur,Grade A,2387
2022-09-14,Bilaspur,Grade A,2387
2022-09-15,Bilaspur,Grade A,2365
2022-09-16,Bilaspur,Grade A,2368
2022-09-17,Bilaspur,Grade A,2401
2022-09-18,Bilaspur,Grade A,2400
2022-09-19,Bilaspur,Grade A,2433
2022-09-20,Bilaspur,Grade A,2425
2022-09-21,Bilaspur,Grade A,2401
2022-09-22,Bilaspur,Grade A,2390
2022-09-23,Bilaspur,Grade A,2409
2022-09-24,Bilaspur,Grade A,2384
2022-09-25,Bilaspur,Grade A,2391
2022-09-26,Bilaspur,Grade A,2393
2022-09-27,Bilaspur,Grade A,2380
2022-09-28,Bilaspur,Grade A,2414
2022-09-29,Bilaspur,Grade A,2409
2022-09-30,Bilaspur,Grade A,2433
2022-10-01,Bilaspur,Grade A,2433
2022-10-02,Bilaspur,Grade A,2428
2022-10-03,Bilaspur,Grade A,2421
2022-10-04,Bilaspur,Grade A,2422
2022-10-05,Bilaspur,Grade A,2437
2022-10-06,Bilaspur,Grade A,2462
2022-10-07,Bilaspur,Grade A,2460
2022-10-08,Bilaspur,Grade A,2457
2022-10-09,Bilaspur,Grade A,2462
2022-10-10,Bilaspur,Grade A,2482
2022-10-11,Bilaspur,Grade A,2477
2022-10-12,Bilaspur,Grade A,2501
2022-10-13,Bilaspur,Grade A,2497
2022-10-14,Bilaspur,Grade A,2491
2022-10-15,Bilaspur,Grade A,2474
2022-10-16,Bilaspur,Grade A,2506
2022-10-17,Bilaspur,Grade A,2513
2022-10-18,Bilaspur,Grade A,2525
2022-10-19,Bilaspur,Grade A,2532
2022-10-20,Bilaspur,Grade A,2520
2022-10-21,Bilaspur,Grade A,2498
2022-10-22,Bilaspur,Grade A,2504
2022-10-23,Bilaspur,Grade A,2513
2022-10-24,Bilaspur,Grade A,2533
2022-10-25,Bilaspur,Grade A,2559
2022-10-26,Bilaspur,Grade A,2573
2022-10-27,Bilaspur,Grade A,2560
2022-10-28,Bilaspur,Grade A,2584
2022-10-29,Bilaspur,Grade A,2607
2022-10-30,Bilaspur,Grade A,2591
2022-10-31,Bilaspur,Grade A,2600
2022-11-01,Bilaspur,Grade A,2598
2022-11-02,Bilaspur,Grade A,2572
2022-11-03,Bilaspur,Grade A,2547
2022-11-04,Bilaspur,Grade A,2510
2022-11-05,Bilaspur,Grade A,2535
2022-11-06,Bilaspur,Grade A,2521
2022-11-07,Bilaspur,Grade A,2530
2022-11-08,Bilaspur,Grade A,2492
2022-11-09,Bilaspur,Grade A,2487
2022-11-10,Bilaspur,Grade A,2511
2022-11-11,Bilaspur,Grade A,2540
2022-11-12,Bilaspur,Grade A,2537
2022-11-13,Bilaspur,Grade A,2547
2022-11-14,Bilaspur,Grade A,2547
2022-11-15,Bilaspur,Grade A,2546
2022-11-16,Bilaspur,Grade A,2549
2022-11-17,Bilaspur,Grade A,2550
2022-11-18,Bilaspur,Grade A,2549
2022-11-19,Bilaspur,Grade A,2556
2022-11-20,Bilaspur,Grade A,2550
2022-11-21,Bilaspur,Grade A,2509
2022-11-22,Bilaspur,Grade A,2515
2022-11-23,Bilaspur,Grade A,2514
2022-11-24,Bilaspur,Grade A,2512
2022-11-25,Bilaspur,Grade A,2512
2022-11-26,Bilaspur,Grade A,2527
2022-11-27,Bilaspur,Grade A,2532
2022-11-28,Bilaspur,Grade A,2526
2022-11-29,Bilaspur,Grade A,2524
2022-11-30,Bilaspur,Grade A,2499
2022-12-01,Bilaspur,Grade A,2532
2022-12-02,Bilaspur,Grade A,2532
2022-12-03,Bilaspur,Grade A,2507
2022-12-04,Bilaspur,Grade A,2533
2022-12-05,Bilaspur,Grade A,2524
2022-12-06,Bilaspur,Grade A,2520
2022-12-07,Bilaspur,Grade A,2491
2022-12-08,Bilaspur,Grade A,2516
2022-12-09,Bilaspur,Grade A,2542
2022-12-10,Bilaspur,Grade A,2532
2022-12-11,Bilaspur,Grade A,2536
2022-12-12,Bilaspur,Grade A,2548
2022-12-13,Bilaspur,Grade A,2579
2022-12-14,Bilaspur,Grade A,2539
2022-12-15,Bilaspur,Grade A,2543
2022-12-16,Bilaspur,Grade A,2532
2022-12-17,Bilaspur,Grade A,2556
2022-12-18,Bilaspur,Grade A,2517
2022-12-19,Bilaspur,Grade A,2523
2022-12-20,Bilaspur,Grade A,2511
2022-12-21,Bilaspur,Grade A,2519
2022-12-22,Bilaspur,Grade A,2537
2022-12-23,Bilaspur,Grade A,2543
2022-12-24,Bilaspur,Grade A,2550
2022-12-25,Bilaspur,Grade A,2551
2022-12-26,Bilaspur,Grade A,2564
2022-12-27,Bilaspur,Grade A,2560
2022-12-28,Bilaspur,Grade A,2573
2022-12-29,Bilaspur,Grade A,2574
2022-12-30,Bilaspur,Grade A,2559
2022-12-31,Bilaspur,Grade A,2532
2023-01-01,Bilaspur,Grade A,2517
2023-01-02,Bilaspur,Grade A,2515
2023-01-03,Bilaspur,Grade A,2497
2023-01-04,Bilaspur,Grade A,2501
2023-01-05,Bilaspur,Grade A,2507
2023-01-06,Bilaspur,Grade A,2509
2023-01-07,Bilaspur,Grade A,2509
2023-01-08,Bilaspur,Grade A,2519
2023-01-09,Bilaspur,Grade A,2535
2023-01-10,Bilaspur,Grade A,2520
2023-01-11,Bilaspur,Grade A,2524
2023-01-12,Bilaspur,Grade A,2556
2023-01-13,Bilaspur,Grade A,2539
2023-01-14,Bilaspur,Grade A,2572
2023-01-15,Bilaspur,Grade A,2565
2023-01-16,Bilaspur,Grade A,2554
2023-01-17,Bilaspur,Grade A,2497
2023-01-18,Bilaspur,Grade A,2495
2023-01-19,Bilaspur,Grade A,2490
2023-01-20,Bilaspur,Grade A,2492
2023-01-21,Bilaspur,Grade A,2491
2023-01-22,Bilaspur,Grade A,2510
2023-01-23,Bilaspur,Grade A,2514
2023-01-24,Bilaspur,Grade A,2503
2023-01-25,Bilaspur,Grade A,2510
2023-01-26,Bilaspur,Grade A,2491
2023-01-27,Bilaspur,Grade A,2485
2023-01-28,Bilaspur,Grade A,2496
2023-01-29,Bilaspur,Grade A,2498
2023-01-30,Bilaspur,Grade A,2497
2023-01-31,Bilaspur,Grade A,2515
2023-02-01,Bilaspur,Grade A,2516
2023-02-02,Bilaspur,Grade A,2522
2023-02-03,Bilaspur,Grade A,2537
2023-02-04,Bilaspur,Grade A,2525
2023-02-05,Bilaspur,Grade A,2528
2023-02-06,Bilaspur,Grade A,2513
2023-02-07,Bilaspur,Grade A,2503
2023-02-08,Bilaspur,Grade A,2488
2023-02-09,Bilaspur,Grade A,2496
2023-02-10,Bilaspur,Grade A,2498
2023-02-11,Bilaspur,Grade A,2519
2023-02-12,Bilaspur,Grade A,2536
2023-02-13,Bilaspur,Grade A,2538
2023-02-14,Bilaspur,Grade A,2529
2023-02-15,Bilaspur,Grade A,2537
2023-02-16,Bilaspur,Grade A,2518
2023-02-17,Bilaspur,Grade A,2520
2023-02-18,Bilaspur,Grade A,2530
2023-02-19,Bilaspur,Grade A,2514
2023-02-20,Bilaspur,Grade A,2491
2023-02-21,Bilaspur,Grade A,2472
2023-02-22,Bilaspur,Grade A,2456
2023-02-23,Bilaspur,Grade A,2434
2023-02-24,Bilaspur,Grade A,2460
2023-02-25,Bilaspur,Grade A,2464
2023-02-26,Bilaspur,Grade A,2455
2023-02-27,Bilaspur,Grade A,2473
2023-02-28,Bilaspur,Grade A,2459
2023-03-01,Bilaspur,Grade A,2424
2023-03-02,Bilaspur,Grade A,2423
2023-03-03,Bilaspur,Grade A,2428
2023-03-04,Bilaspur,Grade A,2420
2023-03-05,Bilaspur,Grade A,2422
2023-03-06,Bilaspur,Grade A,2422
2023-03-07,Bilaspur,Grade A,2432
2023-03-08,Bilaspur,Grade A,2455
2023-03-09,Bilaspur,Grade A,2417
2023-03-10,Bilaspur,Grade A,2411
2023-03-11,Bilaspur,Grade A,2392
2023-03-12,Bilaspur,Grade A,2398
2023-03-13,Bilaspur,Grade A,2430
2023-03-14,Bilaspur,Grade A,2426
2023-03-15,Bilaspur,Grade A,2439
2023-03-16,Bilaspur,Grade A,2451
2023-03-17,Bilaspur,Grade A,2446
2023-03-18,Bilaspur,Grade A,2420
2023-03-19,Bilaspur,Grade A,2427
2023-03-20,Bilaspur,Grade A,2444
2023-03-21,Bilaspur,Grade A,2453
2023-03-22,Bilaspur,Grade A,2429
2023-03-23,Bilaspur,Grade A,2434
2023-03-24,Bilaspur,Grade A,2436
2023-03-25,Bilaspur,Grade A,2413
2023-03-26,Bilaspur,Grade A,2382
2023-03-27,Bilaspur,Grade A,2386
2023-03-28,Bilaspur,Grade A,2388
2023-03-29,Bilaspur,Grade A,2399
2023-03-30,Bilaspur,Grade A,2406
2023-03-31,Bilaspur,Grade A,2421
2023-04-01,Bilaspur,Grade A,2423
2023-04-02,Bilaspur,Grade A,2431
2023-04-03,Bilaspur,Grade A,2438
2023-04-04,Bilaspur,Grade A,2437
2023-04-05,Bilaspur,Grade A,2420
2023-04-06,Bilaspur,Grade A,2415
2023-04-07,Bilaspur,Grade A,2417
2023-04-08,Bilaspur,Grade A,2417
2023-04-09,Bilaspur,Grade A,2427
2023-04-10,Bilaspur,Grade A,2411
2023-04-11,Bilaspur,Grade A,2416
2023-04-12,Bilaspur,Grade A,2420
2023-04-13,Bilaspur,Grade A,2406
2023-04-14,Bilaspur,Grade A,2415
2023-04-15,Bilaspur,Grade A,2440
2023-04-16,Bilaspur,Grade A,2453
2023-04-17,Bilaspur,Grade A,2431
2023-04-18,Bilaspur,Grade A,2404
2023-04-19,Bilaspur,Grade A,2372
2023-04-20,Bilaspur,Grade A,2413
2023-04-21,Bilaspur,Grade A,2399
2023-04-22,Bilaspur,Grade A,2407
2023-04-23,Bilaspur,Grade A,2409
2023-04-24,Bilaspur,Grade A,2424
2023-04-25,Bilaspur,Grade A,2405
2023-04-26,Bilaspur,Grade A,2403
2023-04-27,Bilaspur,Grade A,2384
2023-04-28,Bilaspur,Grade A,2411
2023-04-29,Bilaspur,Grade A,2388
2023-04-30,Bilaspur,Grade A,2385
2023-05-01,Bilaspur,Grade A,2372
2023-05-02,Bilaspur,Grade A,2373
2023-05-03,Bilaspur,Grade A,2344
2023-05-04,Bilaspur,Grade A,2346
2023-05-05,Bilaspur,Grade A,2369
2023-05-06,Bilaspur,Grade A,2375
2023-05-07,Bilaspur,Grade A,2370
2023-05-08,Bilaspur,Grade A,2395
2023-05-09,Bilaspur,Grade A,2397
2023-05-10,Bilaspur,Grade A,2404
2023-05-11,Bilaspur,Grade A,2416
2023-05-12,Bilaspur,Grade A,2396
2023-05-13,Bilaspur,Grade A,2372
2023-05-14,Bilaspur,Grade A,2367
2023-05-15,Bilaspur,Grade A,2358
2023-05-16,Bilaspur,Grade A,2335
2023-05-17,Bilaspur,Grade A,2324
2023-05-18,Bilaspur,Grade A,2338
2023-05-19,Bilaspur,Grade A,2325
2023-05-20,Bilaspur,Grade A,2335
2023-05-21,Bilaspur,Grade A,2315
2023-05-22,Bilaspur,Grade A,2308
2023-05-23,Bilaspur,Grade A,2330
2023-05-24,Bilaspur,Grade A,2315
2023-05-25,Bilaspur,Grade A,2313
2023-05-26,Bilaspur,Grade A,2311
2023-05-27,Bilaspur,Grade A,2316
2023-05-28,Bilaspur,Grade A,2310
2023-05-29,Bilaspur,Grade A,2333
2023-05-30,Bilaspur,Grade A,2317
2023-05-31,Bilaspur,Grade A,2299
2023-06-01,Bilaspur,Grade A,2304
2023-06-02,Bilaspur,Grade A,2317
2023-06-03,Bilaspur,Grade A,2310
2023-06-04,Bilaspur,Grade A,2335
2023-06-05,Bilaspur,Grade A,2348
2023-06-06,Bilaspur,Grade A,2344
2023-06-07,Bilaspur,Grade A,2329
2023-06-08,Bilaspur,Grade A,2336
2023-06-09,Bilaspur,Grade A,2354
2023-06-10,Bilaspur,Grade A,2340
2023-06-11,Bilaspur,Grade A,2335
2023-06-12,Bilaspur,Grade A,2325
2023-06-13,Bilaspur,Grade A,2322
2023-06-14,Bilaspur,Grade A,2315
2023-06-15,Bilaspur,Grade A,2304
2023-06-16,Bilaspur,Grade A,2298
2023-06-17,Bilaspur,Grade A,2325
2023-06-18,Bilaspur,Grade A,2316
2023-06-19,Bilaspur,Grade A,2311
2023-06-20,Bilaspur,Grade A,2292
2023-06-21,Bilaspur,Grade A,2289
2023-06-22,Bilaspur,Grade A,2316
2023-06-23,Bilaspur,Grade A,2313
2023-06-24,Bilaspur,Grade A,2316
2023-06-25,Bilaspur,Grade A,2309
2023-06-26,Bilaspur,Grade A,2299
2023-06-27,Bilaspur,Grade A,2346
2023-06-28,Bilaspur,Grade A,2328
2023-06-29,Bilaspur,Grade A,2341
2023-06-30,Bilaspur,Grade A,2315
2023-07-01,Bilaspur,Grade A,2330
2023-07-02,Bilaspur,Grade A,2325
2023-07-03,Bilaspur,Grade A,2332
2023-07-04,Bilaspur,Grade A,2343
2023-07-05,Bilaspur,Grade A,2338
2023-07-06,Bilaspur,Grade A,2344
2023-07-07,Bilaspur,Grade A,2337
2023-07-08,Bilaspur,Grade A,2348
2023-07-09,Bilaspur,Grade A,2323
2023-07-10,Bilaspur,Grade A,2310
2023-07-11,Bilaspur,Grade A,2315
2023-07-12,Bilaspur,Grade A,2307
2023-07-13,Bilaspur,Grade A,2275
2023-07-14,Bilaspur,Grade A,2286
2023-07-15,Bilaspur,Grade A,2275
2023-07-16,Bilaspur,Grade A,2251
2023-07-17,Bilaspur,Grade A,2262
2023-07-18,Bilaspur,Grade A,2256
2023-07-19,Bilaspur,Grade A,2261
2023-07-20,Bilaspur,Grade A,2270
2023-07-21,Bilaspur,Grade A,2296
2023-07-22,Bilaspur,Grade A,2292
2023-07-23,Bilaspur,Grade A,2303
2023-07-24,Bilaspur,Grade A,2306
2023-07-25,Bilaspur,Grade A,2330
2023-07-26,Bilaspur,Grade A,2373
2023-07-27,Bilaspur,Grade A,2372
2023-07-28,Bilaspur,Grade A,2373
2023-07-29,Bilaspur,Grade A,2379
2023-07-30,Bilaspur,Grade A,2383
2023-07-31,Bilaspur,Grade A,2395
2023-08-01,Bilaspur,Grade A,2381
2023-08-02,Bilaspur,Grade A,2394
2023-08-03,Bilaspur,Grade A,2378
2023-08-04,Bilaspur,Grade A,2396
2023-08-05,Bilaspur,Grade A,2397
2023-08-06,Bilaspur,Grade A,2384
2023-08-07,Bilaspur,Grade A,2363
2023-08-08,Bilaspur,Grade A,2353
2023-08-09,Bilaspur,Grade A,2335
2023-08-10,Bilaspur,Grade A,2343
2023-08-11,Bilaspur,Grade A,2348
2023-08-12,Bilaspur,Grade A,2359
2023-08-13,Bilaspur,Grade A,2349
2023-08-14,Bilaspur,Grade A,2352
2023-08-15,Bilaspur,Grade A,2374
2023-08-16,Bilaspur,Grade A,2394
2023-08-17,Bilaspur,Grade A,2387
2023-08-18,Bilaspur,Grade A,2387
2023-08-19,Bilaspur,Grade A,2415
2023-08-20,Bilaspur,Grade A,2401
2023-08-21,Bilaspur,Grade A,2389
2023-08-22,Bilaspur,Grade A,2402
2023-08-23,Bilaspur,Grade A,2409
2023-08-24,Bilaspur,Grade A,2401
2023-08-25,Bilaspur,Grade A,2412
2023-08-26,Bilaspur,Grade A,2427
2023-08-27,Bilaspur,Grade A,2434
2023-08-28,Bilaspur,Grade A,2408
2023-08-29,Bilaspur,Grade A,2419
2023-08-30,Bilaspur,Grade A,2417
2023-08-31,Bilaspur,Grade A,2403
2023-09-01,Bilaspur,Grade A,2396
2023-09-02,Bilaspur,Grade A,2410
2023-09-03,Bilaspur,Grade A,2387
2023-09-04,Bilaspur,Grade A,2392
2023-09-05,Bilaspur,Grade A,2366
2023-09-06,Bilaspur,Grade A,2378
2023-09-07,Bilaspur,Grade A,2397
2023-09-08,Bilaspur,Grade A,2385
2023-09-09,Bilaspur,Grade A,2372
2023-09-10,Bilaspur,Grade A,2383
2023-09-11,Bilaspur,Grade A,2391
2023-09-12,Bilaspur,Grade A,2405
2023-09-13,Bilaspur,Grade A,2406
2023-09-14,Bilaspur,Grade A,2383
2023-09-15,Bilaspur,Grade A,2378
2023-09-16,Bilaspur,Grade A,2379
2023-09-17,Bilaspur,Grade A,2408
2023-09-18,Bilaspur,Grade A,2403
2023-09-19,Bilaspur,Grade A,2407
2023-09-20,Bilaspur,Grade A,2383
2023-09-21,Bilaspur,Grade A,2388
2023-09-22,Bilaspur,Grade A,2400
2023-09-23,Bilaspur,Grade A,2407
2023-09-24,Bilaspur,Grade A,2401
2023-09-25,Bilaspur,Grade A,2410
2023-09-26,Bilaspur,Grade A,2432
2023-09-27,Bilaspur,Grade A,2433
2023-09-28,Bilaspur,Grade A,2434
2023-09-29,Bilaspur,Grade A,2440
2023-09-30,Bilaspur,Grade A,2452
2023-10-01,Bilaspur,Grade A,2436
2023-10-02,Bilaspur,Grade A,2437
2023-10-03,Bilaspur,Grade A,2447
2023-10-04,Bilaspur,Grade A,2435
2023-10-05,Bilaspur,Grade A,2409
2023-10-06,Bilaspur,Grade A,2414
2023-10-07,Bilaspur,Grade A,2436
2023-10-08,Bilaspur,Grade A,2442
2023-10-09,Bilaspur,Grade A,2428
2023-10-10,Bilaspur,Grade A,2435
2023-10-11,Bilaspur,Grade A,2423
2023-10-12,Bilaspur,Grade A,2446
2023-10-13,Bilaspur,Grade A,2473
2023-10-14,Bilaspur,Grade A,2475
2023-10-15,Bilaspur,Grade A,2486
2023-10-16,Bilaspur,Grade A,2500
2023-10-17,Bilaspur,Grade A,2485
2023-10-18,Bilaspur,Grade A,2467
2023-10-19,Bilaspur,Grade A,2500
2023-10-20,Bilaspur,Grade A,2498
2023-10-21,Bilaspur,Grade A,2484
2023-10-22,Bilaspur,Grade A,2486
2023-10-23,Bilaspur,Grade A,2510
2023-10-24,Bilaspur,Grade A,2516
2023-10-25,Bilaspur,Grade A,2543
2023-10-26,Bilaspur,Grade A,2566
2023-10-27,Bilaspur,Grade A,2550
2023-10-28,Bilaspur,Grade A,2531
2023-10-29,Bilaspur,Grade A,2539
2023-10-30,Bilaspur,Grade A,2539
2023-10-31,Bilaspur,Grade A,2543
2023-11-01,Bilaspur,Grade A,2542
2023-11-02,Bilaspur,Grade A,2525
2023-11-03,Bilaspur,Grade A,2533
2023-11-04,Bilaspur,Grade A,2527
2023-11-05,Bilaspur,Grade A,2484
2023-11-06,Bilaspur,Grade A,2515
2023-11-07,Bilaspur,Grade A,2521
2023-11-08,Bilaspur,Grade A,2531
2023-11-09,Bilaspur,Grade A,2543
2023-11-10,Bilaspur,Grade A,2560
2023-11-11,Bilaspur,Grade A,2540
2023-11-12,Bilaspur,Grade A,2544
2023-11-13,Bilaspur,Grade A,2556
2023-11-14,Bilaspur,Grade A,2549
2023-11-15,Bilaspur,Grade A,2565
2023-11-16,Bilaspur,Grade A,2570
2023-11-17,Bilaspur,Grade A,2570
2023-11-18,Bilaspur,Grade A,2547
2023-11-19,Bilaspur,Grade A,2561
2023-11-20,Bilaspur,Grade A,2557
2023-11-21,Bilaspur,Grade A,2561
2023-11-22,Bilaspur,Grade A,2566
2023-11-23,Bilaspur,Grade A,2559
2023-11-24,Bilaspur,Grade A,2524
2023-11-25,Bilaspur,Grade A,2509
2023-11-26,Bilaspur,Grade A,2505
2023-11-27,Bilaspur,Grade A,2555
2023-11-28,Bilaspur,Grade A,2551
2023-11-29,Bilaspur,Grade A,2530
2023-11-30,Bilaspur,Grade A,2525
2023-12-01,Bilaspur,Grade A,2511
2023-12-02,Bilaspur,Grade A,2515
2023-12-03,Bilaspur,Grade A,2553
2023-12-04,Bilaspur,Grade A,2554
2023-12-05,Bilaspur,Grade A,2578
2023-12-06,Bilaspur,Grade A,2578
2023-12-07,Bilaspur,Grade A,2576
2023-12-08,Bilaspur,Grade A,2588
2023-12-09,Bilaspur,Grade A,2582
2023-12-10,Bilaspur,Grade A,2580
2023-12-11,Bilaspur,Grade A,2628
2023-12-12,Bilaspur,Grade A,2617
2023-12-13,Bilaspur,Grade A,2593
2023-12-14,Bilaspur,Grade A,2589
2023-12-15,Bilaspur,Grade A,2574
2023-12-16,Bilaspur,Grade A,2571
2023-12-17,Bilaspur,Grade A,2568
2023-12-18,Bilaspur,Grade A,2554
2023-12-19,Bilaspur,Grade A,2547
2023-12-20,Bilaspur,Grade A,2512
2023-12-21,Bilaspur,Grade A,2519
2023-12-22,Bilaspur,Grade A,2531
2023-12-23,Bilaspur,Grade A,2526
2023-12-24,Bilaspur,Grade A,2523
2023-12-25,Bilaspur,Grade A,2505
2023-12-26,Bilaspur,Grade A,2510
2023-12-27,Bilaspur,Grade A,2506
2023-12-28,Bilaspur,Grade A,2519
2023-12-29,Bilaspur,Grade A,2536
2023-12-30,Bilaspur,Grade A,2516
2023-12-31,Bilaspur,Grade A,2538
2024-01-01,Bilaspur,Grade A,2565
2024-01-02,Bilaspur,Grade A,2560
2024-01-03,Bilaspur,Grade A,2548
2024-01-04,Bilaspur,Grade A,2535
2024-01-05,Bilaspur,Grade A,2536
2024-01-06,Bilaspur,Grade A,2547
2024-01-07,Bilaspur,Grade A,2528
2024-01-08,Bilaspur,Grade A,2533
2024-01-09,Bilaspur,Grade A,2529
2024-01-10,Bilaspur,Grade A,2544
2024-01-11,Bilaspur,Grade A,2556
2024-01-12,Bilaspur,Grade A,2553
2024-01-13,Bilaspur,Grade A,2557
2024-01-14,Bilaspur,Grade A,2546
2024-01-15,Bilaspur,Grade A,2559
2024-01-16,Bilaspur,Grade A,2562
2024-01-17,Bilaspur,Grade A,2575
2024-01-18,Bilaspur,Grade A,2552
2024-01-19,Bilaspur,Grade A,2537
2024-01-20,Bilaspur,Grade A,2526
2024-01-21,Bilaspur,Grade A,2540
2024-01-22,Bilaspur,Grade A,2557
2024-01-23,Bilaspur,Grade A,2555
2024-01-24,Bilaspur,Grade A,2558
2024-01-25,Bilaspur,Grade A,2569
2024-01-26,Bilaspur,Grade A,2549
2024-01-27,Bilaspur,Grade A,2562
2024-01-28,Bilaspur,Grade A,2549
2024-01-29,Bilaspur,Grade A,2548
2024-01-30,Bilaspur,Grade A,2540
2024-01-31,Bilaspur,Grade A,2536
2024-02-01,Bilaspur,Grade A,2541
2024-02-02,Bilaspur,Grade A,2552
2024-02-03,Bilaspur,Grade A,2549
2024-02-04,Bilaspur,Grade A,2555
2024-02-05,Bilaspur,Grade A,2557
2024-02-06,Bilaspur,Grade A,2521
2024-02-07,Bilaspur,Grade A,2518
2024-02-08,Bilaspur,Grade A,2517
2024-02-09,Bilaspur,Grade A,2505
2024-02-10,Bilaspur,Grade A,2494
2024-02-11,Bilaspur,Grade A,2463
2024-02-12,Bilaspur,Grade A,2440
2024-02-13,Bilaspur,Grade A,2465
2024-02-14,Bilaspur,Grade A,2459
2024-02-15,Bilaspur,Grade A,2469
2024-02-16,Bilaspur,Grade A,2492
2024-02-17,Bilaspur,Grade A,2485
2024-02-18,Bilaspur,Grade A,2483
2024-02-19,Bilaspur,Grade A,2457
2024-02-20,Bilaspur,Grade A,2446
2024-02-21,Bilaspur,Grade A,2445
2024-02-22,Bilaspur,Grade A,2437
2024-02-23,Bilaspur,Grade A,2447
2024-02-24,Bilaspur,Grade A,2444
2024-02-25,Bilaspur,Grade A,2446
2024-02-26,Bilaspur,Grade A,2437
2024-02-27,Bilaspur,Grade A,2468
2024-02-28,Bilaspur,Grade A,2477
2024-02-29,Bilaspur,Grade A,2464
2024-03-01,Bilaspur,Grade A,2458
2024-03-02,Bilaspur,Grade A,2454
2024-03-03,Bilaspur,Grade A,2437
2024-03-04,Bilaspur,Grade A,2459
2024-03-05,Bilaspur,Grade A,2478
2024-03-06,Bilaspur,Grade A,2509
2024-03-07,Bilaspur,Grade A,2481
2024-03-08,Bilaspur,Grade A,2493
2024-03-09,Bilaspur,Grade A,2483
2024-03-10,Bilaspur,Grade A,2507
2024-03-11,Bilaspur,Grade A,2523
2024-03-12,Bilaspur,Grade A,2504
2024-03-13,Bilaspur,Grade A,2478
2024-03-14,Bilaspur,Grade A,2473
2024-03-15,Bilaspur,Grade A,2459
2024-03-16,Bilaspur,Grade A,2476
2024-03-17,Bilaspur,Grade A,2485
2024-03-18,Bilaspur,Grade A,2471
2024-03-19,Bilaspur,Grade A,2479
2024-03-20,Bilaspur,Grade A,2494
2024-03-21,Bilaspur,Grade A,2482
2024-03-22,Bilaspur,Grade A,2455
2024-03-23,Bilaspur,Grade A,2446
2024-03-24,Bilaspur,Grade A,2421
2024-03-25,Bilaspur,Grade A,2408
2024-03-26,Bilaspur,Grade A,2416
2024-03-27,Bilaspur,Grade A,2412
2024-03-28,Bilaspur,Grade A,2413
2024-03-29,Bilaspur,Grade A,2414
2024-03-30,Bilaspur,Grade A,2434
2024-03-31,Bilaspur,Grade A,2423
2024-04-01,Bilaspur,Grade A,2417
2024-04-02,Bilaspur,Grade A,2392
2024-04-03,Bilaspur,Grade A,2395
2024-04-04,Bilaspur,Grade A,2370
2024-04-05,Bilaspur,Grade A,2340
2024-04-06,Bilaspur,Grade A,2364
2024-04-07,Bilaspur,Grade A,2350
2024-04-08,Bilaspur,Grade A,2346
2024-04-09,Bilaspur,Grade A,2368
2024-04-10,Bilaspur,Grade A,2365
2024-04-11,Bilaspur,Grade A,2346
2024-04-12,Bilaspur,Grade A,2391
2024-04-13,Bilaspur,Grade A,2393
2024-04-14,Bilaspur,Grade A,2411
2024-04-15,Bilaspur,Grade A,2426
2024-04-16,Bilaspur,Grade A,2422
2024-04-17,Bilaspur,Grade A,2430
2024-04-18,Bilaspur,Grade A,2445
2024-04-19,Bilaspur,Grade A,2411
2024-04-20,Bilaspur,Grade A,2416
2024-04-21,Bilaspur,Grade A,2407
2024-04-22,Bilaspur,Grade A,2398
2024-04-23,Bilaspur,Grade A,2405
2024-04-24,Bilaspur,Grade A,2374
2024-04-25,Bilaspur,Grade A,2386
2024-04-26,Bilaspur,Grade A,2365
2024-04-27,Bilaspur,Grade A,2341
2024-04-28,Bilaspur,Grade A,2335
2024-04-29,Bilaspur,Grade A,2340
2024-04-30,Bilaspur,Grade A,2316
2024-05-01,Bilaspur,Grade A,2340
2024-05-02,Bilaspur,Grade A,2304
2024-05-03,Bilaspur,Grade A,2323
2024-05-04,Bilaspur,Grade A,2327
2024-05-05,Bilaspur,Grade A,2347
2024-05-06,Bilaspur,Grade A,2338
2024-05-07,Bilaspur,Grade A,2339
2024-05-08,Bilaspur,Grade A,2321
2024-05-09,Bilaspur,Grade A,2334
2024-05-10,Bilaspur,Grade A,2367
2024-05-11,Bilaspur,Grade A,2378
2024-05-12,Bilaspur,Grade A,2382
2024-05-13,Bilaspur,Grade A,2380
2024-05-14,Bilaspur,Grade A,2367
2024-05-15,Bilaspur,Grade A,2350
2024-05-16,Bilaspur,Grade A,2354
2024-05-17,Bilaspur,Grade A,2341
2024-05-18,Bilaspur,Grade A,2351
2024-05-19,Bilaspur,Grade A,2346
2024-05-20,Bilaspur,Grade A,2321
2024-05-21,Bilaspur,Grade A,2321
2024-05-22,Bilaspur,Grade A,2332
2024-05-23,Bilaspur,Grade A,2330
2024-05-24,Bilaspur,Grade A,2302
2024-05-25,Bilaspur,Grade A,2316
2024-05-26,Bilaspur,Grade A,2327
2024-05-27,Bilaspur,Grade A,2331
2024-05-28,Bilaspur,Grade A,2338
2024-05-29,Bilaspur,Grade A,2335
2024-05-30,Bilaspur,Grade A,2318
2024-05-31,Bilaspur,Grade A,2342
2024-06-01,Bilaspur,Grade A,2357
2024-06-02,Bilaspur,Grade A,2370
2024-06-03,Bilaspur,Grade A,2375
2024-06-04,Bilaspur,Grade A,2359
2024-06-05,Bilaspur,Grade A,2354
2024-06-06,Bilaspur,Grade A,2338
2024-06-07,Bilaspur,Grade A,2368
2024-06-08,Bilaspur,Grade A,2365
2024-06-09,Bilaspur,Grade A,2382
2024-06-10,Bilaspur,Grade A,2383
2024-06-11,Bilaspur,Grade A,2364
2024-06-12,Bilaspur,Grade A,2351
2024-06-13,Bilaspur,Grade A,2343
2024-06-14,Bilaspur,Grade A,2345
2024-06-15,Bilaspur,Grade A,2381
2024-06-16,Bilaspur,Grade A,2386
2024-06-17,Bilaspur,Grade A,2391
2024-06-18,Bilaspur,Grade A,2395
2024-06-19,Bilaspur,Grade A,2391
2024-06-20,Bilaspur,Grade A,2392
2024-06-21,Bilaspur,Grade A,2417
2024-06-22,Bilaspur,Grade A,2393
2024-06-23,Bilaspur,Grade A,2391
2024-06-24,Bilaspur,Grade A,2381
2024-06-25,Bilaspur,Grade A,2366
2024-06-26,Bilaspur,Grade A,2371
2024-06-27,Bilaspur,Grade A,2392
2024-06-28,Bilaspur,Grade A,2399
2024-06-29,Bilaspur,Grade A,2391
2024-06-30,Bilaspur,Grade A,2364
2024-07-01,Bilaspur,Grade A,2375
2024-07-02,Bilaspur,Grade A,2389
2024-07-03,Bilaspur,Grade A,2370
2024-07-04,Bilaspur,Grade A,2393
2024-07-05,Bilaspur,Grade A,2370
2024-07-06,Bilaspur,Grade A,2380
2024-07-07,Bilaspur,Grade A,2383
2024-07-08,Bilaspur,Grade A,2381
2024-07-09,Bilaspur,Grade A,2383
2024-07-10,Bilaspur,Grade A,2364
2024-07-11,Bilaspur,Grade A,2365
2024-07-12,Bilaspur,Grade A,2381
2024-07-13,Bilaspur,Grade A,2380
2024-07-14,Bilaspur,Grade A,2380
2024-07-15,Bilaspur,Grade A,2348
2024-07-16,Bilaspur,Grade A,2374
2024-07-17,Bilaspur,Grade A,2380
2024-07-18,Bilaspur,Grade A,2371
2024-07-19,Bilaspur,Grade A,2371
2024-07-20,Bilaspur,Grade A,2367
2024-07-21,Bilaspur,Grade A,2383
2024-07-22,Bilaspur,Grade A,2382
2024-07-23,Bilaspur,Grade A,2381
2024-07-24,Bilaspur,Grade A,2381
2024-07-25,Bilaspur,Grade A,2397
2024-07-26,Bilaspur,Grade A,2402
2024-07-27,Bilaspur,Grade A,2417
2024-07-28,Bilaspur,Grade A,2420
2024-07-29,Bilaspur,Grade A,2428
2024-07-30,Bilaspur,Grade A,2427
2024-07-31,Bilaspur,Grade A,2435
2024-08-01,Bilaspur,Grade A,2435
2024-08-02,Bilaspur,Grade A,2443
2024-08-03,Bilaspur,Grade A,2439
2024-08-04,Bilaspur,Grade A,2433
2024-08-05,Bilaspur,Grade A,2425
2024-08-06,Bilaspur,Grade A,2404
2024-08-07,Bilaspur,Grade A,2403
2024-08-08,Bilaspur,Grade A,2398
2024-08-09,Bilaspur,Grade A,2386
2024-08-10,Bilaspur,Grade A,2381
2024-08-11,Bilaspur,Grade A,2385
2024-08-12,Bilaspur,Grade A,2363
2024-08-13,Bilaspur,Grade A,2367
2024-08-14,Bilaspur,Grade A,2385
2024-08-15,Bilaspur,Grade A,2376
2024-08-16,Bilaspur,Grade A,2407
2024-08-17,Bilaspur,Grade A,2424
2024-08-18,Bilaspur,Grade A,2448
2024-08-19,Bilaspur,Grade A,2440
2024-08-20,Bilaspur,Grade A,2406
2024-08-21,Bilaspur,Grade A,2432
2024-08-22,Bilaspur,Grade A,2421
2024-08-23,Bilaspur,Grade A,2443
2024-08-24,Bilaspur,Grade A,2447
2024-08-25,Bilaspur,Grade A,2445
2024-08-26,Bilaspur,Grade A,2441
2024-08-27,Bilaspur,Grade A,2448
2024-08-28,Bilaspur,Grade A,2448
2024-08-29,Bilaspur,Grade A,2471
2024-08-30,Bilaspur,Grade A,2477
2024-08-31,Bilaspur,Grade A,2475
2024-09-01,Bilaspur,Grade A,2493
2024-09-02,Bilaspur,Grade A,2507
2024-09-03,Bilaspur,Grade A,2509
2024-09-04,Bilaspur,Grade A,2506
2024-09-05,Bilaspur,Grade A,2511
2024-09-06,Bilaspur,Grade A,2507
2024-09-07,Bilaspur,Grade A,2529
2024-09-08,Bilaspur,Grade A,2528
2024-09-09,Bilaspur,Grade A,2543
2024-09-10,Bilaspur,Grade A,2558
2024-09-11,Bilaspur,Grade A,2584
2024-09-12,Bilaspur,Grade A,2588
2024-09-13,Bilaspur,Grade A,2550
2024-09-14,Bilaspur,Grade A,2532
2024-09-15,Bilaspur,Grade A,2521
2024-09-16,Bilaspur,Grade A,2510
2024-09-17,Bilaspur,Grade A,2501
2024-09-18,Bilaspur,Grade A,2485
2024-09-19,Bilaspur,Grade A,2502
2024-09-20,Bilaspur,Grade A,2501
2024-09-21,Bilaspur,Grade A,2478
2024-09-22,Bilaspur,Grade A,2460
2024-09-23,Bilaspur,Grade A,2462
2024-09-24,Bilaspur,Grade A,2458
2024-09-25,Bilaspur,Grade A,2479
2024-09-26,Bilaspur,Grade A,2495
2024-09-27,Bilaspur,Grade A,2483
2024-09-28,Bilaspur,Grade A,2491
2024-09-29,Bilaspur,Grade A,2488
2024-09-30,Bilaspur,Grade A,2496
2024-10-01,Bilaspur,Grade A,2485
2024-10-02,Bilaspur,Grade A,2486
2024-10-03,Bilaspur,Grade A,2491
2024-10-04,Bilaspur,Grade A,2485
2024-10-05,Bilaspur,Grade A,2476
2024-10-06,Bilaspur,Grade A,2486
2024-10-07,Bilaspur,Grade A,2462
2024-10-08,Bilaspur,Grade A,2443
2024-10-09,Bilaspur,Grade A,2470
2024-10-10,Bilaspur,Grade A,2476
2024-10-11,Bilaspur,Grade A,2434
2024-10-12,Bilaspur,Grade A,2451
2024-10-13,Bilaspur,Grade A,2483
2024-10-14,Bilaspur,Grade A,2480
2024-10-15,Bilaspur,Grade A,2528
2024-10-16,Bilaspur,Grade A,2545
2024-10-17,Bilaspur,Grade A,2526
2024-10-18,Bilaspur,Grade A,2534
2024-10-19,Bilaspur,Grade A,2544
2024-10-20,Bilaspur,Grade A,2545
2024-10-21,Bilaspur,Grade A,2534
2024-10-22,Bilaspur,Grade A,2558
2024-10-23,Bilaspur,Grade A,2538
2024-10-24,Bilaspur,Grade A,2517
2024-10-25,Bilaspur,Grade A,2546
2024-10-26,Bilaspur,Grade A,2547
2024-10-27,Bilaspur,Grade A,2558
2024-10-28,Bilaspur,Grade A,2556
2024-10-29,Bilaspur,Grade A,2603
2024-10-30,Bilaspur,Grade A,2610
2024-10-31,Bilaspur,Grade A,2630
2024-11-01,Bilaspur,Grade A,2618
2024-11-02,Bilaspur,Grade A,2612
2024-11-03,Bilaspur,Grade A,2624
2024-11-04,Bilaspur,Grade A,2607
2024-11-05,Bilaspur,Grade A,2588
2024-11-06,Bilaspur,Grade A,2584
2024-11-07,Bilaspur,Grade A,2599
2024-11-08,Bilaspur,Grade A,2597
2024-11-09,Bilaspur,Grade A,2627
2024-11-10,Bilaspur,Grade A,2632
2024-11-11,Bilaspur,Grade A,2644
2024-11-12,Bilaspur,Grade A,2650
2024-11-13,Bilaspur,Grade A,2631
2024-11-14,Bilaspur,Grade A,2637
2024-11-15,Bilaspur,Grade A,2636
2024-11-16,Bilaspur,Grade A,2648
2024-11-17,Bilaspur,Grade A,2650
2024-11-18,Bilaspur,Grade A,2642
2024-11-19,Bilaspur,Grade A,2653
2024-11-20,Bilaspur,Grade A,2644
2024-11-21,Bilaspur,Grade A,2648
2024-11-22,Bilaspur,Grade A,2635
2024-11-23,Bilaspur,Grade A,2620
2024-11-24,Bilaspur,Grade A,2609
2024-11-25,Bilaspur,Grade A,2597
2024-11-26,Bilaspur,Grade A,2603
2024-11-27,Bilaspur,Grade A,2596
2024-11-28,Bilaspur,Grade A,2604
2024-11-29,Bilaspur,Grade A,2581
2024-11-30,Bilaspur,Grade A,2617
2024-12-01,Bilaspur,Grade A,2585
2024-12-02,Bilaspur,Grade A,2585
2024-12-03,Bilaspur,Grade A,2613
2024-12-04,Bilaspur,Grade A,2622
2024-12-05,Bilaspur,Grade A,2617
2024-12-06,Bilaspur,Grade A,2608
2024-12-07,Bilaspur,Grade A,2590
2024-12-08,Bilaspur,Grade A,2589
2024-12-09,Bilaspur,Grade A,2593
2024-12-10,Bilaspur,Grade A,2596
2024-12-11,Bilaspur,Grade A,2605
2024-12-12,Bilaspur,Grade A,2574
2024-12-13,Bilaspur,Grade A,2569
2024-12-14,Bilaspur,Grade A,2565
2024-12-15,Bilaspur,Grade A,2582
2024-12-16,Bilaspur,Grade A,2581
2024-12-17,Bilaspur,Grade A,2581
2024-12-18,Bilaspur,Grade A,2579
2024-12-19,Bilaspur,Grade A,2565
2024-12-20,Bilaspur,Grade A,2567
2024-12-21,Bilaspur,Grade A,2577
2024-12-22,Bilaspur,Grade A,2579
2024-12-23,Bilaspur,Grade A,2603
2024-12-24,Bilaspur,Grade A,2610
2024-12-25,Bilaspur,Grade A,2599
2024-12-26,Bilaspur,Grade A,2584
2024-12-27,Bilaspur,Grade A,2589
2024-12-28,Bilaspur,Grade A,2587
2024-12-29,Bilaspur,Grade A,2584
2024-12-30,Bilaspur,Grade A,2578
2024-12-31,Bilaspur,Grade A,2571
2025-01-01,Bilaspur,Grade A,2561
2025-01-02,Bilaspur,Grade A,2548
2025-01-03,Bilaspur,Grade A,2525
2025-01-04,Bilaspur,Grade A,2531
2025-01-05,Bilaspur,Grade A,2510
2025-01-06,Bilaspur,Grade A,2497
2025-01-07,Bilaspur,Grade A,2500
2025-01-08,Bilaspur,Grade A,2516
2025-01-09,Bilaspur,Grade A,2525
2025-01-10,Bilaspur,Grade A,2549
2025-01-11,Bilaspur,Grade A,2570
2025-01-12,Bilaspur,Grade A,2587
2025-01-13,Bilaspur,Grade A,2575
2025-01-14,Bilaspur,Grade A,2588
2025-01-15,Bilaspur,Grade A,2562
2025-01-16,Bilaspur,Grade A,2553
2025-01-17,Bilaspur,Grade A,2587
2025-01-18,Bilaspur,Grade A,2567
2025-01-19,Bilaspur,Grade A,2558
2025-01-20,Bilaspur,Grade A,2533
2025-01-21,Bilaspur,Grade A,2535
2025-01-22,Bilaspur,Grade A,2516
2025-01-23,Bilaspur,Grade A,2541
2025-01-24,Bilaspur,Grade A,2552
2025-01-25,Bilaspur,Grade A,2522
2025-01-26,Bilaspur,Grade A,2512
2025-01-27,Bilaspur,Grade A,2505
2025-01-28,Bilaspur,Grade A,2519
2025-01-29,Bilaspur,Grade A,2545
2025-01-30,Bilaspur,Grade A,2567
2025-01-31,Bilaspur,Grade A,2579
2025-02-01,Bilaspur,Grade A,2555
2025-02-02,Bilaspur,Grade A,2553
2025-02-03,Bilaspur,Grade A,2537
2025-02-04,Bilaspur,Grade A,2535
2025-02-05,Bilaspur,Grade A,2535
2025-02-06,Bilaspur,Grade A,2524
2025-02-07,Bilaspur,Grade A,2524
2025-02-08,Bilaspur,Grade A,2524
2025-02-09,Bilaspur,Grade A,2510
2025-02-10,Bilaspur,Grade A,2513
2025-02-11,Bilaspur,Grade A,2508
2025-02-12,Bilaspur,Grade A,2524
2025-02-13,Bilaspur,Grade A,2514
2025-02-14,Bilaspur,Grade A,2507
2025-02-15,Bilaspur,Grade A,2513
2025-02-16,Bilaspur,Grade A,2518
2025-02-17,Bilaspur,Grade A,2491
2025-02-18,Bilaspur,Grade A,2504
2025-02-19,Bilaspur,Grade A,2464
2025-02-20,Bilaspur,Grade A,2463
2025-02-21,Bilaspur,Grade A,2491
2025-02-22,Bilaspur,Grade A,2505
2025-02-23,Bilaspur,Grade A,2515
2025-02-24,Bilaspur,Grade A,2506
2025-02-25,Bilaspur,Grade A,2519
2025-02-26,Bilaspur,Grade A,2517
2025-02-27,Bilaspur,Grade A,2541
2025-02-28,Bilaspur,Grade A,2536
2025-03-01,Bilaspur,Grade A,2494
2025-03-02,Bilaspur,Grade A,2462
2025-03-03,Bilaspur,Grade A,2467
2025-03-04,Bilaspur,Grade A,2476
2025-03-05,Bilaspur,Grade A,2476
2025-03-06,Bilaspur,Grade A,2444
2025-03-07,Bilaspur,Grade A,2466
2025-03-08,Bilaspur,Grade A,2471
2025-03-09,Bilaspur,Grade A,2492
2025-03-10,Bilaspur,Grade A,2498
2025-03-11,Bilaspur,Grade A,2504
2025-03-12,Bilaspur,Grade A,2512
2025-03-13,Bilaspur,Grade A,2509
2025-03-14,Bilaspur,Grade A,2499
2025-03-15,Bilaspur,Grade A,2465
2025-03-16,Bilaspur,Grade A,2483
2025-03-17,Bilaspur,Grade A,2493
2025-03-18,Bilaspur,Grade A,2480
2025-03-19,Bilaspur,Grade A,2486
2025-03-20,Bilaspur,Grade A,2476
2025-03-21,Bilaspur,Grade A,2476
2025-03-22,Bilaspur,Grade A,2471
2025-03-23,Bilaspur,Grade A,2487
2025-03-24,Bilaspur,Grade A,2497
2025-03-25,Bilaspur,Grade A,2503
2025-03-26,Bilaspur,Grade A,2480
2025-03-27,Bilaspur,Grade A,2472
2025-03-28,Bilaspur,Grade A,2477
2025-03-29,Bilaspur,Grade A,2446
2025-03-30,Bilaspur,Grade A,2448
2025-03-31,Bilaspur,Grade A,2447
2025-04-01,Bilaspur,Grade A,2442
2025-04-02,Bilaspur,Grade A,2408
2025-04-03,Bilaspur,Grade A,2409
2025-04-04,Bilaspur,Grade A,2454
2025-04-05,Bilaspur,Grade A,2416
2025-04-06,Bilaspur,Grade A,2400
2025-04-07,Bilaspur,Grade A,2419
2025-04-08,Bilaspur,Grade A,2410
2025-04-09,Bilaspur,Grade A,2416
2025-04-10,Bilaspur,Grade A,2408
2025-04-11,Bilaspur,Grade A,2405
2025-04-12,Bilaspur,Grade A,2415
2025-04-13,Bilaspur,Grade A,2390
2025-04-14,Bilaspur,Grade A,2357
2025-04-15,Bilaspur,Grade A,2373
2025-04-16,Bilaspur,Grade A,2374
2025-04-17,Bilaspur,Grade A,2382
2025-04-18,Bilaspur,Grade A,2371
2025-04-19,Bilaspur,Grade A,2375
2025-04-20,Bilaspur,Grade A,2404
2025-04-21,Bilaspur,Grade A,2386
2025-04-22,Bilaspur,Grade A,2395
2025-04-23,Bilaspur,Grade A,2385
2025-04-24,Bilaspur,Grade A,2367
2025-04-25,Bilaspur,Grade A,2362
2025-04-26,Bilaspur,Grade A,2361
2025-04-27,Bilaspur,Grade A,2365
2025-04-28,Bilaspur,Grade A,2394
2025-04-29,Bilaspur,Grade A,2401
2025-04-30,Bilaspur,Grade A,2387
2025-05-01,Bilaspur,Grade A,2397
2025-05-02,Bilaspur,Grade A,2434
2025-05-03,Bilaspur,Grade A,2443
2025-05-04,Bilaspur,Grade A,2455
2025-05-05,Bilaspur,Grade A,2475
2025-05-06,Bilaspur,Grade A,2459
2025-05-07,Bilaspur,Grade A,2450
2025-05-08,Bilaspur,Grade A,2453
2025-05-09,Bilaspur,Grade A,2447
2025-05-10,Bilaspur,Grade A,2439
2025-05-11,Bilaspur,Grade A,2447
2025-05-12,Bilaspur,Grade A,2425
2025-05-13,Bilaspur,Grade A,2421
2025-05-14,Bilaspur,Grade A,2455
2025-05-15,Bilaspur,Grade A,2449
2025-05-16,Bilaspur,Grade A,2438
2025-05-17,Bilaspur,Grade A,2447
2025-05-18,Bilaspur,Grade A,2462
2025-05-19,Bilaspur,Grade A,2430
2025-05-20,Bilaspur,Grade A,2447
2025-05-21,Bilaspur,Grade A,2441
2025-05-22,Bilaspur,Grade A,2429
2025-05-23,Bilaspur,Grade A,2436
2025-05-24,Bilaspur,Grade A,2420
2025-05-25,Bilaspur,Grade A,2440
2025-05-26,Bilaspur,Grade A,2441
2025-05-27,Bilaspur,Grade A,2456
2025-05-28,Bilaspur,Grade A,2447
2025-05-29,Bilaspur,Grade A,2452
2025-05-30,Bilaspur,Grade A,2436
2025-05-31,Bilaspur,Grade A,2436
2025-06-01,Bilaspur,Grade A,2435
2025-06-02,Bilaspur,Grade A,2442
2025-06-03,Bilaspur,Grade A,2453
2025-06-04,Bilaspur,Grade A,2457
2025-06-05,Bilaspur,Grade A,2435
2025-06-06,Bilaspur,Grade A,2442
2025-06-07,Bilaspur,Grade A,2414
2025-06-08,Bilaspur,Grade A,2418
2025-06-09,Bilaspur,Grade A,2438
2025-06-10,Bilaspur,Grade A,2419
2025-06-11,Bilaspur,Grade A,2418
2025-06-12,Bilaspur,Grade A,2399
2025-06-13,Bilaspur,Grade A,2401
2025-06-14,Bilaspur,Grade A,2420
2025-06-15,Bilaspur,Grade A,2405
2025-06-16,Bilaspur,Grade A,2399
2025-06-17,Bilaspur,Grade A,2408
2025-06-18,Bilaspur,Grade A,2389
2025-06-19,Bilaspur,Grade A,2409
2025-06-20,Bilaspur,Grade A,2413
2025-06-21,Bilaspur,Grade A,2413
2025-06-22,Bilaspur,Grade A,2381
2025-06-23,Bilaspur,Grade A,2383
2025-06-24,Bilaspur,Grade A,2367
2025-06-25,Bilaspur,Grade A,2383
2025-06-26,Bilaspur,Grade A,2379
2025-06-27,Bilaspur,Grade A,2359
2025-06-28,Bilaspur,Grade A,2358
2025-06-29,Bilaspur,Grade A,2384
2025-06-30,Bilaspur,Grade A,2379
2025-07-01,Bilaspur,Grade A,2385
2025-07-02,Bilaspur,Grade A,2389
2025-07-03,Bilaspur,Grade A,2392
2025-07-04,Bilaspur,Grade A,2396
2025-07-05,Bilaspur,Grade A,2392
2025-07-06,Bilaspur,Grade A,2376
2025-07-07,Bilaspur,Grade A,2362
2025-07-08,Bilaspur,Grade A,2366
2025-07-09,Bilaspur,Grade A,2356
2025-07-10,Bilaspur,Grade A,2364
2025-07-11,Bilaspur,Grade A,2363
2025-07-12,Bilaspur,Grade A,2370
2025-07-13,Bilaspur,Grade A,2378
2025-07-14,Bilaspur,Grade A,2410
2025-07-15,Bilaspur,Grade A,2441
2025-07-16,Bilaspur,Grade A,2409
2025-07-17,Bilaspur,Grade A,2408
2025-07-18,Bilaspur,Grade A,2425
2025-07-19,Bilaspur,Grade A,2442
2025-07-20,Bilaspur,Grade A,2434
2025-07-21,Bilaspur,Grade A,2443
2025-07-22,Bilaspur,Grade A,2473
2025-07-23,Bilaspur,Grade A,2463
2025-07-24,Bilaspur,Grade A,2464
2025-07-25,Bilaspur,Grade A,2464
2025-07-26,Bilaspur,Grade A,2466
2025-07-27,Bilaspur,Grade A,2444
2025-07-28,Bilaspur,Grade A,2461
2025-07-29,Bilaspur,Grade A,2457
2025-07-30,Bilaspur,Grade A,2439
2025-07-31,Bilaspur,Grade A,2418
2025-08-01,Bilaspur,Grade A,2406
2025-08-02,Bilaspur,Grade A,2430
2025-08-03,Bilaspur,Grade A,2439
2025-08-04,Bilaspur,Grade A,2478
2025-08-05,Bilaspur,Grade A,2481
2025-08-06,Bilaspur,Grade A,2464
2025-08-07,Bilaspur,Grade A,2446
2025-08-08,Bilaspur,Grade A,2462
2025-08-09,Bilaspur,Grade A,2478
2025-08-10,Bilaspur,Grade A,2458
2025-08-11,Bilaspur,Grade A,2473
2025-08-12,Bilaspur,Grade A,2452
2025-08-13,Bilaspur,Grade A,2431
2025-08-14,Bilaspur,Grade A,2447
2025-08-15,Bilaspur,Grade A,2467
2025-08-16,Bilaspur,Grade A,2444
2025-08-17,Bilaspur,Grade A,2461
2025-08-18,Bilaspur,Grade A,2464
2025-08-19,Bilaspur,Grade A,2440
2025-08-20,Bilaspur,Grade A,2458
2025-08-21,Bilaspur,Grade A,2466
2025-08-22,Bilaspur,Grade A,2443
2025-08-23,Bilaspur,Grade A,2443
2025-08-24,Bilaspur,Grade A,2485
2025-08-25,Bilaspur,Grade A,2495
2025-08-26,Bilaspur,Grade A,2519
2025-08-27,Bilaspur,Grade A,2519
2025-08-28,Bilaspur,Grade A,2532
2025-08-29,Bilaspur,Grade A,2540
2025-08-30,Bilaspur,Grade A,2566
2025-08-31,Bilaspur,Grade A,2575
2025-09-01,Bilaspur,Grade A,2573
2025-09-02,Bilaspur,Grade A,2571
2025-09-03,Bilaspur,Grade A,2582
2025-09-04,Bilaspur,Grade A,2596
2025-09-05,Bilaspur,Grade A,2597
2025-09-06,Bilaspur,Grade A,2584
2025-09-07,Bilaspur,Grade A,2558
2025-09-08,Bilaspur,Grade A,2554
2025-09-09,Bilaspur,Grade A,2558
2025-09-10,Bilaspur,Grade A,2569
2025-09-11,Bilaspur,Grade A,2549
2025-09-12,Bilaspur,Grade A,2522
2025-09-13,Bilaspur,Grade A,2516
2025-09-14,Bilaspur,Grade A,2493
2025-09-15,Bilaspur,Grade A,2505
2025-09-16,Bilaspur,Grade A,2524
2025-09-17,Bilaspur,Grade A,2522
2025-09-18,Bilaspur,Grade A,2494
2025-09-19,Bilaspur,Grade A,2498
2025-09-20,Bilaspur,Grade A,2488
2025-09-21,Bilaspur,Grade A,2505
2025-09-22,Bilaspur,Grade A,2505
2025-09-23,Bilaspur,Grade A,2541
2025-09-24,Bilaspur,Grade A,2551
2025-09-25,Bilaspur,Grade A,2538
2025-09-26,Bilaspur,Grade A,2526
2025-09-27,Bilaspur,Grade A,2528
2025-09-28,Bilaspur,Grade A,2523
2025-09-29,Bilaspur,Grade A,2481
2025-09-30,Bilaspur,Grade A,2486
2025-10-01,Bilaspur,Grade A,2492
2025-10-02,Bilaspur,Grade A,2512
2025-10-03,Bilaspur,Grade A,2513
2025-10-04,Bilaspur,Grade A,2517
2025-10-05,Bilaspur,Grade A,2512
2025-10-06,Bilaspur,Grade A,2502
2025-10-07,Bilaspur,Grade A,2489
2025-10-08,Bilaspur,Grade A,2469
2025-10-09,Bilaspur,Grade A,2477
2025-10-10,Bilaspur,Grade A,2496
2025-10-11,Bilaspur,Grade A,2492
2025-10-12,Bilaspur,Grade A,2486
2025-10-13,Bilaspur,Grade A,2489
2025-10-14,Bilaspur,Grade A,2489
2025-10-15,Bilaspur,Grade A,2476
2025-10-16,Bilaspur,Grade A,2503
2025-10-17,Bilaspur,Grade A,2500
2025-10-18,Bilaspur,Grade A,2514
2025-10-19,Bilaspur,Grade A,2531
2025-10-20,Bilaspur,Grade A,2533
2025-10-21,Bilaspur,Grade A,2528
2025-10-22,Bilaspur,Grade A,2573
2025-10-23,Bilaspur,Grade A,2559
2025-10-24,Bilaspur,Grade A,2558
2025-10-25,Bilaspur,Grade A,2531
2025-10-26,Bilaspur,Grade A,2548
2025-10-27,Bilaspur,Grade A,2577
2025-10-28,Bilaspur,Grade A,2593
2025-10-29,Bilaspur,Grade A,2598
2025-10-30,Bilaspur,Grade A,2613
2025-10-31,Bilaspur,Grade A,2635
2025-11-01,Bilaspur,Grade A,2637
2025-11-02,Bilaspur,Grade A,2658
2025-11-03,Bilaspur,Grade A,2646
2025-11-04,Bilaspur,Grade A,2663
2025-11-05,Bilaspur,Grade A,2646
2025-11-06,Bilaspur,Grade A,2632
2025-11-07,Bilaspur,Grade A,2629
2025-11-08,Bilaspur,Grade A,2644
2025-11-09,Bilaspur,Grade A,2646
2025-11-10,Bilaspur,Grade A,2654
2025-11-11,Bilaspur,Grade A,2703
2025-11-12,Bilaspur,Grade A,2681
2025-11-13,Bilaspur,Grade A,2681
2025-11-14,Bilaspur,Grade A,2694
2025-11-15,Bilaspur,Grade A,2695
2025-11-16,Bilaspur,Grade A,2690
2025-11-17,Bilaspur,Grade A,2694
2025-11-18,Bilaspur,Grade A,2711
2025-11-19,Bilaspur,Grade A,2745
2025-11-20,Bilaspur,Grade A,2751
2025-11-21,Bilaspur,Grade A,2740
2025-11-22,Bilaspur,Grade A,2730
2025-11-23,Bilaspur,Grade A,2733
2025-11-24,Bilaspur,Grade A,2732
2025-11-25,Bilaspur,Grade A,2689
2025-11-26,Bilaspur,Grade A,2713
2025-11-27,Bilaspur,Grade A,2715
2025-11-28,Bilaspur,Grade A,2696
2025-11-29,Bilaspur,Grade A,2676
2025-11-30,Bilaspur,Grade A,2661
2025-12-01,Bilaspur,Grade A,2679
2025-12-02,Bilaspur,Grade A,2688
2025-12-03,Bilaspur,Grade A,2681
2025-12-04,Bilaspur,Grade A,2677
2025-12-05,Bilaspur,Grade A,2678
2025-12-06,Bilaspur,Grade A,2645
2025-12-07,Bilaspur,Grade A,2646
2025-12-08,Bilaspur,Grade A,2664
2025-12-09,Bilaspur,Grade A,2660
2025-12-10,Bilaspur,Grade A,2645
2025-12-11,Bilaspur,Grade A,2658
2025-12-12,Bilaspur,Grade A,2633
2025-12-13,Bilaspur,Grade A,2630
2025-12-14,Bilaspur,Grade A,2627
2025-12-15,Bilaspur,Grade A,2601
2025-12-16,Bilaspur,Grade A,2616
2025-12-17,Bilaspur,Grade A,2596
2025-12-18,Bilaspur,Grade A,2583
2025-12-19,Bilaspur,Grade A,2596
2025-12-20,Bilaspur,Grade A,2588
2025-12-21,Bilaspur,Grade A,2602
2025-12-22,Bilaspur,Grade A,2599
2025-12-23,Bilaspur,Grade A,2599
2025-12-24,Bilaspur,Grade A,2609
2025-12-25,Bilaspur,Grade A,2615
2025-12-26,Bilaspur,Grade A,2617
2025-12-27,Bilaspur,Grade A,2628
2025-12-28,Bilaspur,Grade A,2642
2025-12-29,Bilaspur,Grade A,2639
2025-12-30,Bilaspur,Grade A,2638
2025-12-31,Bilaspur,Grade A,2635
2022-01-01,Jagdalpur,Common,2236
2022-01-02,Jagdalpur,Common,2232
2022-01-03,Jagdalpur,Common,2233
2022-01-04,Jagdalpur,Common,2212
2022-01-05,Jagdalpur,Common,2222
2022-01-06,Jagdalpur,Common,2224
2022-01-07,Jagdalpur,Common,2221
2022-01-08,Jagdalpur,Common,2220
2022-01-09,Jagdalpur,Common,2204
2022-01-10,Jagdalpur,Common,2231
2022-01-11,Jagdalpur,Common,2260
2022-01-12,Jagdalpur,Common,2259
2022-01-13,Jagdalpur,Common,2263
2022-01-14,Jagdalpur,Common,2254
2022-01-15,Jagdalpur,Common,2263
2022-01-16,Jagdalpur,Common,2262
2022-01-17,Jagdalpur,Common,2264
2022-01-18,Jagdalpur,Common,2299
2022-01-19,Jagdalpur,Common,2286
2022-01-20,Jagdalpur,Common,2266
2022-01-21,Jagdalpur,Common,2274
2022-01-22,Jagdalpur,Common,2253
2022-01-23,Jagdalpur,Common,2242
2022-01-24,Jagdalpur,Common,2254
2022-01-25,Jagdalpur,Common,2237
2022-01-26,Jagdalpur,Common,2259
2022-01-27,Jagdalpur,Common,2246
2022-01-28,Jagdalpur,Common,2273
2022-01-29,Jagdalpur,Common,2249
2022-01-30,Jagdalpur,Common,2250
2022-01-31,Jagdalpur,Common,2242
2022-02-01,Jagdalpur,Common,2253
2022-02-02,Jagdalpur,Common,2223
2022-02-03,Jagdalpur,Common,2208
2022-02-04,Jagdalpur,Common,2188
2022-02-05,Jagdalpur,Common,2197
2022-02-06,Jagdalpur,Common,2198
2022-02-07,Jagdalpur,Common,2211
2022-02-08,Jagdalpur,Common,2219
2022-02-09,Jagdalpur,Common,2248
2022-02-10,Jagdalpur,Common,2245
2022-02-11,Jagdalpur,Common,2239
2022-02-12,Jagdalpur,Common,2240
2022-02-13,Jagdalpur,Common,2257
2022-02-14,Jagdalpur,Common,2277
2022-02-15,Jagdalpur,Common,2284
2022-02-16,Jagdalpur,Common,2277
2022-02-17,Jagdalpur,Common,2250
2022-02-18,Jagdalpur,Common,2251
2022-02-19,Jagdalpur,Common,2258
2022-02-20,Jagdalpur,Common,2253
2022-02-21,Jagdalpur,Common,2258
2022-02-22,Jagdalpur,Common,2278
2022-02-23,Jagdalpur,Common,2266
2022-02-24,Jagdalpur,Common,2262
2022-02-25,Jagdalpur,Common,2252
2022-02-26,Jagdalpur,Common,2261
2022-02-27,Jagdalpur,Common,2230
2022-02-28,Jagdalpur,Common,2229
2022-03-01,Jagdalpur,Common,2240
2022-03-02,Jagdalpur,Common,2243
2022-03-03,Jagdalpur,Common,2230
2022-03-04,Jagdalpur,Common,2201
2022-03-05,Jagdalpur,Common,2209
2022-03-06,Jagdalpur,Common,2207
2022-03-07,Jagdalpur,Common,2183
2022-03-08,Jagdalpur,Common,2154
2022-03-09,Jagdalpur,Common,2154
2022-03-10,Jagdalpur,Common,2162
2022-03-11,Jagdalpur,Common,2135
2022-03-12,Jagdalpur,Common,2138
2022-03-13,Jagdalpur,Common,2154
2022-03-14,Jagdalpur,Common,2153
2022-03-15,Jagdalpur,Common,2179
2022-03-16,Jagdalpur,Common,2187
2022-03-17,Jagdalpur,Common,2192
2022-03-18,Jagdalpur,Common,2164
2022-03-19,Jagdalpur,Common,2149
2022-03-20,Jagdalpur,Common,2127
2022-03-21,Jagdalpur,Common,2131
2022-03-22,Jagdalpur,Common,2139
2022-03-23,Jagdalpur,Common,2136
2022-03-24,Jagdalpur,Common,2128
2022-03-25,Jagdalpur,Common,2114
2022-03-26,Jagdalpur,Common,2123
2022-03-27,Jagdalpur,Common,2138
2022-03-28,Jagdalpur,Common,2137
2022-03-29,Jagdalpur,Common,2124
2022-03-30,Jagdalpur,Common,2118
2022-03-31,Jagdalpur,Common,2100
2022-04-01,Jagdalpur,Common,2094
2022-04-02,Jagdalpur,Common,2081
2022-04-03,Jagdalpur,Common,2081
2022-04-04,Jagdalpur,Common,2089
2022-04-05,Jagdalpur,Common,2095
2022-04-06,Jagdalpur,Common,2093
2022-04-07,Jagdalpur,Common,2098
2022-04-08,Jagdalpur,Common,2089
2022-04-09,Jagdalpur,Common,2082
2022-04-10,Jagdalpur,Common,2071
2022-04-11,Jagdalpur,Common,2097
2022-04-12,Jagdalpur,Common,2069
2022-04-13,Jagdalpur,Common,2080
2022-04-14,Jagdalpur,Common,2062
2022-04-15,Jagdalpur,Common,2042
2022-04-16,Jagdalpur,Common,2027
2022-04-17,Jagdalpur,Common,2041
2022-04-18,Jagdalpur,Common,2067
2022-04-19,Jagdalpur,Common,2098
2022-04-20,Jagdalpur,Common,2093
2022-04-21,Jagdalpur,Common,2116
2022-04-22,Jagdalpur,Common,2121
2022-04-23,Jagdalpur,Common,2119
2022-04-24,Jagdalpur,Common,2108
2022-04-25,Jagdalpur,Common,2107
2022-04-26,Jagdalpur,Common,2091
2022-04-27,Jagdalpur,Common,2063
2022-04-28,Jagdalpur,Common,2061
2022-04-29,Jagdalpur,Common,2069
2022-04-30,Jagdalpur,Common,2059
2022-05-01,Jagdalpur,Common,2048
2022-05-02,Jagdalpur,Common,2048
2022-05-03,Jagdalpur,Common,2061
2022-05-04,Jagdalpur,Common,2065
2022-05-05,Jagdalpur,Common,2065
2022-05-06,Jagdalpur,Common,2055
2022-05-07,Jagdalpur,Common,2049
2022-05-08,Jagdalpur,Common,2058
2022-05-09,Jagdalpur,Common,2076
2022-05-10,Jagdalpur,Common,2060
2022-05-11,Jagdalpur,Common,2053
2022-05-12,Jagdalpur,Common,2078
2022-05-13,Jagdalpur,Common,2084
2022-05-14,Jagdalpur,Common,2089
2022-05-15,Jagdalpur,Common,2050
2022-05-16,Jagdalpur,Common,2057
2022-05-17,Jagdalpur,Common,2049
2022-05-18,Jagdalpur,Common,2053
2022-05-19,Jagdalpur,Common,2059
2022-05-20,Jagdalpur,Common,2045
2022-05-21,Jagdalpur,Common,2059
2022-05-22,Jagdalpur,Common,2063
2022-05-23,Jagdalpur,Common,2076
2022-05-24,Jagdalpur,Common,2049
2022-05-25,Jagdalpur,Common,2039
2022-05-26,Jagdalpur,Common,2042
2022-05-27,Jagdalpur,Common,2030
2022-05-28,Jagdalpur,Common,1995
2022-05-29,Jagdalpur,Common,2020
2022-05-30,Jagdalpur,Common,2020
2022-05-31,Jagdalpur,Common,2010
2022-06-01,Jagdalpur,Common,2017
2022-06-02,Jagdalpur,Common,1991
2022-06-03,Jagdalpur,Common,2003
2022-06-04,Jagdalpur,Common,2019
2022-06-05,Jagdalpur,Common,2021
2022-06-06,Jagdalpur,Common,2031
2022-06-07,Jagdalpur,Common,2029
2022-06-08,Jagdalpur,Common,2041
2022-06-09,Jagdalpur,Common,2041
2022-06-10,Jagdalpur,Common,2072
2022-06-11,Jagdalpur,Common,2086
2022-06-12,Jagdalpur,Common,2085
2022-06-13,Jagdalpur,Common,2051
2022-06-14,Jagdalpur,Common,2027
2022-06-15,Jagdalpur,Common,2032
2022-06-16,Jagdalpur,Common,2014
2022-06-17,Jagdalpur,Common,2028
2022-06-18,Jagdalpur,Common,2030
2022-06-19,Jagdalpur,Common,2017
2022-06-20,Jagdalpur,Common,2015
2022-06-21,Jagdalpur,Common,2029
2022-06-22,Jagdalpur,Common,2045
2022-06-23,Jagdalpur,Common,2053
2022-06-24,Jagdalpur,Common,2067
2022-06-25,Jagdalpur,Common,2093
2022-06-26,Jagdalpur,Common,2109
2022-06-27,Jagdalpur,Common,2120
2022-06-28,Jagdalpur,Common,2123
2022-06-29,Jagdalpur,Common,2117
2022-06-30,Jagdalpur,Common,2137
2022-07-01,Jagdalpur,Common,2142
2022-07-02,Jagdalpur,Common,2133
2022-07-03,Jagdalpur,Common,2138
2022-07-04,Jagdalpur,Common,2158
2022-07-05,Jagdalpur,Common,2162
2022-07-06,Jagdalpur,Common,2151
2022-07-07,Jagdalpur,Common,2166
2022-07-08,Jagdalpur,Common,2143
2022-07-09,Jagdalpur,Common,2151
2022-07-10,Jagdalpur,Common,2126
2022-07-11,Jagdalpur,Common,2130
2022-07-12,Jagdalpur,Common,2135
2022-07-13,Jagdalpur,Common,2154
2022-07-14,Jagdalpur,Common,2133
2022-07-15,Jagdalpur,Common,2112
2022-07-16,Jagdalpur,Common,2091
2022-07-17,Jagdalpur,Common,2076
2022-07-18,Jagdalpur,Common,2085
2022-07-19,Jagdalpur,Common,2081
2022-07-20,Jagdalpur,Common,2074
2022-07-21,Jagdalpur,Common,2065
2022-07-22,Jagdalpur,Common,2067
2022-07-23,Jagdalpur,Common,2062
2022-07-24,Jagdalpur,Common,2044
2022-07-25,Jagdalpur,Common,2031
2022-07-26,Jagdalpur,Common,2042
2022-07-27,Jagdalpur,Common,2031
2022-07-28,Jagdalpur,Common,2040
2022-07-29,Jagdalpur,Common,2032
2022-07-30,Jagdalpur,Common,2021
2022-07-31,Jagdalpur,Common,2023
2022-08-01,Jagdalpur,Common,2034
2022-08-02,Jagdalpur,Common,2036
2022-08-03,Jagdalpur,Common,2037
2022-08-04,Jagdalpur,Common,2034
2022-08-05,Jagdalpur,Common,2037
2022-08-06,Jagdalpur,Common,2039
2022-08-07,Jagdalpur,Common,2038
2022-08-08,Jagdalpur,Common,2024
2022-08-09,Jagdalpur,Common,2042
2022-08-10,Jagdalpur,Common,2037
2022-08-11,Jagdalpur,Common,2033
2022-08-12,Jagdalpur,Common,2033
2022-08-13,Jagdalpur,Common,2056
2022-08-14,Jagdalpur,Common,2052
2022-08-15,Jagdalpur,Common,2088
2022-08-16,Jagdalpur,Common,2079
2022-08-17,Jagdalpur,Common,2089
2022-08-18,Jagdalpur,Common,2072
2022-08-19,Jagdalpur,Common,2114
2022-08-20,Jagdalpur,Common,2130
2022-08-21,Jagdalpur,Common,2098
2022-08-22,Jagdalpur,Common,2095
2022-08-23,Jagdalpur,Common,2105
2022-08-24,Jagdalpur,Common,2138
2022-08-25,Jagdalpur,Common,2122
2022-08-26,Jagdalpur,Common,2134
2022-08-27,Jagdalpur,Common,2136
2022-08-28,Jagdalpur,Common,2156
2022-08-29,Jagdalpur,Common,2154
2022-08-30,Jagdalpur,Common,2141
2022-08-31,Jagdalpur,Common,2158
2022-09-01,Jagdalpur,Common,2166
2022-09-02,Jagdalpur,Common,2187
2022-09-03,Jagdalpur,Common,2155
2022-09-04,Jagdalpur,Common,2159
2022-09-05,Jagdalpur,Common,2181
2022-09-06,Jagdalpur,Common,2173
2022-09-07,Jagdalpur,Common,2152
2022-09-08,Jagdalpur,Common,2166
2022-09-09,Jagdalpur,Common,2162
2022-09-10,Jagdalpur,Common,2185
2022-09-11,Jagdalpur,Common,2209
2022-09-12,Jagdalpur,Common,2201
2022-09-13,Jagdalpur,Common,2187
2022-09-14,Jagdalpur,Common,2186
2022-09-15,Jagdalpur,Common,2201
2022-09-16,Jagdalpur,Common,2174
2022-09-17,Jagdalpur,Common,2134
2022-09-18,Jagdalpur,Common,2134
2022-09-19,Jagdalpur,Common,2151
2022-09-20,Jagdalpur,Common,2136
2022-09-21,Jagdalpur,Common,2120
2022-09-22,Jagdalpur,Common,2139
2022-09-23,Jagdalpur,Common,2140
2022-09-24,Jagdalpur,Common,2165
2022-09-25,Jagdalpur,Common,2166
2022-09-26,Jagdalpur,Common,2157
2022-09-27,Jagdalpur,Common,2159
2022-09-28,Jagdalpur,Common,2145
2022-09-29,Jagdalpur,Common,2151
2022-09-30,Jagdalpur,Common,2135
2022-10-01,Jagdalpur,Common,2147
2022-10-02,Jagdalpur,Common,2125
2022-10-03,Jagdalpur,Common,2109
2022-10-04,Jagdalpur,Common,2130
2022-10-05,Jagdalpur,Common,2152
2022-10-06,Jagdalpur,Common,2147
2022-10-07,Jagdalpur,Common,2122
2022-10-08,Jagdalpur,Common,2092
2022-10-09,Jagdalpur,Common,2089
2022-10-10,Jagdalpur,Common,2128
2022-10-11,Jagdalpur,Common,2152
2022-10-12,Jagdalpur,Common,2173
2022-10-13,Jagdalpur,Common,2177
2022-10-14,Jagdalpur,Common,2167
2022-10-15,Jagdalpur,Common,2173
2022-10-16,Jagdalpur,Common,2187
2022-10-17,Jagdalpur,Common,2231
2022-10-18,Jagdalpur,Common,2252
2022-10-19,Jagdalpur,Common,2238
2022-10-20,Jagdalpur,Common,2243
2022-10-21,Jagdalpur,Common,2245
2022-10-22,Jagdalpur,Common,2277
2022-10-23,Jagdalpur,Common,2274
2022-10-24,Jagdalpur,Common,2276
2022-10-25,Jagdalpur,Common,2273
2022-10-26,Jagdalpur,Common,2294
2022-10-27,Jagdalpur,Common,2284
2022-10-28,Jagdalpur,Common,2269
2022-10-29,Jagdalpur,Common,2270
2022-10-30,Jagdalpur,Common,2288
2022-10-31,Jagdalpur,Common,2296
2022-11-01,Jagdalpur,Common,2286
2022-11-02,Jagdalpur,Common,2264
2022-11-03,Jagdalpur,Common,2241
2022-11-04,Jagdalpur,Common,2251
2022-11-05,Jagdalpur,Common,2245
2022-11-06,Jagdalpur,Common,2232
2022-11-07,Jagdalpur,Common,2282
2022-11-08,Jagdalpur,Common,2286
2022-11-09,Jagdalpur,Common,2288
2022-11-10,Jagdalpur,Common,2286
2022-11-11,Jagdalpur,Common,2289
2022-11-12,Jagdalpur,Common,2294
2022-11-13,Jagdalpur,Common,2298
2022-11-14,Jagdalpur,Common,2292
2022-11-15,Jagdalpur,Common,2268
2022-11-16,Jagdalpur,Common,2250
2022-11-17,Jagdalpur,Common,2258
2022-11-18,Jagdalpur,Common,2243
2022-11-19,Jagdalpur,Common,2222
2022-11-20,Jagdalpur,Common,2240
2022-11-21,Jagdalpur,Common,2259
2022-11-22,Jagdalpur,Common,2239
2022-11-23,Jagdalpur,Common,2225
2022-11-24,Jagdalpur,Common,2230
2022-11-25,Jagdalpur,Common,2261
2022-11-26,Jagdalpur,Common,2234
2022-11-27,Jagdalpur,Common,2232
2022-11-28,Jagdalpur,Common,2258
2022-11-29,Jagdalpur,Common,2282
2022-11-30,Jagdalpur,Common,2285
2022-12-01,Jagdalpur,Common,2270
2022-12-02,Jagdalpur,Common,2262
2022-12-03,Jagdalpur,Common,2247
2022-12-04,Jagdalpur,Common,2260
2022-12-05,Jagdalpur,Common,2262
2022-12-06,Jagdalpur,Common,2237
2022-12-07,Jagdalpur,Common,2235
2022-12-08,Jagdalpur,Common,2286
2022-12-09,Jagdalpur,Common,2314
2022-12-10,Jagdalpur,Common,2301
2022-12-11,Jagdalpur,Common,2305
2022-12-12,Jagdalpur,Common,2296
2022-12-13,Jagdalpur,Common,2286
2022-12-14,Jagdalpur,Common,2295
2022-12-15,Jagdalpur,Common,2303
2022-12-16,Jagdalpur,Common,2302
2022-12-17,Jagdalpur,Common,2303
2022-12-18,Jagdalpur,Common,2256
2022-12-19,Jagdalpur,Common,2273
2022-12-20,Jagdalpur,Common,2271
2022-12-21,Jagdalpur,Common,2266
2022-12-22,Jagdalpur,Common,2265
2022-12-23,Jagdalpur,Common,2271
2022-12-24,Jagdalpur,Common,2241
2022-12-25,Jagdalpur,Common,2263
2022-12-26,Jagdalpur,Common,2281
2022-12-27,Jagdalpur,Common,2292
2022-12-28,Jagdalpur,Common,2277
2022-12-29,Jagdalpur,Common,2275
2022-12-30,Jagdalpur,Common,2258
2022-12-31,Jagdalpur,Common,2264
2023-01-01,Jagdalpur,Common,2254
2023-01-02,Jagdalpur,Common,2250
2023-01-03,Jagdalpur,Common,2245
2023-01-04,Jagdalpur,Common,2234
2023-01-05,Jagdalpur,Common,2216
2023-01-06,Jagdalpur,Common,2242
2023-01-07,Jagdalpur,Common,2226
2023-01-08,Jagdalpur,Common,2243
2023-01-09,Jagdalpur,Common,2246
2023-01-10,Jagdalpur,Common,2252
2023-01-11,Jagdalpur,Common,2241
2023-01-12,Jagdalpur,Common,2227
2023-01-13,Jagdalpur,Common,2271
2023-01-14,Jagdalpur,Common,2253
2023-01-15,Jagdalpur,Common,2276
2023-01-16,Jagdalpur,Common,2290
2023-01-17,Jagdalpur,Common,2291
2023-01-18,Jagdalpur,Common,2292
2023-01-19,Jagdalpur,Common,2279
2023-01-20,Jagdalpur,Common,2265
2023-01-21,Jagdalpur,Common,2269
2023-01-22,Jagdalpur,Common,2274
2023-01-23,Jagdalpur,Common,2295
2023-01-24,Jagdalpur,Common,2283
2023-01-25,Jagdalpur,Common,2291
2023-01-26,Jagdalpur,Common,2314
2023-01-27,Jagdalpur,Common,2321
2023-01-28,Jagdalpur,Common,2310
2023-01-29,Jagdalpur,Common,2323
2023-01-30,Jagdalpur,Common,2320
2023-01-31,Jagdalpur,Common,2312
2023-02-01,Jagdalpur,Common,2316
2023-02-02,Jagdalpur,Common,2317
2023-02-03,Jagdalpur,Common,2319
2023-02-04,Jagdalpur,Common,2320
2023-02-05,Jagdalpur,Common,2286
2023-02-06,Jagdalpur,Common,2286
2023-02-07,Jagdalpur,Common,2257
2023-02-08,Jagdalpur,Common,2245
2023-02-09,Jagdalpur,Common,2238
2023-02-10,Jagdalpur,Common,2242
2023-02-11,Jagdalpur,Common,2236
2023-02-12,Jagdalpur,Common,2242
2023-02-13,Jagdalpur,Common,2252
2023-02-14,Jagdalpur,Common,2246
2023-02-15,Jagdalpur,Common,2229
2023-02-16,Jagdalpur,Common,2238
2023-02-17,Jagdalpur,Common,2248
2023-02-18,Jagdalpur,Common,2242
2023-02-19,Jagdalpur,Common,2231
2023-02-20,Jagdalpur,Common,2241
2023-02-21,Jagdalpur,Common,2212
2023-02-22,Jagdalpur,Common,2192
2023-02-23,Jagdalpur,Common,2200
2023-02-24,Jagdalpur,Common,2195
2023-02-25,Jagdalpur,Common,2202
2023-02-26,Jagdalpur,Common,2204
2023-02-27,Jagdalpur,Common,2191
2023-02-28,Jagdalpur,Common,2174
2023-03-01,Jagdalpur,Common,2181
2023-03-02,Jagdalpur,Common,2182
2023-03-03,Jagdalpur,Common,2191
2023-03-04,Jagdalpur,Common,2207
2023-03-05,Jagdalpur,Common,2232
2023-03-06,Jagdalpur,Common,2219
2023-03-07,Jagdalpur,Common,2225
2023-03-08,Jagdalpur,Common,2197
2023-03-09,Jagdalpur,Common,2187
2023-03-10,Jagdalpur,Common,2175
2023-03-11,Jagdalpur,Common,2186
2023-03-12,Jagdalpur,Common,2183
2023-03-13,Jagdalpur,Common,2196
2023-03-14,Jagdalpur,Common,2198
2023-03-15,Jagdalpur,Common,2200
2023-03-16,Jagdalpur,Common,2194
2023-03-17,Jagdalpur,Common,2200
2023-03-18,Jagdalpur,Common,2204
2023-03-19,Jagdalpur,Common,2214
2023-03-20,Jagdalpur,Common,2196
2023-03-21,Jagdalpur,Common,2211
2023-03-22,Jagdalpur,Common,2199
2023-03-23,Jagdalpur,Common,2177
2023-03-24,Jagdalpur,Common,2163
2023-03-25,Jagdalpur,Common,2152
2023-03-26,Jagdalpur,Common,2142
2023-03-27,Jagdalpur,Common,2121
2023-03-28,Jagdalpur,Common,2115
2023-03-29,Jagdalpur,Common,2104
2023-03-30,Jagdalpur,Common,2128
2023-03-31,Jagdalpur,Common,2112
2023-04-01,Jagdalpur,Common,2147
2023-04-02,Jagdalpur,Common,2169
2023-04-03,Jagdalpur,Common,2180
2023-04-04,Jagdalpur,Common,2176
2023-04-05,Jagdalpur,Common,2172
2023-04-06,Jagdalpur,Common,2183
2023-04-07,Jagdalpur,Common,2175
2023-04-08,Jagdalpur,Common,2162
2023-04-09,Jagdalpur,Common,2139
2023-04-10,Jagdalpur,Common,2155
2023-04-11,Jagdalpur,Common,2138
2023-04-12,Jagdalpur,Common,2115
2023-04-13,Jagdalpur,Common,2130
2023-04-14,Jagdalpur,Common,2141
2023-04-15,Jagdalpur,Common,2160
2023-04-16,Jagdalpur,Common,2174
2023-04-17,Jagdalpur,Common,2205
2023-04-18,Jagdalpur,Common,2192
2023-04-19,Jagdalpur,Common,2203
2023-04-20,Jagdalpur,Common,2191
2023-04-21,Jagdalpur,Common,2163
2023-04-22,Jagdalpur,Common,2161
2023-04-23,Jagdalpur,Common,2153
2023-04-24,Jagdalpur,Common,2132
2023-04-25,Jagdalpur,Common,2139
2023-04-26,Jagdalpur,Common,2152
2023-04-27,Jagdalpur,Common,2147
2023-04-28,Jagdalpur,Common,2142
2023-04-29,Jagdalpur,Common,2156
2023-04-30,Jagdalpur,Common,2119
2023-05-01,Jagdalpur,Common,2100
2023-05-02,Jagdalpur,Common,2095
2023-05-03,Jagdalpur,Common,2100
2023-05-04,Jagdalpur,Common,2106
2023-05-05,Jagdalpur,Common,2124
2023-05-06,Jagdalpur,Common,2109
2023-05-07,Jagdalpur,Common,2119
2023-05-08,Jagdalpur,Common,2112
2023-05-09,Jagdalpur,Common,2106
2023-05-10,Jagdalpur,Common,2121
2023-05-11,Jagdalpur,Common,2111
2023-05-12,Jagdalpur,Common,2113
2023-05-13,Jagdalpur,Common,2099
2023-05-14,Jagdalpur,Common,2102
2023-05-15,Jagdalpur,Common,2093
2023-05-16,Jagdalpur,Common,2084
2023-05-17,Jagdalpur,Common,2069
2023-05-18,Jagdalpur,Common,2073
2023-05-19,Jagdalpur,Common,2079
2023-05-20,Jagdalpur,Common,2059
2023-05-21,Jagdalpur,Common,2062
2023-05-22,Jagdalpur,Common,2055
2023-05-23,Jagdalpur,Common,2056
2023-05-24,Jagdalpur,Common,2063
2023-05-25,Jagdalpur,Common,2062
2023-05-26,Jagdalpur,Common,2071
2023-05-27,Jagdalpur,Common,2074
2023-05-28,Jagdalpur,Common,2073
2023-05-29,Jagdalpur,Common,2107
2023-05-30,Jagdalpur,Common,2102
2023-05-31,Jagdalpur,Common,2105
2023-06-01,Jagdalpur,Common,2134
2023-06-02,Jagdalpur,Common,2158
2023-06-03,Jagdalpur,Common,2148
2023-06-04,Jagdalpur,Common,2127
2023-06-05,Jagdalpur,Common,2134
2023-06-06,Jagdalpur,Common,2133
2023-06-07,Jagdalpur,Common,2140
2023-06-08,Jagdalpur,Common,2126
2023-06-09,Jagdalpur,Common,2124
2023-06-10,Jagdalpur,Common,2088
2023-06-11,Jagdalpur,Common,2069
2023-06-12,Jagdalpur,Common,2074
2023-06-13,Jagdalpur,Common,2082
2023-06-14,Jagdalpur,Common,2085
2023-06-15,Jagdalpur,Common,2081
2023-06-16,Jagdalpur,Common,2074
2023-06-17,Jagdalpur,Common,2078
2023-06-18,Jagdalpur,Common,2083
2023-06-19,Jagdalpur,Common,2088
2023-06-20,Jagdalpur,Common,2087
2023-06-21,Jagdalpur,Common,2071
2023-06-22,Jagdalpur,Common,2053
2023-06-23,Jagdalpur,Common,2057
2023-06-24,Jagdalpur,Common,2054
2023-06-25,Jagdalpur,Common,2065
2023-06-26,Jagdalpur,Common,2068
2023-06-27,Jagdalpur,Common,2069
2023-06-28,Jagdalpur,Common,2046
2023-06-29,Jagdalpur,Common,2049
2023-06-30,Jagdalpur,Common,2040
2023-07-01,Jagdalpur,Common,2055
2023-07-02,Jagdalpur,Common,2037
2023-07-03,Jagdalpur,Common,2070
2023-07-04,Jagdalpur,Common,2087
2023-07-05,Jagdalpur,Common,2096
2023-07-06,Jagdalpur,Common,2091
2023-07-07,Jagdalpur,Common,2100
2023-07-08,Jagdalpur,Common,2128
2023-07-09,Jagdalpur,Common,2134
2023-07-10,Jagdalpur,Common,2126
2023-07-11,Jagdalpur,Common,2139
2023-07-12,Jagdalpur,Common,2139
2023-07-13,Jagdalpur,Common,2126
2023-07-14,Jagdalpur,Common,2127
2023-07-15,Jagdalpur,Common,2124
2023-07-16,Jagdalpur,Common,2129
2023-07-17,Jagdalpur,Common,2138
2023-07-18,Jagdalpur,Common,2125
2023-07-19,Jagdalpur,Common,2124
2023-07-20,Jagdalpur,Common,2106
2023-07-21,Jagdalpur,Common,2082
2023-07-22,Jagdalpur,Common,2084
2023-07-23,Jagdalpur,Common,2074
2023-07-24,Jagdalpur,Common,2087
2023-07-25,Jagdalpur,Common,2076
2023-07-26,Jagdalpur,Common,2060
2023-07-27,Jagdalpur,Common,2067
2023-07-28,Jagdalpur,Common,2078
2023-07-29,Jagdalpur,Common,2099
2023-07-30,Jagdalpur,Common,2093
2023-07-31,Jagdalpur,Common,2072
2023-08-01,Jagdalpur,Common,2067
2023-08-02,Jagdalpur,Common,2060
2023-08-03,Jagdalpur,Common,2053
2023-08-04,Jagdalpur,Common,2093
2023-08-05,Jagdalpur,Common,2095
2023-08-06,Jagdalpur,Common,2118
2023-08-07,Jagdalpur,Common,2097
2023-08-08,Jagdalpur,Common,2087
2023-08-09,Jagdalpur,Common,2082
2023-08-10,Jagdalpur,Common,2095
2023-08-11,Jagdalpur,Common,2080
2023-08-12,Jagdalpur,Common,2066
2023-08-13,Jagdalpur,Common,2075
2023-08-14,Jagdalpur,Common,2061
2023-08-15,Jagdalpur,Common,2067
2023-08-16,Jagdalpur,Common,2063
2023-08-17,Jagdalpur,Common,2082
2023-08-18,Jagdalpur,Common,2068
2023-08-19,Jagdalpur,Common,2065
2023-08-20,Jagdalpur,Common,2059
2023-08-21,Jagdalpur,Common,2090
2023-08-22,Jagdalpur,Common,2081
2023-08-23,Jagdalpur,Common,2095
2023-08-24,Jagdalpur,Common,2117
2023-08-25,Jagdalpur,Common,2122
2023-08-26,Jagdalpur,Common,2122
2023-08-27,Jagdalpur,Common,2144
2023-08-28,Jagdalpur,Common,2142
2023-08-29,Jagdalpur,Common,2140
2023-08-30,Jagdalpur,Common,2140
2023-08-31,Jagdalpur,Common,2135
2023-09-01,Jagdalpur,Common,2135
2023-09-02,Jagdalpur,Common,2148
2023-09-03,Jagdalpur,Common,2150
2023-09-04,Jagdalpur,Common,2185
2023-09-05,Jagdalpur,Common,2187
2023-09-06,Jagdalpur,Common,2189
2023-09-07,Jagdalpur,Common,2174
2023-09-08,Jagdalpur,Common,2178
2023-09-09,Jagdalpur,Common,2181
2023-09-10,Jagdalpur,Common,2198
2023-09-11,Jagdalpur,Common,2228
2023-09-12,Jagdalpur,Common,2225
2023-09-13,Jagdalpur,Common,2203
2023-09-14,Jagdalpur,Common,2196
2023-09-15,Jagdalpur,Common,2197
2023-09-16,Jagdalpur,Common,2197
2023-09-17,Jagdalpur,Common,2192
2023-09-18,Jagdalpur,Common,2182
2023-09-19,Jagdalpur,Common,2181
2023-09-20,Jagdalpur,Common,2158
2023-09-21,Jagdalpur,Common,2172
2023-09-22,Jagdalpur,Common,2180
2023-09-23,Jagdalpur,Common,2191
2023-09-24,Jagdalpur,Common,2188
2023-09-25,Jagdalpur,Common,2192
2023-09-26,Jagdalpur,Common,2186
2023-09-27,Jagdalpur,Common,2196
2023-09-28,Jagdalpur,Common,2202
2023-09-29,Jagdalpur,Common,2208
2023-09-30,Jagdalpur,Common,2230
2023-10-01,Jagdalpur,Common,2228
2023-10-02,Jagdalpur,Common,2249
2023-10-03,Jagdalpur,Common,2255
2023-10-04,Jagdalpur,Common,2246
2023-10-05,Jagdalpur,Common,2239
2023-10-06,Jagdalpur,Common,2228
2023-10-07,Jagdalpur,Common,2203
2023-10-08,Jagdalpur,Common,2212
2023-10-09,Jagdalpur,Common,2215
2023-10-10,Jagdalpur,Common,2189
2023-10-11,Jagdalpur,Common,2169
2023-10-12,Jagdalpur,Common,2165
2023-10-13,Jagdalpur,Common,2181
2023-10-14,Jagdalpur,Common,2171
2023-10-15,Jagdalpur,Common,2152
2023-10-16,Jagdalpur,Common,2149
2023-10-17,Jagdalpur,Common,2141
2023-10-18,Jagdalpur,Common,2172
2023-10-19,Jagdalpur,Common,2164
2023-10-20,Jagdalpur,Common,2193
2023-10-21,Jagdalpur,Common,2180
2023-10-22,Jagdalpur,Common,2230
2023-10-23,Jagdalpur,Common,2230
2023-10-24,Jagdalpur,Common,2222
2023-10-25,Jagdalpur,Common,2236
2023-10-26,Jagdalpur,Common,2256
2023-10-27,Jagdalpur,Common,2231
2023-10-28,Jagdalpur,Common,2240
2023-10-29,Jagdalpur,Common,2269
2023-10-30,Jagdalpur,Common,2290
2023-10-31,Jagdalpur,Common,2278
2023-11-01,Jagdalpur,Common,2263
2023-11-02,Jagdalpur,Common,2270
2023-11-03,Jagdalpur,Common,2267
2023-11-04,Jagdalpur,Common,2237
2023-11-05,Jagdalpur,Common,2253
2023-11-06,Jagdalpur,Common,2253
2023-11-07,Jagdalpur,Common,2239
2023-11-08,Jagdalpur,Common,2259
2023-11-09,Jagdalpur,Common,2281
2023-11-10,Jagdalpur,Common,2279
2023-11-11,Jagdalpur,Common,2273
2023-11-12,Jagdalpur,Common,2263
2023-11-13,Jagdalpur,Common,2248
2023-11-14,Jagdalpur,Common,2231
2023-11-15,Jagdalpur,Common,2240
2023-11-16,Jagdalpur,Common,2257
2023-11-17,Jagdalpur,Common,2264
2023-11-18,Jagdalpur,Common,2276
2023-11-19,Jagdalpur,Common,2279
2023-11-20,Jagdalpur,Common,2293
2023-11-21,Jagdalpur,Common,2328
2023-11-22,Jagdalpur,Common,2314
2023-11-23,Jagdalpur,Common,2306
2023-11-24,Jagdalpur,Common,2306
2023-11-25,Jagdalpur,Common,2290
2023-11-26,Jagdalpur,Common,2322
2023-11-27,Jagdalpur,Common,2338
2023-11-28,Jagdalpur,Common,2338
2023-11-29,Jagdalpur,Common,2354
2023-11-30,Jagdalpur,Common,2339
2023-12-01,Jagdalpur,Common,2295
2023-12-02,Jagdalpur,Common,2352
2023-12-03,Jagdalpur,Common,2327
2023-12-04,Jagdalpur,Common,2316
2023-12-05,Jagdalpur,Common,2276
2023-12-06,Jagdalpur,Common,2278
2023-12-07,Jagdalpur,Common,2273
2023-12-08,Jagdalpur,Common,2255
2023-12-09,Jagdalpur,Common,2284
2023-12-10,Jagdalpur,Common,2302
2023-12-11,Jagdalpur,Common,2307
2023-12-12,Jagdalpur,Common,2319
2023-12-13,Jagdalpur,Common,2307
2023-12-14,Jagdalpur,Common,2299
2023-12-15,Jagdalpur,Common,2301
2023-12-16,Jagdalpur,Common,2304
2023-12-17,Jagdalpur,Common,2294
2023-12-18,Jagdalpur,Common,2285
2023-12-19,Jagdalpur,Common,2295
2023-12-20,Jagdalpur,Common,2266
2023-12-21,Jagdalpur,Common,2239
2023-12-22,Jagdalpur,Common,2228
2023-12-23,Jagdalpur,Common,2215
2023-12-24,Jagdalpur,Common,2237
2023-12-25,Jagdalpur,Common,2224
2023-12-26,Jagdalpur,Common,2219
2023-12-27,Jagdalpur,Common,2206
2023-12-28,Jagdalpur,Common,2184
2023-12-29,Jagdalpur,Common,2191
2023-12-30,Jagdalpur,Common,2207
2023-12-31,Jagdalpur,Common,2216
2024-01-01,Jagdalpur,Common,2193
2024-01-02,Jagdalpur,Common,2198
2024-01-03,Jagdalpur,Common,2196
2024-01-04,Jagdalpur,Common,2190
2024-01-05,Jagdalpur,Common,2193
2024-01-06,Jagdalpur,Common,2201
2024-01-07,Jagdalpur,Common,2192
2024-01-08,Jagdalpur,Common,2183
2024-01-09,Jagdalpur,Common,2179
2024-01-10,Jagdalpur,Common,2191
2024-01-11,Jagdalpur,Common,2177
2024-01-12,Jagdalpur,Common,2192
2024-01-13,Jagdalpur,Common,2190
2024-01-14,Jagdalpur,Common,2180
2024-01-15,Jagdalpur,Common,2216
2024-01-16,Jagdalpur,Common,2200
2024-01-17,Jagdalpur,Common,2221
2024-01-18,Jagdalpur,Common,2213
2024-01-19,Jagdalpur,Common,2194
2024-01-20,Jagdalpur,Common,2201
2024-01-21,Jagdalpur,Common,2234
2024-01-22,Jagdalpur,Common,2240
2024-01-23,Jagdalpur,Common,2235
2024-01-24,Jagdalpur,Common,2230
2024-01-25,Jagdalpur,Common,2241
2024-01-26,Jagdalpur,Common,2236
2024-01-27,Jagdalpur,Common,2216
2024-01-28,Jagdalpur,Common,2227
2024-01-29,Jagdalpur,Common,2225
2024-01-30,Jagdalpur,Common,2249
2024-01-31,Jagdalpur,Common,2233
2024-02-01,Jagdalpur,Common,2231
2024-02-02,Jagdalpur,Common,2201
2024-02-03,Jagdalpur,Common,2229
2024-02-04,Jagdalpur,Common,2218
2024-02-05,Jagdalpur,Common,2220
2024-02-06,Jagdalpur,Common,2197
2024-02-07,Jagdalpur,Common,2230
2024-02-08,Jagdalpur,Common,2260
2024-02-09,Jagdalpur,Common,2285
2024-02-10,Jagdalpur,Common,2271
2024-02-11,Jagdalpur,Common,2282
2024-02-12,Jagdalpur,Common,2315
2024-02-13,Jagdalpur,Common,2301
2024-02-14,Jagdalpur,Common,2292
2024-02-15,Jagdalpur,Common,2309
2024-02-16,Jagdalpur,Common,2314
2024-02-17,Jagdalpur,Common,2326
2024-02-18,Jagdalpur,Common,2310
2024-02-19,Jagdalpur,Common,2313
2024-02-20,Jagdalpur,Common,2306
2024-02-21,Jagdalpur,Common,2286
2024-02-22,Jagdalpur,Common,2247
2024-02-23,Jagdalpur,Common,2267
2024-02-24,Jagdalpur,Common,2281
2024-02-25,Jagdalpur,Common,2302
2024-02-26,Jagdalpur,Common,2301
2024-02-27,Jagdalpur,Common,2306
2024-02-28,Jagdalpur,Common,2323
2024-02-29,Jagdalpur,Common,2316
2024-03-01,Jagdalpur,Common,2329
2024-03-02,Jagdalpur,Common,2326
2024-03-03,Jagdalpur,Common,2304
2024-03-04,Jagdalpur,Common,2301
2024-03-05,Jagdalpur,Common,2282
2024-03-06,Jagdalpur,Common,2273
2024-03-07,Jagdalpur,Common,2286
2024-03-08,Jagdalpur,Common,2250
2024-03-09,Jagdalpur,Common,2249
2024-03-10,Jagdalpur,Common,2238
2024-03-11,Jagdalpur,Common,2211
2024-03-12,Jagdalpur,Common,2204
2024-03-13,Jagdalpur,Common,2224
2024-03-14,Jagdalpur,Common,2241
2024-03-15,Jagdalpur,Common,2247
2024-03-16,Jagdalpur,Common,2245
2024-03-17,Jagdalpur,Common,2237
2024-03-18,Jagdalpur,Common,2253
2024-03-19,Jagdalpur,Common,2256
2024-03-20,Jagdalpur,Common,2242
2024-03-21,Jagdalpur,Common,2233
2024-03-22,Jagdalpur,Common,2240
2024-03-23,Jagdalpur,Common,2273
2024-03-24,Jagdalpur,Common,2251
2024-03-25,Jagdalpur,Common,2265
2024-03-26,Jagdalpur,Common,2243
2024-03-27,Jagdalpur,Common,2242
2024-03-28,Jagdalpur,Common,2236
2024-03-29,Jagdalpur,Common,2235
2024-03-30,Jagdalpur,Common,2215
2024-03-31,Jagdalpur,Common,2207
2024-04-01,Jagdalpur,Common,2207
2024-04-02,Jagdalpur,Common,2212
2024-04-03,Jagdalpur,Common,2198
2024-04-04,Jagdalpur,Common,2204
2024-04-05,Jagdalpur,Common,2193
2024-04-06,Jagdalpur,Common,2168
2024-04-07,Jagdalpur,Common,2150
2024-04-08,Jagdalpur,Common,2134
2024-04-09,Jagdalpur,Common,2138
2024-04-10,Jagdalpur,Common,2130
2024-04-11,Jagdalpur,Common,2132
2024-04-12,Jagdalpur,Common,2141
2024-04-13,Jagdalpur,Common,2124
2024-04-14,Jagdalpur,Common,2120
2024-04-15,Jagdalpur,Common,2132
2024-04-16,Jagdalpur,Common,2142
2024-04-17,Jagdalpur,Common,2164
2024-04-18,Jagdalpur,Common,2176
2024-04-19,Jagdalpur,Common,2127
2024-04-20,Jagdalpur,Common,2130
2024-04-21,Jagdalpur,Common,2152
2024-04-22,Jagdalpur,Common,2138
2024-04-23,Jagdalpur,Common,2144
2024-04-24,Jagdalpur,Common,2146
2024-04-25,Jagdalpur,Common,2105
2024-04-26,Jagdalpur,Common,2083
2024-04-27,Jagdalpur,Common,2071
2024-04-28,Jagdalpur,Common,2091
2024-04-29,Jagdalpur,Common,2106
2024-04-30,Jagdalpur,Common,2133
2024-05-01,Jagdalpur,Common,2168
2024-05-02,Jagdalpur,Common,2190
2024-05-03,Jagdalpur,Common,2158
2024-05-04,Jagdalpur,Common,2132
2024-05-05,Jagdalpur,Common,2129
2024-05-06,Jagdalpur,Common,2131
2024-05-07,Jagdalpur,Common,2110
2024-05-08,Jagdalpur,Common,2110
2024-05-09,Jagdalpur,Common,2089
2024-05-10,Jagdalpur,Common,2124
2024-05-11,Jagdalpur,Common,2094
2024-05-12,Jagdalpur,Common,2083
2024-05-13,Jagdalpur,Common,2050
2024-05-14,Jagdalpur,Common,2046
2024-05-15,Jagdalpur,Common,2071
2024-05-16,Jagdalpur,Common,2035
2024-05-17,Jagdalpur,Common,2027
2024-05-18,Jagdalpur,Common,2021
2024-05-19,Jagdalpur,Common,2012
2024-05-20,Jagdalpur,Common,2023
2024-05-21,Jagdalpur,Common,2023
2024-05-22,Jagdalpur,Common,2005
2024-05-23,Jagdalpur,Common,2003
2024-05-24,Jagdalpur,Common,2028
2024-05-25,Jagdalpur,Common,2024
2024-05-26,Jagdalpur,Common,2016
2024-05-27,Jagdalpur,Common,2002
2024-05-28,Jagdalpur,Common,2016
2024-05-29,Jagdalpur,Common,2026
2024-05-30,Jagdalpur,Common,2023
2024-05-31,Jagdalpur,Common,2018
2024-06-01,Jagdalpur,Common,2042
2024-06-02,Jagdalpur,Common,2070
2024-06-03,Jagdalpur,Common,2064
2024-06-04,Jagdalpur,Common,2074
2024-06-05,Jagdalpur,Common,2077
2024-06-06,Jagdalpur,Common,2090
2024-06-07,Jagdalpur,Common,2085
2024-06-08,Jagdalpur,Common,2087
2024-06-09,Jagdalpur,Common,2062
2024-06-10,Jagdalpur,Common,2084
2024-06-11,Jagdalpur,Common,2115
2024-06-12,Jagdalpur,Common,2116
2024-06-13,Jagdalpur,Common,2111
2024-06-14,Jagdalpur,Common,2103
2024-06-15,Jagdalpur,Common,2092
2024-06-16,Jagdalpur,Common,2119
2024-06-17,Jagdalpur,Common,2139
2024-06-18,Jagdalpur,Common,2142
2024-06-19,Jagdalpur,Common,2127
2024-06-20,Jagdalpur,Common,2122
2024-06-21,Jagdalpur,Common,2135
2024-06-22,Jagdalpur,Common,2121
2024-06-23,Jagdalpur,Common,2134
2024-06-24,Jagdalpur,Common,2135
2024-06-25,Jagdalpur,Common,2167
2024-06-26,Jagdalpur,Common,2153
2024-06-27,Jagdalpur,Common,2177
2024-06-28,Jagdalpur,Common,2175
2024-06-29,Jagdalpur,Common,2152
2024-06-30,Jagdalpur,Common,2144
2024-07-01,Jagdalpur,Common,2145
2024-07-02,Jagdalpur,Common,2139
2024-07-03,Jagdalpur,Common,2133
2024-07-04,Jagdalpur,Common,2148
2024-07-05,Jagdalpur,Common,2130
2024-07-06,Jagdalpur,Common,2110
2024-07-07,Jagdalpur,Common,2108
2024-07-08,Jagdalpur,Common,2115
2024-07-09,Jagdalpur,Common,2082
2024-07-10,Jagdalpur,Common,2102
2024-07-11,Jagdalpur,Common,2097
2024-07-12,Jagdalpur,Common,2104
2024-07-13,Jagdalpur,Common,2090
2024-07-14,Jagdalpur,Common,2085
2024-07-15,Jagdalpur,Common,2103
2024-07-16,Jagdalpur,Common,2125
2024-07-17,Jagdalpur,Common,2136
2024-07-18,Jagdalpur,Common,2142
2024-07-19,Jagdalpur,Common,2155
2024-07-20,Jagdalpur,Common,2182
2024-07-21,Jagdalpur,Common,2185
2024-07-22,Jagdalpur,Common,2177
2024-07-23,Jagdalpur,Common,2176
2024-07-24,Jagdalpur,Common,2195
2024-07-25,Jagdalpur,Common,2169
2024-07-26,Jagdalpur,Common,2147
2024-07-27,Jagdalpur,Common,2154
2024-07-28,Jagdalpur,Common,2165
2024-07-29,Jagdalpur,Common,2176
2024-07-30,Jagdalpur,Common,2207
2024-07-31,Jagdalpur,Common,2198
2024-08-01,Jagdalpur,Common,2168
2024-08-02,Jagdalpur,Common,2179
2024-08-03,Jagdalpur,Common,2196
2024-08-04,Jagdalpur,Common,2154
2024-08-05,Jagdalpur,Common,2143
2024-08-06,Jagdalpur,Common,2149
2024-08-07,Jagdalpur,Common,2166
2024-08-08,Jagdalpur,Common,2164
2024-08-09,Jagdalpur,Common,2155
2024-08-10,Jagdalpur,Common,2161
2024-08-11,Jagdalpur,Common,2174
2024-08-12,Jagdalpur,Common,2161
2024-08-13,Jagdalpur,Common,2176
2024-08-14,Jagdalpur,Common,2184
2024-08-15,Jagdalpur,Common,2182
2024-08-16,Jagdalpur,Common,2168
2024-08-17,Jagdalpur,Common,2162
2024-08-18,Jagdalpur,Common,2195
2024-08-19,Jagdalpur,Common,2196
2024-08-20,Jagdalpur,Common,2210
2024-08-21,Jagdalpur,Common,2197
2024-08-22,Jagdalpur,Common,2218
2024-08-23,Jagdalpur,Common,2219
2024-08-24,Jagdalpur,Common,2209
2024-08-25,Jagdalpur,Common,2189
2024-08-26,Jagdalpur,Common,2180
2024-08-27,Jagdalpur,Common,2180
2024-08-28,Jagdalpur,Common,2218
2024-08-29,Jagdalpur,Common,2202
2024-08-30,Jagdalpur,Common,2211
2024-08-31,Jagdalpur,Common,2217
2024-09-01,Jagdalpur,Common,2233
2024-09-02,Jagdalpur,Common,2229
2024-09-03,Jagdalpur,Common,2237
2024-09-04,Jagdalpur,Common,2243
2024-09-05,Jagdalpur,Common,2261
2024-09-06,Jagdalpur,Common,2265
2024-09-07,Jagdalpur,Common,2279
2024-09-08,Jagdalpur,Common,2300
2024-09-09,Jagdalpur,Common,2304
2024-09-10,Jagdalpur,Common,2288
2024-09-11,Jagdalpur,Common,2290
2024-09-12,Jagdalpur,Common,2304
2024-09-13,Jagdalpur,Common,2303
2024-09-14,Jagdalpur,Common,2290
2024-09-15,Jagdalpur,Common,2277
2024-09-16,Jagdalpur,Common,2269
2024-09-17,Jagdalpur,Common,2289
2024-09-18,Jagdalpur,Common,2283
2024-09-19,Jagdalpur,Common,2291
2024-09-20,Jagdalpur,Common,2304
2024-09-21,Jagdalpur,Common,2256
2024-09-22,Jagdalpur,Common,2245
2024-09-23,Jagdalpur,Common,2259
2024-09-24,Jagdalpur,Common,2282
2024-09-25,Jagdalpur,Common,2286
2024-09-26,Jagdalpur,Common,2312
2024-09-27,Jagdalpur,Common,2313
2024-09-28,Jagdalpur,Common,2301
2024-09-29,Jagdalpur,Common,2283
2024-09-30,Jagdalpur,Common,2293
2024-10-01,Jagdalpur,Common,2278
2024-10-02,Jagdalpur,Common,2273
2024-10-03,Jagdalpur,Common,2230
2024-10-04,Jagdalpur,Common,2247
2024-10-05,Jagdalpur,Common,2251
2024-10-06,Jagdalpur,Common,2250
2024-10-07,Jagdalpur,Common,2223
2024-10-08,Jagdalpur,Common,2222
2024-10-09,Jagdalpur,Common,2249
2024-10-10,Jagdalpur,Common,2227
2024-10-11,Jagdalpur,Common,2230
2024-10-12,Jagdalpur,Common,2265
2024-10-13,Jagdalpur,Common,2258
2024-10-14,Jagdalpur,Common,2261
2024-10-15,Jagdalpur,Common,2284
2024-10-16,Jagdalpur,Common,2282
2024-10-17,Jagdalpur,Common,2266
2024-10-18,Jagdalpur,Common,2285
2024-10-19,Jagdalpur,Common,2289
2024-10-20,Jagdalpur,Common,2290
2024-10-21,Jagdalpur,Common,2294
2024-10-22,Jagdalpur,Common,2301
2024-10-23,Jagdalpur,Common,2309
2024-10-24,Jagdalpur,Common,2272
2024-10-25,Jagdalpur,Common,2293
2024-10-26,Jagdalpur,Common,2316
2024-10-27,Jagdalpur,Common,2328
2024-10-28,Jagdalpur,Common,2330
2024-10-29,Jagdalpur,Common,2330
2024-10-30,Jagdalpur,Common,2317
2024-10-31,Jagdalpur,Common,2334
2024-11-01,Jagdalpur,Common,2341
2024-11-02,Jagdalpur,Common,2331
2024-11-03,Jagdalpur,Common,2324
2024-11-04,Jagdalpur,Common,2319
2024-11-05,Jagdalpur,Common,2304
2024-11-06,Jagdalpur,Common,2290
2024-11-07,Jagdalpur,Common,2289
2024-11-08,Jagdalpur,Common,2285
2024-11-09,Jagdalpur,Common,2282
2024-11-10,Jagdalpur,Common,2285
2024-11-11,Jagdalpur,Common,2305
2024-11-12,Jagdalpur,Common,2280
2024-11-13,Jagdalpur,Common,2314
2024-11-14,Jagdalpur,Common,2328
2024-11-15,Jagdalpur,Common,2325
2024-11-16,Jagdalpur,Common,2329
2024-11-17,Jagdalpur,Common,2343
2024-11-18,Jagdalpur,Common,2349
2024-11-19,Jagdalpur,Common,2341
2024-11-20,Jagdalpur,Common,2329
2024-11-21,Jagdalpur,Common,2330
2024-11-22,Jagdalpur,Common,2333
2024-11-23,Jagdalpur,Common,2326
2024-11-24,Jagdalpur,Common,2339
2024-11-25,Jagdalpur,Common,2339
2024-11-26,Jagdalpur,Common,2329
2024-11-27,Jagdalpur,Common,2343
2024-11-28,Jagdalpur,Common,2336
2024-11-29,Jagdalpur,Common,2332
2024-11-30,Jagdalpur,Common,2331
2024-12-01,Jagdalpur,Common,2324
2024-12-02,Jagdalpur,Common,2329
2024-12-03,Jagdalpur,Common,2299
2024-12-04,Jagdalpur,Common,2307
2024-12-05,Jagdalpur,Common,2297
2024-12-06,Jagdalpur,Common,2321
2024-12-07,Jagdalpur,Common,2332
2024-12-08,Jagdalpur,Common,2323
2024-12-09,Jagdalpur,Common,2333
2024-12-10,Jagdalpur,Common,2325
2024-12-11,Jagdalpur,Common,2325
2024-12-12,Jagdalpur,Common,2322
2024-12-13,Jagdalpur,Common,2321
2024-12-14,Jagdalpur,Common,2326
2024-12-15,Jagdalpur,Common,2313
2024-12-16,Jagdalpur,Common,2285
2024-12-17,Jagdalpur,Common,2270
2024-12-18,Jagdalpur,Common,2277
2024-12-19,Jagdalpur,Common,2277
2024-12-20,Jagdalpur,Common,2270
2024-12-21,Jagdalpur,Common,2245
2024-12-22,Jagdalpur,Common,2276
2024-12-23,Jagdalpur,Common,2301
2024-12-24,Jagdalpur,Common,2318
2024-12-25,Jagdalpur,Common,2319
2024-12-26,Jagdalpur,Common,2300
2024-12-27,Jagdalpur,Common,2302
2024-12-28,Jagdalpur,Common,2321
2024-12-29,Jagdalpur,Common,2315
2024-12-30,Jagdalpur,Common,2324
2024-12-31,Jagdalpur,Common,2338
2025-01-01,Jagdalpur,Common,2348
2025-01-02,Jagdalpur,Common,2358
2025-01-03,Jagdalpur,Common,2374
2025-01-04,Jagdalpur,Common,2372
2025-01-05,Jagdalpur,Common,2370
2025-01-06,Jagdalpur,Common,2354
2025-01-07,Jagdalpur,Common,2345
2025-01-08,Jagdalpur,Common,2344
2025-01-09,Jagdalpur,Common,2337
2025-01-10,Jagdalpur,Common,2347
2025-01-11,Jagdalpur,Common,2366
2025-01-12,Jagdalpur,Common,2359
2025-01-13,Jagdalpur,Common,2342
2025-01-14,Jagdalpur,Common,2344
2025-01-15,Jagdalpur,Common,2340
2025-01-16,Jagdalpur,Common,2336
2025-01-17,Jagdalpur,Common,2310
2025-01-18,Jagdalpur,Common,2297
2025-01-19,Jagdalpur,Common,2311
2025-01-20,Jagdalpur,Common,2320
2025-01-21,Jagdalpur,Common,2309
2025-01-22,Jagdalpur,Common,2307
2025-01-23,Jagdalpur,Common,2305
2025-01-24,Jagdalpur,Common,2295
2025-01-25,Jagdalpur,Common,2248
2025-01-26,Jagdalpur,Common,2249
2025-01-27,Jagdalpur,Common,2270
2025-01-28,Jagdalpur,Common,2261
2025-01-29,Jagdalpur,Common,2257
2025-01-30,Jagdalpur,Common,2265
2025-01-31,Jagdalpur,Common,2259
2025-02-01,Jagdalpur,Common,2258
2025-02-02,Jagdalpur,Common,2265
2025-02-03,Jagdalpur,Common,2266
2025-02-04,Jagdalpur,Common,2260
2025-02-05,Jagdalpur,Common,2254
2025-02-06,Jagdalpur,Common,2247
2025-02-07,Jagdalpur,Common,2264
2025-02-08,Jagdalpur,Common,2260
2025-02-09,Jagdalpur,Common,2286
2025-02-10,Jagdalpur,Common,2326
2025-02-11,Jagdalpur,Common,2326
2025-02-12,Jagdalpur,Common,2318
2025-02-13,Jagdalpur,Common,2322
2025-02-14,Jagdalpur,Common,2313
2025-02-15,Jagdalpur,Common,2306
2025-02-16,Jagdalpur,Common,2312
2025-02-17,Jagdalpur,Common,2292
2025-02-18,Jagdalpur,Common,2290
2025-02-19,Jagdalpur,Common,2311
2025-02-20,Jagdalpur,Common,2303
2025-02-21,Jagdalpur,Common,2313
2025-02-22,Jagdalpur,Common,2279
2025-02-23,Jagdalpur,Common,2268
2025-02-24,Jagdalpur,Common,2254
2025-02-25,Jagdalpur,Common,2262
2025-02-26,Jagdalpur,Common,2231
2025-02-27,Jagdalpur,Common,2247
2025-02-28,Jagdalpur,Common,2220
2025-03-01,Jagdalpur,Common,2226
2025-03-02,Jagdalpur,Common,2233
2025-03-03,Jagdalpur,Common,2250
2025-03-04,Jagdalpur,Common,2237
2025-03-05,Jagdalpur,Common,2218
2025-03-06,Jagdalpur,Common,2235
2025-03-07,Jagdalpur,Common,2241
2025-03-08,Jagdalpur,Common,2228
2025-03-09,Jagdalpur,Common,2218
2025-03-10,Jagdalpur,Common,2221
2025-03-11,Jagdalpur,Common,2207
2025-03-12,Jagdalpur,Common,2189
2025-03-13,Jagdalpur,Common,2177
2025-03-14,Jagdalpur,Common,2196
2025-03-15,Jagdalpur,Common,2202
2025-03-16,Jagdalpur,Common,2190
2025-03-17,Jagdalpur,Common,2193
2025-03-18,Jagdalpur,Common,2202
2025-03-19,Jagdalpur,Common,2211
2025-03-20,Jagdalpur,Common,2222
2025-03-21,Jagdalpur,Common,2226
2025-03-22,Jagdalpur,Common,2234
2025-03-23,Jagdalpur,Common,2226
2025-03-24,Jagdalpur,Common,2229
2025-03-25,Jagdalpur,Common,2240
2025-03-26,Jagdalpur,Common,2251
2025-03-27,Jagdalpur,Common,2235
2025-03-28,Jagdalpur,Common,2258
2025-03-29,Jagdalpur,Common,2283
2025-03-30,Jagdalpur,Common,2279
2025-03-31,Jagdalpur,Common,2305
2025-04-01,Jagdalpur,Common,2329
2025-04-02,Jagdalpur,Common,2329
2025-04-03,Jagdalpur,Common,2306
2025-04-04,Jagdalpur,Common,2290
2025-04-05,Jagdalpur,Common,2284
2025-04-06,Jagdalpur,Common,2276
2025-04-07,Jagdalpur,Common,2269
2025-04-08,Jagdalpur,Common,2270
2025-04-09,Jagdalpur,Common,2267
2025-04-10,Jagdalpur,Common,2280
2025-04-11,Jagdalpur,Common,2269
2025-04-12,Jagdalpur,Common,2264
2025-04-13,Jagdalpur,Common,2247
2025-04-14,Jagdalpur,Common,2256
2025-04-15,Jagdalpur,Common,2263
2025-04-16,Jagdalpur,Common,2256
2025-04-17,Jagdalpur,Common,2274
2025-04-18,Jagdalpur,Common,2239
2025-04-19,Jagdalpur,Common,2241
2025-04-20,Jagdalpur,Common,2242
2025-04-21,Jagdalpur,Common,2227
2025-04-22,Jagdalpur,Common,2224
2025-04-23,Jagdalpur,Common,2217
2025-04-24,Jagdalpur,Common,2191
2025-04-25,Jagdalpur,Common,2215
2025-04-26,Jagdalpur,Common,2246
2025-04-27,Jagdalpur,Common,2238
2025-04-28,Jagdalpur,Common,2234
2025-04-29,Jagdalpur,Common,2241
2025-04-30,Jagdalpur,Common,2229
2025-05-01,Jagdalpur,Common,2199
2025-05-02,Jagdalpur,Common,2204
2025-05-03,Jagdalpur,Common,2201
2025-05-04,Jagdalpur,Common,2223
2025-05-05,Jagdalpur,Common,2200
2025-05-06,Jagdalpur,Common,2201
2025-05-07,Jagdalpur,Common,2184
2025-05-08,Jagdalpur,Common,2163
2025-05-09,Jagdalpur,Common,2149
2025-05-10,Jagdalpur,Common,2145
2025-05-11,Jagdalpur,Common,2122
2025-05-12,Jagdalpur,Common,2126
2025-05-13,Jagdalpur,Common,2152
2025-05-14,Jagdalpur,Common,2150
2025-05-15,Jagdalpur,Common,2148
2025-05-16,Jagdalpur,Common,2153
2025-05-17,Jagdalpur,Common,2143
2025-05-18,Jagdalpur,Common,2121
2025-05-19,Jagdalpur,Common,2113
2025-05-20,Jagdalpur,Common,2118
2025-05-21,Jagdalpur,Common,2137
2025-05-22,Jagdalpur,Common,2140
2025-05-23,Jagdalpur,Common,2140
2025-05-24,Jagdalpur,Common,2121
2025-05-25,Jagdalpur,Common,2134
2025-05-26,Jagdalpur,Common,2132
2025-05-27,Jagdalpur,Common,2154
2025-05-28,Jagdalpur,Common,2178
2025-05-29,Jagdalpur,Common,2178
2025-05-30,Jagdalpur,Common,2154
2025-05-31,Jagdalpur,Common,2197
2025-06-01,Jagdalpur,Common,2170
2025-06-02,Jagdalpur,Common,2184
2025-06-03,Jagdalpur,Common,2177
2025-06-04,Jagdalpur,Common,2180
2025-06-05,Jagdalpur,Common,2176
2025-06-06,Jagdalpur,Common,2179
2025-06-07,Jagdalpur,Common,2188
2025-06-08,Jagdalpur,Common,2172
2025-06-09,Jagdalpur,Common,2153
2025-06-10,Jagdalpur,Common,2135
2025-06-11,Jagdalpur,Common,2138
2025-06-12,Jagdalpur,Common,2122
2025-06-13,Jagdalpur,Common,2148
2025-06-14,Jagdalpur,Common,2151
2025-06-15,Jagdalpur,Common,2135
2025-06-16,Jagdalpur,Common,2126
2025-06-17,Jagdalpur,Common,2126
2025-06-18,Jagdalpur,Common,2132
2025-06-19,Jagdalpur,Common,2142
2025-06-20,Jagdalpur,Common,2126
2025-06-21,Jagdalpur,Common,2132
2025-06-22,Jagdalpur,Common,2121
2025-06-23,Jagdalpur,Common,2121
2025-06-24,Jagdalpur,Common,2154
2025-06-25,Jagdalpur,Common,2195
2025-06-26,Jagdalpur,Common,2163
2025-06-27,Jagdalpur,Common,2157
2025-06-28,Jagdalpur,Common,2156
2025-06-29,Jagdalpur,Common,2151
2025-06-30,Jagdalpur,Common,2176
2025-07-01,Jagdalpur,Common,2199
2025-07-02,Jagdalpur,Common,2200
2025-07-03,Jagdalpur,Common,2188
2025-07-04,Jagdalpur,Common,2199
2025-07-05,Jagdalpur,Common,2231
2025-07-06,Jagdalpur,Common,2223
2025-07-07,Jagdalpur,Common,2217
2025-07-08,Jagdalpur,Common,2218
2025-07-09,Jagdalpur,Common,2220
2025-07-10,Jagdalpur,Common,2186
2025-07-11,Jagdalpur,Common,2181
2025-07-12,Jagdalpur,Common,2160
2025-07-13,Jagdalpur,Common,2168
2025-07-14,Jagdalpur,Common,2159
2025-07-15,Jagdalpur,Common,2145
2025-07-16,Jagdalpur,Common,2118
2025-07-17,Jagdalpur,Common,2129
2025-07-18,Jagdalpur,Common,2148
2025-07-19,Jagdalpur,Common,2166
2025-07-20,Jagdalpur,Common,2170
2025-07-21,Jagdalpur,Common,2189
2025-07-22,Jagdalpur,Common,2204
2025-07-23,Jagdalpur,Common,2206
2025-07-24,Jagdalpur,Common,2212
2025-07-25,Jagdalpur,Common,2225
2025-07-26,Jagdalpur,Common,2225
2025-07-27,Jagdalpur,Common,2231
2025-07-28,Jagdalpur,Common,2219
2025-07-29,Jagdalpur,Common,2210
2025-07-30,Jagdalpur,Common,2209
2025-07-31,Jagdalpur,Common,2202
2025-08-01,Jagdalpur,Common,2218
2025-08-02,Jagdalpur,Common,2213
2025-08-03,Jagdalpur,Common,2229
2025-08-04,Jagdalpur,Common,2226
2025-08-05,Jagdalpur,Common,2217
2025-08-06,Jagdalpur,Common,2233
2025-08-07,Jagdalpur,Common,2235
2025-08-08,Jagdalpur,Common,2260
2025-08-09,Jagdalpur,Common,2240
2025-08-10,Jagdalpur,Common,2225
2025-08-11,Jagdalpur,Common,2203
2025-08-12,Jagdalpur,Common,2192
2025-08-13,Jagdalpur,Common,2182
2025-08-14,Jagdalpur,Common,2192
2025-08-15,Jagdalpur,Common,2215
2025-08-16,Jagdalpur,Common,2206
2025-08-17,Jagdalpur,Common,2211
2025-08-18,Jagdalpur,Common,2204
2025-08-19,Jagdalpur,Common,2209
2025-08-20,Jagdalpur,Common,2245
2025-08-21,Jagdalpur,Common,2253
2025-08-22,Jagdalpur,Common,2252
2025-08-23,Jagdalpur,Common,2244
2025-08-24,Jagdalpur,Common,2245
2025-08-25,Jagdalpur,Common,2231
2025-08-26,Jagdalpur,Common,2245
2025-08-27,Jagdalpur,Common,2235
2025-08-28,Jagdalpur,Common,2243
2025-08-29,Jagdalpur,Common,2249
2025-08-30,Jagdalpur,Common,2247
2025-08-31,Jagdalpur,Common,2281
2025-09-01,Jagdalpur,Common,2280
2025-09-02,Jagdalpur,Common,2274
2025-09-03,Jagdalpur,Common,2265
2025-09-04,Jagdalpur,Common,2254
2025-09-05,Jagdalpur,Common,2246
2025-09-06,Jagdalpur,Common,2239
2025-09-07,Jagdalpur,Common,2219
2025-09-08,Jagdalpur,Common,2199
2025-09-09,Jagdalpur,Common,2213
2025-09-10,Jagdalpur,Common,2242
2025-09-11,Jagdalpur,Common,2236
2025-09-12,Jagdalpur,Common,2256
2025-09-13,Jagdalpur,Common,2261
2025-09-14,Jagdalpur,Common,2286
2025-09-15,Jagdalpur,Common,2283
2025-09-16,Jagdalpur,Common,2314
2025-09-17,Jagdalpur,Common,2308
2025-09-18,Jagdalpur,Common,2286
2025-09-19,Jagdalpur,Common,2294
2025-09-20,Jagdalpur,Common,2274
2025-09-21,Jagdalpur,Common,2277
2025-09-22,Jagdalpur,Common,2273
2025-09-23,Jagdalpur,Common,2272
2025-09-24,Jagdalpur,Common,2287
2025-09-25,Jagdalpur,Common,2298
2025-09-26,Jagdalpur,Common,2305
2025-09-27,Jagdalpur,Common,2322
2025-09-28,Jagdalpur,Common,2334
2025-09-29,Jagdalpur,Common,2347
2025-09-30,Jagdalpur,Common,2364
2025-10-01,Jagdalpur,Common,2357
2025-10-02,Jagdalpur,Common,2350
2025-10-03,Jagdalpur,Common,2319
2025-10-04,Jagdalpur,Common,2316
2025-10-05,Jagdalpur,Common,2353
2025-10-06,Jagdalpur,Common,2367
2025-10-07,Jagdalpur,Common,2377
2025-10-08,Jagdalpur,Common,2389
2025-10-09,Jagdalpur,Common,2371
2025-10-10,Jagdalpur,Common,2370
2025-10-11,Jagdalpur,Common,2354
2025-10-12,Jagdalpur,Common,2365
2025-10-13,Jagdalpur,Common,2377
2025-10-14,Jagdalpur,Common,2356
2025-10-15,Jagdalpur,Common,2367
2025-10-16,Jagdalpur,Common,2340
2025-10-17,Jagdalpur,Common,2343
2025-10-18,Jagdalpur,Common,2346
2025-10-19,Jagdalpur,Common,2354
2025-10-20,Jagdalpur,Common,2346
2025-10-21,Jagdalpur,Common,2345
2025-10-22,Jagdalpur,Common,2360
2025-10-23,Jagdalpur,Common,2354
2025-10-24,Jagdalpur,Common,2338
2025-10-25,Jagdalpur,Common,2363
2025-10-26,Jagdalpur,Common,2384
2025-10-27,Jagdalpur,Common,2392
2025-10-28,Jagdalpur,Common,2359
2025-10-29,Jagdalpur,Common,2366
2025-10-30,Jagdalpur,Common,2389
2025-10-31,Jagdalpur,Common,2396
2025-11-01,Jagdalpur,Common,2395
2025-11-02,Jagdalpur,Common,2405
2025-11-03,Jagdalpur,Common,2404
2025-11-04,Jagdalpur,Common,2417
2025-11-05,Jagdalpur,Common,2399
2025-11-06,Jagdalpur,Common,2383
2025-11-07,Jagdalpur,Common,2381
2025-11-08,Jagdalpur,Common,2396
2025-11-09,Jagdalpur,Common,2404
2025-11-10,Jagdalpur,Common,2386
2025-11-11,Jagdalpur,Common,2398
2025-11-12,Jagdalpur,Common,2382
2025-11-13,Jagdalpur,Common,2376
2025-11-14,Jagdalpur,Common,2354
2025-11-15,Jagdalpur,Common,2347
2025-11-16,Jagdalpur,Common,2368
2025-11-17,Jagdalpur,Common,2369
2025-11-18,Jagdalpur,Common,2356
2025-11-19,Jagdalpur,Common,2338
2025-11-20,Jagdalpur,Common,2312
2025-11-21,Jagdalpur,Common,2316
2025-11-22,Jagdalpur,Common,2305
2025-11-23,Jagdalpur,Common,2287
2025-11-24,Jagdalpur,Common,2296
2025-11-25,Jagdalpur,Common,2278
2025-11-26,Jagdalpur,Common,2283
2025-11-27,Jagdalpur,Common,2283
2025-11-28,Jagdalpur,Common,2303
2025-11-29,Jagdalpur,Common,2313
2025-11-30,Jagdalpur,Common,2313
2025-12-01,Jagdalpur,Common,2314
2025-12-02,Jagdalpur,Common,2323
2025-12-03,Jagdalpur,Common,2319
2025-12-04,Jagdalpur,Common,2338
2025-12-05,Jagdalpur,Common,2339
2025-12-06,Jagdalpur,Common,2308
2025-12-07,Jagdalpur,Common,2303
2025-12-08,Jagdalpur,Common,2316
2025-12-09,Jagdalpur,Common,2320
2025-12-10,Jagdalpur,Common,2371
2025-12-11,Jagdalpur,Common,2372
2025-12-12,Jagdalpur,Common,2379
2025-12-13,Jagdalpur,Common,2352
2025-12-14,Jagdalpur,Common,2379
2025-12-15,Jagdalpur,Common,2374
2025-12-16,Jagdalpur,Common,2374
2025-12-17,Jagdalpur,Common,2401
2025-12-18,Jagdalpur,Common,2391
2025-12-19,Jagdalpur,Common,2387
2025-12-20,Jagdalpur,Common,2395
2025-12-21,Jagdalpur,Common,2389
2025-12-22,Jagdalpur,Common,2384
2025-12-23,Jagdalpur,Common,2400
2025-12-24,Jagdalpur,Common,2415
2025-12-25,Jagdalpur,Common,2435
2025-12-26,Jagdalpur,Common,2459
2025-12-27,Jagdalpur,Common,2450
2025-12-28,Jagdalpur,Common,2478
2025-12-29,Jagdalpur,Common,2448
2025-12-30,Jagdalpur,Common,2465
2025-12-31,Jagdalpur,Common,2462
2022-01-01,Jagdalpur,Grade A,2476
2022-01-02,Jagdalpur,Grade A,2482
2022-01-03,Jagdalpur,Grade A,2483
2022-01-04,Jagdalpur,Grade A,2498
2022-01-05,Jagdalpur,Grade A,2492
2022-01-06,Jagdalpur,Grade A,2474
2022-01-07,Jagdalpur,Grade A,2469
2022-01-08,Jagdalpur,Grade A,2471
2022-01-09,Jagdalpur,Grade A,2471
2022-01-10,Jagdalpur,Grade A,2442
2022-01-11,Jagdalpur,Grade A,2434
2022-01-12,Jagdalpur,Grade A,2444
2022-01-13,Jagdalpur,Grade A,2434
2022-01-14,Jagdalpur,Grade A,2442
2022-01-15,Jagdalpur,Grade A,2413
2022-01-16,Jagdalpur,Grade A,2428
2022-01-17,Jagdalpur,Grade A,2426
2022-01-18,Jagdalpur,Grade A,2420
2022-01-19,Jagdalpur,Grade A,2440
2022-01-20,Jagdalpur,Grade A,2443
2022-01-21,Jagdalpur,Grade A,2460
2022-01-22,Jagdalpur,Grade A,2460
2022-01-23,Jagdalpur,Grade A,2447
2022-01-24,Jagdalpur,Grade A,2463
2022-01-25,Jagdalpur,Grade A,2465
2022-01-26,Jagdalpur,Grade A,2453
2022-01-27,Jagdalpur,Grade A,2447
2022-01-28,Jagdalpur,Grade A,2425
2022-01-29,Jagdalpur,Grade A,2433
2022-01-30,Jagdalpur,Grade A,2433
2022-01-31,Jagdalpur,Grade A,2432
2022-02-01,Jagdalpur,Grade A,2434
2022-02-02,Jagdalpur,Grade A,2423
2022-02-03,Jagdalpur,Grade A,2416
2022-02-04,Jagdalpur,Grade A,2426
2022-02-05,Jagdalpur,Grade A,2420
2022-02-06,Jagdalpur,Grade A,2426
2022-02-07,Jagdalpur,Grade A,2427
2022-02-08,Jagdalpur,Grade A,2436
2022-02-09,Jagdalpur,Grade A,2431
2022-02-10,Jagdalpur,Grade A,2418
2022-02-11,Jagdalpur,Grade A,2442
2022-02-12,Jagdalpur,Grade A,2456
2022-02-13,Jagdalpur,Grade A,2466
2022-02-14,Jagdalpur,Grade A,2447
2022-02-15,Jagdalpur,Grade A,2459
2022-02-16,Jagdalpur,Grade A,2459
2022-02-17,Jagdalpur,Grade A,2461
2022-02-18,Jagdalpur,Grade A,2440
2022-02-19,Jagdalpur,Grade A,2436
2022-02-20,Jagdalpur,Grade A,2449
2022-02-21,Jagdalpur,Grade A,2457
2022-02-22,Jagdalpur,Grade A,2466
2022-02-23,Jagdalpur,Grade A,2473
2022-02-24,Jagdalpur,Grade A,2469
2022-02-25,Jagdalpur,Grade A,2443
2022-02-26,Jagdalpur,Grade A,2455
2022-02-27,Jagdalpur,Grade A,2444
2022-02-28,Jagdalpur,Grade A,2449
2022-03-01,Jagdalpur,Grade A,2422
2022-03-02,Jagdalpur,Grade A,2425
2022-03-03,Jagdalpur,Grade A,2422
2022-03-04,Jagdalpur,Grade A,2398
2022-03-05,Jagdalpur,Grade A,2410
2022-03-06,Jagdalpur,Grade A,2423
2022-03-07,Jagdalpur,Grade A,2401
2022-03-08,Jagdalpur,Grade A,2379
2022-03-09,Jagdalpur,Grade A,2365
2022-03-10,Jagdalpur,Grade A,2378
2022-03-11,Jagdalpur,Grade A,2377
2022-03-12,Jagdalpur,Grade A,2390
2022-03-13,Jagdalpur,Grade A,2412
2022-03-14,Jagdalpur,Grade A,2424
2022-03-15,Jagdalpur,Grade A,2403
2022-03-16,Jagdalpur,Grade A,2400
2022-03-17,Jagdalpur,Grade A,2395
2022-03-18,Jagdalpur,Grade A,2390
2022-03-19,Jagdalpur,Grade A,2380
2022-03-20,Jagdalpur,Grade A,2387
2022-03-21,Jagdalpur,Grade A,2372
2022-03-22,Jagdalpur,Grade A,2365
2022-03-23,Jagdalpur,Grade A,2364
2022-03-24,Jagdalpur,Grade A,2358
2022-03-25,Jagdalpur,Grade A,2372
2022-03-26,Jagdalpur,Grade A,2346
2022-03-27,Jagdalpur,Grade A,2330
2022-03-28,Jagdalpur,Grade A,2353
2022-03-29,Jagdalpur,Grade A,2350
2022-03-30,Jagdalpur,Grade A,2350
2022-03-31,Jagdalpur,Grade A,2352
2022-04-01,Jagdalpur,Grade A,2330
2022-04-02,Jagdalpur,Grade A,2343
2022-04-03,Jagdalpur,Grade A,2338
2022-04-04,Jagdalpur,Grade A,2320
2022-04-05,Jagdalpur,Grade A,2314
2022-04-06,Jagdalpur,Grade A,2311
2022-04-07,Jagdalpur,Grade A,2325
2022-04-08,Jagdalpur,Grade A,2324
2022-04-09,Jagdalpur,Grade A,2321
2022-04-10,Jagdalpur,Grade A,2320
2022-04-11,Jagdalpur,Grade A,2290
2022-04-12,Jagdalpur,Grade A,2290
2022-04-13,Jagdalpur,Grade A,2298
2022-04-14,Jagdalpur,Grade A,2264
2022-04-15,Jagdalpur,Grade A,2287
2022-04-16,Jagdalpur,Grade A,2271
2022-04-17,Jagdalpur,Grade A,2285
2022-04-18,Jagdalpur,Grade A,2298
2022-04-19,Jagdalpur,Grade A,2275
2022-04-20,Jagdalpur,Grade A,2267
2022-04-21,Jagdalpur,Grade A,2269
2022-04-22,Jagdalpur,Grade A,2301
2022-04-23,Jagdalpur,Grade A,2299
2022-04-24,Jagdalpur,Grade A,2303
2022-04-25,Jagdalpur,Grade A,2309
2022-04-26,Jagdalpur,Grade A,2293
2022-04-27,Jagdalpur,Grade A,2269
2022-04-28,Jagdalpur,Grade A,2245
2022-04-29,Jagdalpur,Grade A,2235
2022-04-30,Jagdalpur,Grade A,2252
2022-05-01,Jagdalpur,Grade A,2232
2022-05-02,Jagdalpur,Grade A,2263
2022-05-03,Jagdalpur,Grade A,2261
2022-05-04,Jagdalpur,Grade A,2242
2022-05-05,Jagdalpur,Grade A,2221
2022-05-06,Jagdalpur,Grade A,2221
2022-05-07,Jagdalpur,Grade A,2226
2022-05-08,Jagdalpur,Grade A,2200
2022-05-09,Jagdalpur,Grade A,2193
2022-05-10,Jagdalpur,Grade A,2226
2022-05-11,Jagdalpur,Grade A,2223
2022-05-12,Jagdalpur,Grade A,2207
2022-05-13,Jagdalpur,Grade A,2241
2022-05-14,Jagdalpur,Grade A,2253
2022-05-15,Jagdalpur,Grade A,2246
2022-05-16,Jagdalpur,Grade A,2266
2022-05-17,Jagdalpur,Grade A,2278
2022-05-18,Jagdalpur,Grade A,2300
2022-05-19,Jagdalpur,Grade A,2282
2022-05-20,Jagdalpur,Grade A,2259
2022-05-21,Jagdalpur,Grade A,2279
2022-05-22,Jagdalpur,Grade A,2289
2022-05-23,Jagdalpur,Grade A,2267
2022-05-24,Jagdalpur,Grade A,2254
2022-05-25,Jagdalpur,Grade A,2262
2022-05-26,Jagdalpur,Grade A,2264
2022-05-27,Jagdalpur,Grade A,2248
2022-05-28,Jagdalpur,Grade A,2249
2022-05-29,Jagdalpur,Grade A,2276
2022-05-30,Jagdalpur,Grade A,2302
2022-05-31,Jagdalpur,Grade A,2301
2022-06-01,Jagdalpur,Grade A,2305
2022-06-02,Jagdalpur,Grade A,2276
2022-06-03,Jagdalpur,Grade A,2277
2022-06-04,Jagdalpur,Grade A,2267
2022-06-05,Jagdalpur,Grade A,2279
2022-06-06,Jagdalpur,Grade A,2276
2022-06-07,Jagdalpur,Grade A,2293
2022-06-08,Jagdalpur,Grade A,2300
2022-06-09,Jagdalpur,Grade A,2299
2022-06-10,Jagdalpur,Grade A,2322
2022-06-11,Jagdalpur,Grade A,2336
2022-06-12,Jagdalpur,Grade A,2339
2022-06-13,Jagdalpur,Grade A,2347
2022-06-14,Jagdalpur,Grade A,2334
2022-06-15,Jagdalpur,Grade A,2298
2022-06-16,Jagdalpur,Grade A,2296
2022-06-17,Jagdalpur,Grade A,2301
2022-06-18,Jagdalpur,Grade A,2303
2022-06-19,Jagdalpur,Grade A,2304
2022-06-20,Jagdalpur,Grade A,2275
2022-06-21,Jagdalpur,Grade A,2286
2022-06-22,Jagdalpur,Grade A,2314
2022-06-23,Jagdalpur,Grade A,2292
2022-06-24,Jagdalpur,Grade A,2254
2022-06-25,Jagdalpur,Grade A,2247
2022-06-26,Jagdalpur,Grade A,2283
2022-06-27,Jagdalpur,Grade A,2301
2022-06-28,Jagdalpur,Grade A,2297
2022-06-29,Jagdalpur,Grade A,2305
2022-06-30,Jagdalpur,Grade A,2303
2022-07-01,Jagdalpur,Grade A,2312
2022-07-02,Jagdalpur,Grade A,2316
2022-07-03,Jagdalpur,Grade A,2327
2022-07-04,Jagdalpur,Grade A,2294
2022-07-05,Jagdalpur,Grade A,2278
2022-07-06,Jagdalpur,Grade A,2251
2022-07-07,Jagdalpur,Grade A,2273
2022-07-08,Jagdalpur,Grade A,2285
2022-07-09,Jagdalpur,Grade A,2311
2022-07-10,Jagdalpur,Grade A,2301
2022-07-11,Jagdalpur,Grade A,2281
2022-07-12,Jagdalpur,Grade A,2289
2022-07-13,Jagdalpur,Grade A,2283
2022-07-14,Jagdalpur,Grade A,2291
2022-07-15,Jagdalpur,Grade A,2288
2022-07-16,Jagdalpur,Grade A,2271
2022-07-17,Jagdalpur,Grade A,2283
2022-07-18,Jagdalpur,Grade A,2258
2022-07-19,Jagdalpur,Grade A,2250
2022-07-20,Jagdalpur,Grade A,2267
2022-07-21,Jagdalpur,Grade A,2291
2022-07-22,Jagdalpur,Grade A,2291
2022-07-23,Jagdalpur,Grade A,2290
2022-07-24,Jagdalpur,Grade A,2281
2022-07-25,Jagdalpur,Grade A,2271
2022-07-26,Jagdalpur,Grade A,2291
2022-07-27,Jagdalpur,Grade A,2276
2022-07-28,Jagdalpur,Grade A,2276
2022-07-29,Jagdalpur,Grade A,2275
2022-07-30,Jagdalpur,Grade A,2270
2022-07-31,Jagdalpur,Grade A,2264
2022-08-01,Jagdalpur,Grade A,2268
2022-08-02,Jagdalpur,Grade A,2285
2022-08-03,Jagdalpur,Grade A,2278
2022-08-04,Jagdalpur,Grade A,2255
2022-08-05,Jagdalpur,Grade A,2278
2022-08-06,Jagdalpur,Grade A,2296
2022-08-07,Jagdalpur,Grade A,2307
2022-08-08,Jagdalpur,Grade A,2313
2022-08-09,Jagdalpur,Grade A,2288
2022-08-10,Jagdalpur,Grade A,2285
2022-08-11,Jagdalpur,Grade A,2297
2022-08-12,Jagdalpur,Grade A,2299
2022-08-13,Jagdalpur,Grade A,2285
2022-08-14,Jagdalpur,Grade A,2286
2022-08-15,Jagdalpur,Grade A,2281
2022-08-16,Jagdalpur,Grade A,2274
2022-08-17,Jagdalpur,Grade A,2289
2022-08-18,Jagdalpur,Grade A,2294
2022-08-19,Jagdalpur,Grade A,2282
2022-08-20,Jagdalpur,Grade A,2280
2022-08-21,Jagdalpur,Grade A,2273
2022-08-22,Jagdalpur,Grade A,2271
2022-08-23,Jagdalpur,Grade A,2282
2022-08-24,Jagdalpur,Grade A,2288
2022-08-25,Jagdalpur,Grade A,2301
2022-08-26,Jagdalpur,Grade A,2289
2022-08-27,Jagdalpur,Grade A,2288
2022-08-28,Jagdalpur,Grade A,2303
2022-08-29,Jagdalpur,Grade A,2319
2022-08-30,Jagdalpur,Grade A,2311
2022-08-31,Jagdalpur,Grade A,2292
2022-09-01,Jagdalpur,Grade A,2291
2022-09-02,Jagdalpur,Grade A,2278
2022-09-03,Jagdalpur,Grade A,2275
2022-09-04,Jagdalpur,Grade A,2276
2022-09-05,Jagdalpur,Grade A,2288
2022-09-06,Jagdalpur,Grade A,2299
2022-09-07,Jagdalpur,Grade A,2313
2022-09-08,Jagdalpur,Grade A,2307
2022-09-09,Jagdalpur,Grade A,2295
2022-09-10,Jagdalpur,Grade A,2318
2022-09-11,Jagdalpur,Grade A,2335
2022-09-12,Jagdalpur,Grade A,2323
2022-09-13,Jagdalpur,Grade A,2311
2022-09-14,Jagdalpur,Grade A,2315
2022-09-15,Jagdalpur,Grade A,2337
2022-09-16,Jagdalpur,Grade A,2343
2022-09-17,Jagdalpur,Grade A,2351
2022-09-18,Jagdalpur,Grade A,2343
2022-09-19,Jagdalpur,Grade A,2364
2022-09-20,Jagdalpur,Grade A,2365
2022-09-21,Jagdalpur,Grade A,2378
2022-09-22,Jagdalpur,Grade A,2369
2022-09-23,Jagdalpur,Grade A,2396
2022-09-24,Jagdalpur,Grade A,2402
2022-09-25,Jagdalpur,Grade A,2406
2022-09-26,Jagdalpur,Grade A,2401
2022-09-27,Jagdalpur,Grade A,2423
2022-09-28,Jagdalpur,Grade A,2446
2022-09-29,Jagdalpur,Grade A,2436
2022-09-30,Jagdalpur,Grade A,2418
2022-10-01,Jagdalpur,Grade A,2423
2022-10-02,Jagdalpur,Grade A,2456
2022-10-03,Jagdalpur,Grade A,2438
2022-10-04,Jagdalpur,Grade A,2445
2022-10-05,Jagdalpur,Grade A,2464
2022-10-06,Jagdalpur,Grade A,2470
2022-10-07,Jagdalpur,Grade A,2464
2022-10-08,Jagdalpur,Grade A,2442
2022-10-09,Jagdalpur,Grade A,2431
2022-10-10,Jagdalpur,Grade A,2425
2022-10-11,Jagdalpur,Grade A,2411
2022-10-12,Jagdalpur,Grade A,2405
2022-10-13,Jagdalpur,Grade A,2404
2022-10-14,Jagdalpur,Grade A,2425
2022-10-15,Jagdalpur,Grade A,2439
2022-10-16,Jagdalpur,Grade A,2465
2022-10-17,Jagdalpur,Grade A,2499
2022-10-18,Jagdalpur,Grade A,2481
2022-10-19,Jagdalpur,Grade A,2498
2022-10-20,Jagdalpur,Grade A,2515
2022-10-21,Jagdalpur,Grade A,2504
2022-10-22,Jagdalpur,Grade A,2491
2022-10-23,Jagdalpur,Grade A,2489
2022-10-24,Jagdalpur,Grade A,2518
2022-10-25,Jagdalpur,Grade A,2467
2022-10-26,Jagdalpur,Grade A,2448
2022-10-27,Jagdalpur,Grade A,2453
2022-10-28,Jagdalpur,Grade A,2467
2022-10-29,Jagdalpur,Grade A,2462
2022-10-30,Jagdalpur,Grade A,2458
2022-10-31,Jagdalpur,Grade A,2453
2022-11-01,Jagdalpur,Grade A,2483
2022-11-02,Jagdalpur,Grade A,2493
2022-11-03,Jagdalpur,Grade A,2499
2022-11-04,Jagdalpur,Grade A,2487
2022-11-05,Jagdalpur,Grade A,2492
2022-11-06,Jagdalpur,Grade A,2507
2022-11-07,Jagdalpur,Grade A,2511
2022-11-08,Jagdalpur,Grade A,2510
2022-11-09,Jagdalpur,Grade A,2502
2022-11-10,Jagdalpur,Grade A,2487
2022-11-11,Jagdalpur,Grade A,2463
2022-11-12,Jagdalpur,Grade A,2428
2022-11-13,Jagdalpur,Grade A,2441
2022-11-14,Jagdalpur,Grade A,2459
2022-11-15,Jagdalpur,Grade A,2464
2022-11-16,Jagdalpur,Grade A,2460
2022-11-17,Jagdalpur,Grade A,2472
2022-11-18,Jagdalpur,Grade A,2464
2022-11-19,Jagdalpur,Grade A,2467
2022-11-20,Jagdalpur,Grade A,2468
2022-11-21,Jagdalpur,Grade A,2476
2022-11-22,Jagdalpur,Grade A,2475
2022-11-23,Jagdalpur,Grade A,2452
2022-11-24,Jagdalpur,Grade A,2451
2022-11-25,Jagdalpur,Grade A,2475
2022-11-26,Jagdalpur,Grade A,2472
2022-11-27,Jagdalpur,Grade A,2471
2022-11-28,Jagdalpur,Grade A,2471
2022-11-29,Jagdalpur,Grade A,2461
2022-11-30,Jagdalpur,Grade A,2476
2022-12-01,Jagdalpur,Grade A,2499
2022-12-02,Jagdalpur,Grade A,2522
2022-12-03,Jagdalpur,Grade A,2552
2022-12-04,Jagdalpur,Grade A,2541
2022-12-05,Jagdalpur,Grade A,2526
2022-12-06,Jagdalpur,Grade A,2527
2022-12-07,Jagdalpur,Grade A,2523
2022-12-08,Jagdalpur,Grade A,2547
2022-12-09,Jagdalpur,Grade A,2540
2022-12-10,Jagdalpur,Grade A,2520
2022-12-11,Jagdalpur,Grade A,2502
2022-12-12,Jagdalpur,Grade A,2525
2022-12-13,Jagdalpur,Grade A,2535
2022-12-14,Jagdalpur,Grade A,2517
2022-12-15,Jagdalpur,Grade A,2545
2022-12-16,Jagdalpur,Grade A,2545
2022-12-17,Jagdalpur,Grade A,2535
2022-12-18,Jagdalpur,Grade A,2568
2022-12-19,Jagdalpur,Grade A,2588
2022-12-20,Jagdalpur,Grade A,2556
2022-12-21,Jagdalpur,Grade A,2567
2022-12-22,Jagdalpur,Grade A,2585
2022-12-23,Jagdalpur,Grade A,2571
2022-12-24,Jagdalpur,Grade A,2570
2022-12-25,Jagdalpur,Grade A,2551
2022-12-26,Jagdalpur,Grade A,2537
2022-12-27,Jagdalpur,Grade A,2543
2022-12-28,Jagdalpur,Grade A,2530
2022-12-29,Jagdalpur,Grade A,2524
2022-12-30,Jagdalpur,Grade A,2540
2022-12-31,Jagdalpur,Grade A,2544
2023-01-01,Jagdalpur,Grade A,2534
2023-01-02,Jagdalpur,Grade A,2524
2023-01-03,Jagdalpur,Grade A,2516
2023-01-04,Jagdalpur,Grade A,2521
2023-01-05,Jagdalpur,Grade A,2504
2023-01-06,Jagdalpur,Grade A,2527
2023-01-07,Jagdalpur,Grade A,2525
2023-01-08,Jagdalpur,Grade A,2528
2023-01-09,Jagdalpur,Grade A,2511
2023-01-10,Jagdalpur,Grade A,2504
2023-01-11,Jagdalpur,Grade A,2522
2023-01-12,Jagdalpur,Grade A,2526
2023-01-13,Jagdalpur,Grade A,2510
2023-01-14,Jagdalpur,Grade A,2503
2023-01-15,Jagdalpur,Grade A,2517
2023-01-16,Jagdalpur,Grade A,2491
2023-01-17,Jagdalpur,Grade A,2489
2023-01-18,Jagdalpur,Grade A,2515
2023-01-19,Jagdalpur,Grade A,2517
2023-01-20,Jagdalpur,Grade A,2490
2023-01-21,Jagdalpur,Grade A,2498
2023-01-22,Jagdalpur,Grade A,2478
2023-01-23,Jagdalpur,Grade A,2477
2023-01-24,Jagdalpur,Grade A,2471
2023-01-25,Jagdalpur,Grade A,2472
2023-01-26,Jagdalpur,Grade A,2508
2023-01-27,Jagdalpur,Grade A,2490
2023-01-28,Jagdalpur,Grade A,2492
2023-01-29,Jagdalpur,Grade A,2502
2023-01-30,Jagdalpur,Grade A,2509
2023-01-31,Jagdalpur,Grade A,2514
2023-02-01,Jagdalpur,Grade A,2507
2023-02-02,Jagdalpur,Grade A,2527
2023-02-03,Jagdalpur,Grade A,2518
2023-02-04,Jagdalpur,Grade A,2524
2023-02-05,Jagdalpur,Grade A,2526
2023-02-06,Jagdalpur,Grade A,2526
2023-02-07,Jagdalpur,Grade A,2535
2023-02-08,Jagdalpur,Grade A,2507
2023-02-09,Jagdalpur,Grade A,2517
2023-02-10,Jagdalpur,Grade A,2490
2023-02-11,Jagdalpur,Grade A,2459
2023-02-12,Jagdalpur,Grade A,2446
2023-02-13,Jagdalpur,Grade A,2460
2023-02-14,Jagdalpur,Grade A,2431
2023-02-15,Jagdalpur,Grade A,2442
2023-02-16,Jagdalpur,Grade A,2445
2023-02-17,Jagdalpur,Grade A,2429
2023-02-18,Jagdalpur,Grade A,2435
2023-02-19,Jagdalpur,Grade A,2444
2023-02-20,Jagdalpur,Grade A,2436
2023-02-21,Jagdalpur,Grade A,2427
2023-02-22,Jagdalpur,Grade A,2425
2023-02-23,Jagdalpur,Grade A,2441
2023-02-24,Jagdalpur,Grade A,2409
2023-02-25,Jagdalpur,Grade A,2376
2023-02-26,Jagdalpur,Grade A,2361
2023-02-27,Jagdalpur,Grade A,2367
2023-02-28,Jagdalpur,Grade A,2355
2023-03-01,Jagdalpur,Grade A,2353
2023-03-02,Jagdalpur,Grade A,2345
2023-03-03,Jagdalpur,Grade A,2354
2023-03-04,Jagdalpur,Grade A,2373
2023-03-05,Jagdalpur,Grade A,2376
2023-03-06,Jagdalpur,Grade A,2373
2023-03-07,Jagdalpur,Grade A,2350
2023-03-08,Jagdalpur,Grade A,2338
2023-03-09,Jagdalpur,Grade A,2361
2023-03-10,Jagdalpur,Grade A,2362
2023-03-11,Jagdalpur,Grade A,2392
2023-03-12,Jagdalpur,Grade A,2393
2023-03-13,Jagdalpur,Grade A,2389
2023-03-14,Jagdalpur,Grade A,2399
2023-03-15,Jagdalpur,Grade A,2383
2023-03-16,Jagdalpur,Grade A,2390
2023-03-17,Jagdalpur,Grade A,2392
2023-03-18,Jagdalpur,Grade A,2388
2023-03-19,Jagdalpur,Grade A,2375
2023-03-20,Jagdalpur,Grade A,2366
2023-03-21,Jagdalpur,Grade A,2373
2023-03-22,Jagdalpur,Grade A,2357
2023-03-23,Jagdalpur,Grade A,2369
2023-03-24,Jagdalpur,Grade A,2375
2023-03-25,Jagdalpur,Grade A,2371
2023-03-26,Jagdalpur,Grade A,2359
2023-03-27,Jagdalpur,Grade A,2389
2023-03-28,Jagdalpur,Grade A,2376
2023-03-29,Jagdalpur,Grade A,2385
2023-03-30,Jagdalpur,Grade A,2363
2023-03-31,Jagdalpur,Grade A,2362
2023-04-01,Jagdalpur,Grade A,2366
2023-04-02,Jagdalpur,Grade A,2369
2023-04-03,Jagdalpur,Grade A,2352
2023-04-04,Jagdalpur,Grade A,2373
2023-04-05,Jagdalpur,Grade A,2379
2023-04-06,Jagdalpur,Grade A,2356
2023-04-07,Jagdalpur,Grade A,2363
2023-04-08,Jagdalpur,Grade A,2330
2023-04-09,Jagdalpur,Grade A,2318
2023-04-10,Jagdalpur,Grade A,2327
2023-04-11,Jagdalpur,Grade A,2335
2023-04-12,Jagdalpur,Grade A,2344
2023-04-13,Jagdalpur,Grade A,2344
2023-04-14,Jagdalpur,Grade A,2363
2023-04-15,Jagdalpur,Grade A,2356
2023-04-16,Jagdalpur,Grade A,2371
2023-04-17,Jagdalpur,Grade A,2405
2023-04-18,Jagdalpur,Grade A,2416
2023-04-19,Jagdalpur,Grade A,2413
2023-04-20,Jagdalpur,Grade A,2394
2023-04-21,Jagdalpur,Grade A,2400
2023-04-22,Jagdalpur,Grade A,2406
2023-04-23,Jagdalpur,Grade A,2399
2023-04-24,Jagdalpur,Grade A,2398
2023-04-25,Jagdalpur,Grade A,2383
2023-04-26,Jagdalpur,Grade A,2375
2023-04-27,Jagdalpur,Grade A,2379
2023-04-28,Jagdalpur,Grade A,2406
2023-04-29,Jagdalpur,Grade A,2415
2023-04-30,Jagdalpur,Grade A,2388
2023-05-01,Jagdalpur,Grade A,2380
2023-05-02,Jagdalpur,Grade A,2346
2023-05-03,Jagdalpur,Grade A,2343
2023-05-04,Jagdalpur,Grade A,2314
2023-05-05,Jagdalpur,Grade A,2288
2023-05-06,Jagdalpur,Grade A,2298
2023-05-07,Jagdalpur,Grade A,2308
2023-05-08,Jagdalpur,Grade A,2292
2023-05-09,Jagdalpur,Grade A,2283
2023-05-10,Jagdalpur,Grade A,2256
2023-05-11,Jagdalpur,Grade A,2241
2023-05-12,Jagdalpur,Grade A,2239
2023-05-13,Jagdalpur,Grade A,2250
2023-05-14,Jagdalpur,Grade A,2253
2023-05-15,Jagdalpur,Grade A,2260
2023-05-16,Jagdalpur,Grade A,2274
2023-05-17,Jagdalpur,Grade A,2269
2023-05-18,Jagdalpur,Grade A,2280
2023-05-19,Jagdalpur,Grade A,2269
2023-05-20,Jagdalpur,Grade A,2272
2023-05-21,Jagdalpur,Grade A,2257
2023-05-22,Jagdalpur,Grade A,2270
2023-05-23,Jagdalpur,Grade A,2260
2023-05-24,Jagdalpur,Grade A,2269
2023-05-25,Jagdalpur,Grade A,2278
2023-05-26,Jagdalpur,Grade A,2287
2023-05-27,Jagdalpur,Grade A,2274
2023-05-28,Jagdalpur,Grade A,2251
2023-05-29,Jagdalpur,Grade A,2249
2023-05-30,Jagdalpur,Grade A,2255
2023-05-31,Jagdalpur,Grade A,2246
2023-06-01,Jagdalpur,Grade A,2235
2023-06-02,Jagdalpur,Grade A,2239
2023-06-03,Jagdalpur,Grade A,2223
2023-06-04,Jagdalpur,Grade A,2262
2023-06-05,Jagdalpur,Grade A,2254
2023-06-06,Jagdalpur,Grade A,2277
2023-06-07,Jagdalpur,Grade A,2279
2023-06-08,Jagdalpur,Grade A,2291
2023-06-09,Jagdalpur,Grade A,2287
2023-06-10,Jagdalpur,Grade A,2267
2023-06-11,Jagdalpur,Grade A,2261
2023-06-12,Jagdalpur,Grade A,2255
2023-06-13,Jagdalpur,Grade A,2258
2023-06-14,Jagdalpur,Grade A,2263
2023-06-15,Jagdalpur,Grade A,2236
2023-06-16,Jagdalpur,Grade A,2259
2023-06-17,Jagdalpur,Grade A,2238
2023-06-18,Jagdalpur,Grade A,2235
2023-06-19,Jagdalpur,Grade A,2220
2023-06-20,Jagdalpur,Grade A,2214
2023-06-21,Jagdalpur,Grade A,2251
2023-06-22,Jagdalpur,Grade A,2265
2023-06-23,Jagdalpur,Grade A,2262
2023-06-24,Jagdalpur,Grade A,2263
2023-06-25,Jagdalpur,Grade A,2281
2023-06-26,Jagdalpur,Grade A,2292
2023-06-27,Jagdalpur,Grade A,2312
2023-06-28,Jagdalpur,Grade A,2303
2023-06-29,Jagdalpur,Grade A,2300
2023-06-30,Jagdalpur,Grade A,2305
2023-07-01,Jagdalpur,Grade A,2318
2023-07-02,Jagdalpur,Grade A,2317
2023-07-03,Jagdalpur,Grade A,2325
2023-07-04,Jagdalpur,Grade A,2310
2023-07-05,Jagdalpur,Grade A,2323
2023-07-06,Jagdalpur,Grade A,2327
2023-07-07,Jagdalpur,Grade A,2318
2023-07-08,Jagdalpur,Grade A,2310
2023-07-09,Jagdalpur,Grade A,2316
2023-07-10,Jagdalpur,Grade A,2328
2023-07-11,Jagdalpur,Grade A,2327
2023-07-12,Jagdalpur,Grade A,2311
2023-07-13,Jagdalpur,Grade A,2308
2023-07-14,Jagdalpur,Grade A,2298
2023-07-15,Jagdalpur,Grade A,2289
2023-07-16,Jagdalpur,Grade A,2293
2023-07-17,Jagdalpur,Grade A,2304
2023-07-18,Jagdalpur,Grade A,2297
2023-07-19,Jagdalpur,Grade A,2290
2023-07-20,Jagdalpur,Grade A,2317
2023-07-21,Jagdalpur,Grade A,2287
2023-07-22,Jagdalpur,Grade A,2288
2023-07-23,Jagdalpur,Grade A,2298
2023-07-24,Jagdalpur,Grade A,2286
2023-07-25,Jagdalpur,Grade A,2299
2023-07-26,Jagdalpur,Grade A,2313
2023-07-27,Jagdalpur,Grade A,2327
2023-07-28,Jagdalpur,Grade A,2309
2023-07-29,Jagdalpur,Grade A,2306
2023-07-30,Jagdalpur,Grade A,2314
2023-07-31,Jagdalpur,Grade A,2311
2023-08-01,Jagdalpur,Grade A,2293
2023-08-02,Jagdalpur,Grade A,2317
2023-08-03,Jagdalpur,Grade A,2316
2023-08-04,Jagdalpur,Grade A,2322
2023-08-05,Jagdalpur,Grade A,2315
2023-08-06,Jagdalpur,Grade A,2342
2023-08-07,Jagdalpur,Grade A,2335
2023-08-08,Jagdalpur,Grade A,2357
2023-08-09,Jagdalpur,Grade A,2385
2023-08-10,Jagdalpur,Grade A,2361
2023-08-11,Jagdalpur,Grade A,2373
2023-08-12,Jagdalpur,Grade A,2405
2023-08-13,Jagdalpur,Grade A,2395
2023-08-14,Jagdalpur,Grade A,2404
2023-08-15,Jagdalpur,Grade A,2390
2023-08-16,Jagdalpur,Grade A,2404
2023-08-17,Jagdalpur,Grade A,2374
2023-08-18,Jagdalpur,Grade A,2384
2023-08-19,Jagdalpur,Grade A,2403
2023-08-20,Jagdalpur,Grade A,2408
2023-08-21,Jagdalpur,Grade A,2404
2023-08-22,Jagdalpur,Grade A,2401
2023-08-23,Jagdalpur,Grade A,2391
2023-08-24,Jagdalpur,Grade A,2372
2023-08-25,Jagdalpur,Grade A,2368
2023-08-26,Jagdalpur,Grade A,2356
2023-08-27,Jagdalpur,Grade A,2362
2023-08-28,Jagdalpur,Grade A,2379
2023-08-29,Jagdalpur,Grade A,2391
2023-08-30,Jagdalpur,Grade A,2379
2023-08-31,Jagdalpur,Grade A,2388
2023-09-01,Jagdalpur,Grade A,2387
2023-09-02,Jagdalpur,Grade A,2371
2023-09-03,Jagdalpur,Grade A,2385
2023-09-04,Jagdalpur,Grade A,2398
2023-09-05,Jagdalpur,Grade A,2419
2023-09-06,Jagdalpur,Grade A,2409
2023-09-07,Jagdalpur,Grade A,2408
2023-09-08,Jagdalpur,Grade A,2418
2023-09-09,Jagdalpur,Grade A,2442
2023-09-10,Jagdalpur,Grade A,2441
2023-09-11,Jagdalpur,Grade A,2430
2023-09-12,Jagdalpur,Grade A,2435
2023-09-13,Jagdalpur,Grade A,2447
2023-09-14,Jagdalpur,Grade A,2450
2023-09-15,Jagdalpur,Grade A,2471
2023-09-16,Jagdalpur,Grade A,2489
2023-09-17,Jagdalpur,Grade A,2469
2023-09-18,Jagdalpur,Grade A,2458
2023-09-19,Jagdalpur,Grade A,2452
2023-09-20,Jagdalpur,Grade A,2425
2023-09-21,Jagdalpur,Grade A,2407
2023-09-22,Jagdalpur,Grade A,2401
2023-09-23,Jagdalpur,Grade A,2404
2023-09-24,Jagdalpur,Grade A,2405
2023-09-25,Jagdalpur,Grade A,2419
2023-09-26,Jagdalpur,Grade A,2411
2023-09-27,Jagdalpur,Grade A,2453
2023-09-28,Jagdalpur,Grade A,2467
2023-09-29,Jagdalpur,Grade A,2470
2023-09-30,Jagdalpur,Grade A,2480
2023-10-01,Jagdalpur,Grade A,2461
2023-10-02,Jagdalpur,Grade A,2462
2023-10-03,Jagdalpur,Grade A,2441
2023-10-04,Jagdalpur,Grade A,2452
2023-10-05,Jagdalpur,Grade A,2451
2023-10-06,Jagdalpur,Grade A,2481
2023-10-07,Jagdalpur,Grade A,2468
2023-10-08,Jagdalpur,Grade A,2436
2023-10-09,Jagdalpur,Grade A,2439
2023-10-10,Jagdalpur,Grade A,2475
2023-10-11,Jagdalpur,Grade A,2494
2023-10-12,Jagdalpur,Grade A,2488
2023-10-13,Jagdalpur,Grade A,2476
2023-10-14,Jagdalpur,Grade A,2484
2023-10-15,Jagdalpur,Grade A,2467
2023-10-16,Jagdalpur,Grade A,2473
2023-10-17,Jagdalpur,Grade A,2468
2023-10-18,Jagdalpur,Grade A,2473
2023-10-19,Jagdalpur,Grade A,2498
2023-10-20,Jagdalpur,Grade A,2503
2023-10-21,Jagdalpur,Grade A,2496
2023-10-22,Jagdalpur,Grade A,2471
2023-10-23,Jagdalpur,Grade A,2435
2023-10-24,Jagdalpur,Grade A,2431
2023-10-25,Jagdalpur,Grade A,2447
2023-10-26,Jagdalpur,Grade A,2458
2023-10-27,Jagdalpur,Grade A,2459
2023-10-28,Jagdalpur,Grade A,2488
2023-10-29,Jagdalpur,Grade A,2477
2023-10-30,Jagdalpur,Grade A,2500
2023-10-31,Jagdalpur,Grade A,2504
2023-11-01,Jagdalpur,Grade A,2499
2023-11-02,Jagdalpur,Grade A,2499
2023-11-03,Jagdalpur,Grade A,2479
2023-11-04,Jagdalpur,Grade A,2492
2023-11-05,Jagdalpur,Grade A,2481
2023-11-06,Jagdalpur,Grade A,2467
2023-11-07,Jagdalpur,Grade A,2481
2023-11-08,Jagdalpur,Grade A,2477
2023-11-09,Jagdalpur,Grade A,2506
2023-11-10,Jagdalpur,Grade A,2524
2023-11-11,Jagdalpur,Grade A,2503
2023-11-12,Jagdalpur,Grade A,2497
2023-11-13,Jagdalpur,Grade A,2496
2023-11-14,Jagdalpur,Grade A,2498
2023-11-15,Jagdalpur,Grade A,2496
2023-11-16,Jagdalpur,Grade A,2498
2023-11-17,Jagdalpur,Grade A,2509
2023-11-18,Jagdalpur,Grade A,2523
2023-11-19,Jagdalpur,Grade A,2522
2023-11-20,Jagdalpur,Grade A,2521
2023-11-21,Jagdalpur,Grade A,2528
2023-11-22,Jagdalpur,Grade A,2506
2023-11-23,Jagdalpur,Grade A,2507
2023-11-24,Jagdalpur,Grade A,2507
2023-11-25,Jagdalpur,Grade A,2517
2023-11-26,Jagdalpur,Grade A,2498
2023-11-27,Jagdalpur,Grade A,2487
2023-11-28,Jagdalpur,Grade A,2492
2023-11-29,Jagdalpur,Grade A,2516
2023-11-30,Jagdalpur,Grade A,2530
2023-12-01,Jagdalpur,Grade A,2550
2023-12-02,Jagdalpur,Grade A,2554
2023-12-03,Jagdalpur,Grade A,2572
2023-12-04,Jagdalpur,Grade A,2555
2023-12-05,Jagdalpur,Grade A,2541
2023-12-06,Jagdalpur,Grade A,2527
2023-12-07,Jagdalpur,Grade A,2525
2023-12-08,Jagdalpur,Grade A,2500
2023-12-09,Jagdalpur,Grade A,2498
2023-12-10,Jagdalpur,Grade A,2524
2023-12-11,Jagdalpur,Grade A,2520
2023-12-12,Jagdalpur,Grade A,2511
2023-12-13,Jagdalpur,Grade A,2506
2023-12-14,Jagdalpur,Grade A,2497
2023-12-15,Jagdalpur,Grade A,2496
2023-12-16,Jagdalpur,Grade A,2516
2023-12-17,Jagdalpur,Grade A,2510
2023-12-18,Jagdalpur,Grade A,2538
2023-12-19,Jagdalpur,Grade A,2526
2023-12-20,Jagdalpur,Grade A,2535
2023-12-21,Jagdalpur,Grade A,2547
2023-12-22,Jagdalpur,Grade A,2540
2023-12-23,Jagdalpur,Grade A,2548
2023-12-24,Jagdalpur,Grade A,2548
2023-12-25,Jagdalpur,Grade A,2539
2023-12-26,Jagdalpur,Grade A,2539
2023-12-27,Jagdalpur,Grade A,2519
2023-12-28,Jagdalpur,Grade A,2540
2023-12-29,Jagdalpur,Grade A,2546
2023-12-30,Jagdalpur,Grade A,2548
2023-12-31,Jagdalpur,Grade A,2528
2024-01-01,Jagdalpur,Grade A,2527
2024-01-02,Jagdalpur,Grade A,2529
2024-01-03,Jagdalpur,Grade A,2546
2024-01-04,Jagdalpur,Grade A,2534
2024-01-05,Jagdalpur,Grade A,2534
2024-01-06,Jagdalpur,Grade A,2544
2024-01-07,Jagdalpur,Grade A,2538
2024-01-08,Jagdalpur,Grade A,2548
2024-01-09,Jagdalpur,Grade A,2546
2024-01-10,Jagdalpur,Grade A,2571
2024-01-11,Jagdalpur,Grade A,2569
2024-01-12,Jagdalpur,Grade A,2568
2024-01-13,Jagdalpur,Grade A,2557
2024-01-14,Jagdalpur,Grade A,2504
2024-01-15,Jagdalpur,Grade A,2501
2024-01-16,Jagdalpur,Grade A,2485
2024-01-17,Jagdalpur,Grade A,2474
2024-01-18,Jagdalpur,Grade A,2481
2024-01-19,Jagdalpur,Grade A,2481
2024-01-20,Jagdalpur,Grade A,2474
2024-01-21,Jagdalpur,Grade A,2486
2024-01-22,Jagdalpur,Grade A,2474
2024-01-23,Jagdalpur,Grade A,2469
2024-01-24,Jagdalpur,Grade A,2488
2024-01-25,Jagdalpur,Grade A,2500
2024-01-26,Jagdalpur,Grade A,2493
2024-01-27,Jagdalpur,Grade A,2488
2024-01-28,Jagdalpur,Grade A,2457
2024-01-29,Jagdalpur,Grade A,2460
2024-01-30,Jagdalpur,Grade A,2475
2024-01-31,Jagdalpur,Grade A,2494
2024-02-01,Jagdalpur,Grade A,2516
2024-02-02,Jagdalpur,Grade A,2513
2024-02-03,Jagdalpur,Grade A,2527
2024-02-04,Jagdalpur,Grade A,2544
2024-02-05,Jagdalpur,Grade A,2563
2024-02-06,Jagdalpur,Grade A,2528
2024-02-07,Jagdalpur,Grade A,2557
2024-02-08,Jagdalpur,Grade A,2538
2024-02-09,Jagdalpur,Grade A,2536
2024-02-10,Jagdalpur,Grade A,2558
2024-02-11,Jagdalpur,Grade A,2547
2024-02-12,Jagdalpur,Grade A,2537
2024-02-13,Jagdalpur,Grade A,2530
2024-02-14,Jagdalpur,Grade A,2500
2024-02-15,Jagdalpur,Grade A,2496
2024-02-16,Jagdalpur,Grade A,2432
2024-02-17,Jagdalpur,Grade A,2420
2024-02-18,Jagdalpur,Grade A,2428
2024-02-19,Jagdalpur,Grade A,2411
2024-02-20,Jagdalpur,Grade A,2405
2024-02-21,Jagdalpur,Grade A,2400
2024-02-22,Jagdalpur,Grade A,2399
2024-02-23,Jagdalpur,Grade A,2378
2024-02-24,Jagdalpur,Grade A,2369
2024-02-25,Jagdalpur,Grade A,2400
2024-02-26,Jagdalpur,Grade A,2383
2024-02-27,Jagdalpur,Grade A,2392
2024-02-28,Jagdalpur,Grade A,2394
2024-02-29,Jagdalpur,Grade A,2359
2024-03-01,Jagdalpur,Grade A,2379
2024-03-02,Jagdalpur,Grade A,2403
2024-03-03,Jagdalpur,Grade A,2395
2024-03-04,Jagdalpur,Grade A,2389
2024-03-05,Jagdalpur,Grade A,2372
2024-03-06,Jagdalpur,Grade A,2358
2024-03-07,Jagdalpur,Grade A,2377
2024-03-08,Jagdalpur,Grade A,2385
2024-03-09,Jagdalpur,Grade A,2382
2024-03-10,Jagdalpur,Grade A,2381
2024-03-11,Jagdalpur,Grade A,2393
2024-03-12,Jagdalpur,Grade A,2400
2024-03-13,Jagdalpur,Grade A,2396
2024-03-14,Jagdalpur,Grade A,2358
2024-03-15,Jagdalpur,Grade A,2372
2024-03-16,Jagdalpur,Grade A,2384
2024-03-17,Jagdalpur,Grade A,2388
2024-03-18,Jagdalpur,Grade A,2398
2024-03-19,Jagdalpur,Grade A,2386
2024-03-20,Jagdalpur,Grade A,2384
2024-03-21,Jagdalpur,Grade A,2414
2024-03-22,Jagdalpur,Grade A,2389
2024-03-23,Jagdalpur,Grade A,2385
2024-03-24,Jagdalpur,Grade A,2360
2024-03-25,Jagdalpur,Grade A,2365
2024-03-26,Jagdalpur,Grade A,2382
2024-03-27,Jagdalpur,Grade A,2420
2024-03-28,Jagdalpur,Grade A,2425
2024-03-29,Jagdalpur,Grade A,2436
2024-03-30,Jagdalpur,Grade A,2438
2024-03-31,Jagdalpur,Grade A,2439
2024-04-01,Jagdalpur,Grade A,2443
2024-04-02,Jagdalpur,Grade A,2469
2024-04-03,Jagdalpur,Grade A,2444
2024-04-04,Jagdalpur,Grade A,2445
2024-04-05,Jagdalpur,Grade A,2437
2024-04-06,Jagdalpur,Grade A,2450
2024-04-07,Jagdalpur,Grade A,2431
2024-04-08,Jagdalpur,Grade A,2434
2024-04-09,Jagdalpur,Grade A,2395
2024-04-10,Jagdalpur,Grade A,2367
2024-04-11,Jagdalpur,Grade A,2370
2024-04-12,Jagdalpur,Grade A,2381
2024-04-13,Jagdalpur,Grade A,2417
2024-04-14,Jagdalpur,Grade A,2401
2024-04-15,Jagdalpur,Grade A,2409
2024-04-16,Jagdalpur,Grade A,2386
2024-04-17,Jagdalpur,Grade A,2335
2024-04-18,Jagdalpur,Grade A,2321
2024-04-19,Jagdalpur,Grade A,2318
2024-04-20,Jagdalpur,Grade A,2309
2024-04-21,Jagdalpur,Grade A,2330
2024-04-22,Jagdalpur,Grade A,2297
2024-04-23,Jagdalpur,Grade A,2285
2024-04-24,Jagdalpur,Grade A,2290
2024-04-25,Jagdalpur,Grade A,2291
2024-04-26,Jagdalpur,Grade A,2324
2024-04-27,Jagdalpur,Grade A,2328
2024-04-28,Jagdalpur,Grade A,2335
2024-04-29,Jagdalpur,Grade A,2339
2024-04-30,Jagdalpur,Grade A,2334
2024-05-01,Jagdalpur,Grade A,2315
2024-05-02,Jagdalpur,Grade A,2324
2024-05-03,Jagdalpur,Grade A,2369
2024-05-04,Jagdalpur,Grade A,2375
2024-05-05,Jagdalpur,Grade A,2375
2024-05-06,Jagdalpur,Grade A,2388
2024-05-07,Jagdalpur,Grade A,2365
2024-05-08,Jagdalpur,Grade A,2385
2024-05-09,Jagdalpur,Grade A,2373
2024-05-10,Jagdalpur,Grade A,2389
2024-05-11,Jagdalpur,Grade A,2394
2024-05-12,Jagdalpur,Grade A,2397
2024-05-13,Jagdalpur,Grade A,2378
2024-05-14,Jagdalpur,Grade A,2397
2024-05-15,Jagdalpur,Grade A,2398
2024-05-16,Jagdalpur,Grade A,2387
2024-05-17,Jagdalpur,Grade A,2390
2024-05-18,Jagdalpur,Grade A,2348
2024-05-19,Jagdalpur,Grade A,2321
2024-05-20,Jagdalpur,Grade A,2316
2024-05-21,Jagdalpur,Grade A,2314
2024-05-22,Jagdalpur,Grade A,2314
2024-05-23,Jagdalpur,Grade A,2305
2024-05-24,Jagdalpur,Grade A,2301
2024-05-25,Jagdalpur,Grade A,2321
2024-05-26,Jagdalpur,Grade A,2320
2024-05-27,Jagdalpur,Grade A,2333
2024-05-28,Jagdalpur,Grade A,2340
2024-05-29,Jagdalpur,Grade A,2339
2024-05-30,Jagdalpur,Grade A,2347
2024-05-31,Jagdalpur,Grade A,2336
2024-06-01,Jagdalpur,Grade A,2345
2024-06-02,Jagdalpur,Grade A,2337
2024-06-03,Jagdalpur,Grade A,2331
2024-06-04,Jagdalpur,Grade A,2338
2024-06-05,Jagdalpur,Grade A,2338
2024-06-06,Jagdalpur,Grade A,2339
2024-06-07,Jagdalpur,Grade A,2342
2024-06-08,Jagdalpur,Grade A,2344
2024-06-09,Jagdalpur,Grade A,2350
2024-06-10,Jagdalpur,Grade A,2339
2024-06-11,Jagdalpur,Grade A,2364
2024-06-12,Jagdalpur,Grade A,2360
2024-06-13,Jagdalpur,Grade A,2372
2024-06-14,Jagdalpur,Grade A,2361
2024-06-15,Jagdalpur,Grade A,2364
2024-06-16,Jagdalpur,Grade A,2346
2024-06-17,Jagdalpur,Grade A,2327
2024-06-18,Jagdalpur,Grade A,2319
2024-06-19,Jagdalpur,Grade A,2292
2024-06-20,Jagdalpur,Grade A,2275
2024-06-21,Jagdalpur,Grade A,2295
2024-06-22,Jagdalpur,Grade A,2289
2024-06-23,Jagdalpur,Grade A,2258
2024-06-24,Jagdalpur,Grade A,2288
2024-06-25,Jagdalpur,Grade A,2285
2024-06-26,Jagdalpur,Grade A,2308
2024-06-27,Jagdalpur,Grade A,2316
2024-06-28,Jagdalpur,Grade A,2320
2024-06-29,Jagdalpur,Grade A,2290
2024-06-30,Jagdalpur,Grade A,2291
2024-07-01,Jagdalpur,Grade A,2273
2024-07-02,Jagdalpur,Grade A,2273
2024-07-03,Jagdalpur,Grade A,2297
2024-07-04,Jagdalpur,Grade A,2303
2024-07-05,Jagdalpur,Grade A,2291
2024-07-06,Jagdalpur,Grade A,2321
2024-07-07,Jagdalpur,Grade A,2330
2024-07-08,Jagdalpur,Grade A,2338
2024-07-09,Jagdalpur,Grade A,2336
2024-07-10,Jagdalpur,Grade A,2370
2024-07-11,Jagdalpur,Grade A,2361
2024-07-12,Jagdalpur,Grade A,2348
2024-07-13,Jagdalpur,Grade A,2373
2024-07-14,Jagdalpur,Grade A,2386
2024-07-15,Jagdalpur,Grade A,2370
2024-07-16,Jagdalpur,Grade A,2371
2024-07-17,Jagdalpur,Grade A,2383
2024-07-18,Jagdalpur,Grade A,2377
2024-07-19,Jagdalpur,Grade A,2369
2024-07-20,Jagdalpur,Grade A,2390
2024-07-21,Jagdalpur,Grade A,2383
2024-07-22,Jagdalpur,Grade A,2374
2024-07-23,Jagdalpur,Grade A,2361
2024-07-24,Jagdalpur,Grade A,2354
2024-07-25,Jagdalpur,Grade A,2345
2024-07-26,Jagdalpur,Grade A,2345
2024-07-27,Jagdalpur,Grade A,2326
2024-07-28,Jagdalpur,Grade A,2344
2024-07-29,Jagdalpur,Grade A,2366
2024-07-30,Jagdalpur,Grade A,2370
2024-07-31,Jagdalpur,Grade A,2383
2024-08-01,Jagdalpur,Grade A,2386
2024-08-02,Jagdalpur,Grade A,2384
2024-08-03,Jagdalpur,Grade A,2375
2024-08-04,Jagdalpur,Grade A,2375
2024-08-05,Jagdalpur,Grade A,2375
2024-08-06,Jagdalpur,Grade A,2387
2024-08-07,Jagdalpur,Grade A,2397
2024-08-08,Jagdalpur,Grade A,2423
2024-08-09,Jagdalpur,Grade A,2455
2024-08-10,Jagdalpur,Grade A,2468
2024-08-11,Jagdalpur,Grade A,2459
2024-08-12,Jagdalpur,Grade A,2454
2024-08-13,Jagdalpur,Grade A,2445
2024-08-14,Jagdalpur,Grade A,2411
2024-08-15,Jagdalpur,Grade A,2398
2024-08-16,Jagdalpur,Grade A,2394
2024-08-17,Jagdalpur,Grade A,2361
2024-08-18,Jagdalpur,Grade A,2371
2024-08-19,Jagdalpur,Grade A,2384
2024-08-20,Jagdalpur,Grade A,2354
2024-08-21,Jagdalpur,Grade A,2396
2024-08-22,Jagdalpur,Grade A,2413
2024-08-23,Jagdalpur,Grade A,2415
2024-08-24,Jagdalpur,Grade A,2437
2024-08-25,Jagdalpur,Grade A,2435
2024-08-26,Jagdalpur,Grade A,2417
2024-08-27,Jagdalpur,Grade A,2418
2024-08-28,Jagdalpur,Grade A,2413
2024-08-29,Jagdalpur,Grade A,2432
2024-08-30,Jagdalpur,Grade A,2411
2024-08-31,Jagdalpur,Grade A,2445
2024-09-01,Jagdalpur,Grade A,2449
2024-09-02,Jagdalpur,Grade A,2462
2024-09-03,Jagdalpur,Grade A,2443
2024-09-04,Jagdalpur,Grade A,2454
2024-09-05,Jagdalpur,Grade A,2472
2024-09-06,Jagdalpur,Grade A,2468
2024-09-07,Jagdalpur,Grade A,2501
2024-09-08,Jagdalpur,Grade A,2498
2024-09-09,Jagdalpur,Grade A,2507
2024-09-10,Jagdalpur,Grade A,2508
2024-09-11,Jagdalpur,Grade A,2527
2024-09-12,Jagdalpur,Grade A,2524
2024-09-13,Jagdalpur,Grade A,2529
2024-09-14,Jagdalpur,Grade A,2511
2024-09-15,Jagdalpur,Grade A,2481
2024-09-16,Jagdalpur,Grade A,2484
2024-09-17,Jagdalpur,Grade A,2481
2024-09-18,Jagdalpur,Grade A,2459
2024-09-19,Jagdalpur,Grade A,2440
2024-09-20,Jagdalpur,Grade A,2464
2024-09-21,Jagdalpur,Grade A,2484
2024-09-22,Jagdalpur,Grade A,2480
2024-09-23,Jagdalpur,Grade A,2471
2024-09-24,Jagdalpur,Grade A,2476
2024-09-25,Jagdalpur,Grade A,2472
2024-09-26,Jagdalpur,Grade A,2479
2024-09-27,Jagdalpur,Grade A,2469
2024-09-28,Jagdalpur,Grade A,2443
2024-09-29,Jagdalpur,Grade A,2481
2024-09-30,Jagdalpur,Grade A,2478
2024-10-01,Jagdalpur,Grade A,2510
2024-10-02,Jagdalpur,Grade A,2530
2024-10-03,Jagdalpur,Grade A,2527
2024-10-04,Jagdalpur,Grade A,2506
2024-10-05,Jagdalpur,Grade A,2514
2024-10-06,Jagdalpur,Grade A,2546
2024-10-07,Jagdalpur,Grade A,2542
2024-10-08,Jagdalpur,Grade A,2562
2024-10-09,Jagdalpur,Grade A,2544
2024-10-10,Jagdalpur,Grade A,2535
2024-10-11,Jagdalpur,Grade A,2551
2024-10-12,Jagdalpur,Grade A,2535
2024-10-13,Jagdalpur,Grade A,2522
2024-10-14,Jagdalpur,Grade A,2499
2024-10-15,Jagdalpur,Grade A,2499
2024-10-16,Jagdalpur,Grade A,2517
2024-10-17,Jagdalpur,Grade A,2507
2024-10-18,Jagdalpur,Grade A,2503
2024-10-19,Jagdalpur,Grade A,2505
2024-10-20,Jagdalpur,Grade A,2503
2024-10-21,Jagdalpur,Grade A,2508
2024-10-22,Jagdalpur,Grade A,2476
2024-10-23,Jagdalpur,Grade A,2467
2024-10-24,Jagdalpur,Grade A,2478
2024-10-25,Jagdalpur,Grade A,2463
2024-10-26,Jagdalpur,Grade A,2489
2024-10-27,Jagdalpur,Grade A,2490
2024-10-28,Jagdalpur,Grade A,2484
2024-10-29,Jagdalpur,Grade A,2469
2024-10-30,Jagdalpur,Grade A,2492
2024-10-31,Jagdalpur,Grade A,2496
2024-11-01,Jagdalpur,Grade A,2496
2024-11-02,Jagdalpur,Grade A,2502
2024-11-03,Jagdalpur,Grade A,2507
2024-11-04,Jagdalpur,Grade A,2517
2024-11-05,Jagdalpur,Grade A,2510
2024-11-06,Jagdalpur,Grade A,2484
2024-11-07,Jagdalpur,Grade A,2532
2024-11-08,Jagdalpur,Grade A,2522
2024-11-09,Jagdalpur,Grade A,2520
2024-11-10,Jagdalpur,Grade A,2503
2024-11-11,Jagdalpur,Grade A,2525
2024-11-12,Jagdalpur,Grade A,2513
2024-11-13,Jagdalpur,Grade A,2510
2024-11-14,Jagdalpur,Grade A,2507
2024-11-15,Jagdalpur,Grade A,2495
2024-11-16,Jagdalpur,Grade A,2510
2024-11-17,Jagdalpur,Grade A,2541
2024-11-18,Jagdalpur,Grade A,2567
2024-11-19,Jagdalpur,Grade A,2584
2024-11-20,Jagdalpur,Grade A,2555
2024-11-21,Jagdalpur,Grade A,2548
2024-11-22,Jagdalpur,Grade A,2564
2024-11-23,Jagdalpur,Grade A,2569
2024-11-24,Jagdalpur,Grade A,2569
2024-11-25,Jagdalpur,Grade A,2545
2024-11-26,Jagdalpur,Grade A,2548
2024-11-27,Jagdalpur,Grade A,2545
2024-11-28,Jagdalpur,Grade A,2532
2024-11-29,Jagdalpur,Grade A,2539
2024-11-30,Jagdalpur,Grade A,2543
2024-12-01,Jagdalpur,Grade A,2547
2024-12-02,Jagdalpur,Grade A,2549
2024-12-03,Jagdalpur,Grade A,2540
2024-12-04,Jagdalpur,Grade A,2561
2024-12-05,Jagdalpur,Grade A,2552
2024-12-06,Jagdalpur,Grade A,2551
2024-12-07,Jagdalpur,Grade A,2549
2024-12-08,Jagdalpur,Grade A,2542
2024-12-09,Jagdalpur,Grade A,2526
2024-12-10,Jagdalpur,Grade A,2555
2024-12-11,Jagdalpur,Grade A,2576
2024-12-12,Jagdalpur,Grade A,2573
2024-12-13,Jagdalpur,Grade A,2572
2024-12-14,Jagdalpur,Grade A,2569
2024-12-15,Jagdalpur,Grade A,2565
2024-12-16,Jagdalpur,Grade A,2567
2024-12-17,Jagdalpur,Grade A,2583
2024-12-18,Jagdalpur,Grade A,2575
2024-12-19,Jagdalpur,Grade A,2565
2024-12-20,Jagdalpur,Grade A,2585
2024-12-21,Jagdalpur,Grade A,2602
2024-12-22,Jagdalpur,Grade A,2580
2024-12-23,Jagdalpur,Grade A,2567
2024-12-24,Jagdalpur,Grade A,2578
2024-12-25,Jagdalpur,Grade A,2583
2024-12-26,Jagdalpur,Grade A,2563
2024-12-27,Jagdalpur,Grade A,2588
2024-12-28,Jagdalpur,Grade A,2586
2024-12-29,Jagdalpur,Grade A,2606
2024-12-30,Jagdalpur,Grade A,2578
2024-12-31,Jagdalpur,Grade A,2588
2025-01-01,Jagdalpur,Grade A,2604
2025-01-02,Jagdalpur,Grade A,2577
2025-01-03,Jagdalpur,Grade A,2566
2025-01-04,Jagdalpur,Grade A,2560
2025-01-05,Jagdalpur,Grade A,2533
2025-01-06,Jagdalpur,Grade A,2527
2025-01-07,Jagdalpur,Grade A,2535
2025-01-08,Jagdalpur,Grade A,2518
2025-01-09,Jagdalpur,Grade A,2498
2025-01-10,Jagdalpur,Grade A,2498
2025-01-11,Jagdalpur,Grade A,2501
2025-01-12,Jagdalpur,Grade A,2504
2025-01-13,Jagdalpur,Grade A,2503
2025-01-14,Jagdalpur,Grade A,2508
2025-01-15,Jagdalpur,Grade A,2497
2025-01-16,Jagdalpur,Grade A,2508
2025-01-17,Jagdalpur,Grade A,2509
2025-01-18,Jagdalpur,Grade A,2522
2025-01-19,Jagdalpur,Grade A,2493
2025-01-20,Jagdalpur,Grade A,2468
2025-01-21,Jagdalpur,Grade A,2475
2025-01-22,Jagdalpur,Grade A,2504
2025-01-23,Jagdalpur,Grade A,2516
2025-01-24,Jagdalpur,Grade A,2528
2025-01-25,Jagdalpur,Grade A,2523
2025-01-26,Jagdalpur,Grade A,2508
2025-01-27,Jagdalpur,Grade A,2477
2025-01-28,Jagdalpur,Grade A,2495
2025-01-29,Jagdalpur,Grade A,2505
2025-01-30,Jagdalpur,Grade A,2496
2025-01-31,Jagdalpur,Grade A,2540
2025-02-01,Jagdalpur,Grade A,2511
2025-02-02,Jagdalpur,Grade A,2511
2025-02-03,Jagdalpur,Grade A,2497
2025-02-04,Jagdalpur,Grade A,2478
2025-02-05,Jagdalpur,Grade A,2457
2025-02-06,Jagdalpur,Grade A,2432
2025-02-07,Jagdalpur,Grade A,2418
2025-02-08,Jagdalpur,Grade A,2432
2025-02-09,Jagdalpur,Grade A,2431
2025-02-10,Jagdalpur,Grade A,2413
2025-02-11,Jagdalpur,Grade A,2419
2025-02-12,Jagdalpur,Grade A,2418
2025-02-13,Jagdalpur,Grade A,2411
2025-02-14,Jagdalpur,Grade A,2411
2025-02-15,Jagdalpur,Grade A,2391
2025-02-16,Jagdalpur,Grade A,2403
2025-02-17,Jagdalpur,Grade A,2420
2025-02-18,Jagdalpur,Grade A,2438
2025-02-19,Jagdalpur,Grade A,2461
2025-02-20,Jagdalpur,Grade A,2491
2025-02-21,Jagdalpur,Grade A,2483
2025-02-22,Jagdalpur,Grade A,2478
2025-02-23,Jagdalpur,Grade A,2476
2025-02-24,Jagdalpur,Grade A,2487
2025-02-25,Jagdalpur,Grade A,2499
2025-02-26,Jagdalpur,Grade A,2493
2025-02-27,Jagdalpur,Grade A,2491
2025-02-28,Jagdalpur,Grade A,2489
2025-03-01,Jagdalpur,Grade A,2460
2025-03-02,Jagdalpur,Grade A,2471
2025-03-03,Jagdalpur,Grade A,2458
2025-03-04,Jagdalpur,Grade A,2430
2025-03-05,Jagdalpur,Grade A,2431
2025-03-06,Jagdalpur,Grade A,2449
2025-03-07,Jagdalpur,Grade A,2423
2025-03-08,Jagdalpur,Grade A,2413
2025-03-09,Jagdalpur,Grade A,2430
2025-03-10,Jagdalpur,Grade A,2432
2025-03-11,Jagdalpur,Grade A,2438
2025-03-12,Jagdalpur,Grade A,2452
2025-03-13,Jagdalpur,Grade A,2457
2025-03-14,Jagdalpur,Grade A,2478
2025-03-15,Jagdalpur,Grade A,2462
2025-03-16,Jagdalpur,Grade A,2425
2025-03-17,Jagdalpur,Grade A,2424
2025-03-18,Jagdalpur,Grade A,2425
2025-03-19,Jagdalpur,Grade A,2431
2025-03-20,Jagdalpur,Grade A,2416
2025-03-21,Jagdalpur,Grade A,2427
2025-03-22,Jagdalpur,Grade A,2384
2025-03-23,Jagdalpur,Grade A,2393
2025-03-24,Jagdalpur,Grade A,2390
2025-03-25,Jagdalpur,Grade A,2388
2025-03-26,Jagdalpur,Grade A,2389
2025-03-27,Jagdalpur,Grade A,2407
2025-03-28,Jagdalpur,Grade A,2394
2025-03-29,Jagdalpur,Grade A,2433
2025-03-30,Jagdalpur,Grade A,2427
2025-03-31,Jagdalpur,Grade A,2420
2025-04-01,Jagdalpur,Grade A,2419
2025-04-02,Jagdalpur,Grade A,2411
2025-04-03,Jagdalpur,Grade A,2412
2025-04-04,Jagdalpur,Grade A,2388
2025-04-05,Jagdalpur,Grade A,2399
2025-04-06,Jagdalpur,Grade A,2409
2025-04-07,Jagdalpur,Grade A,2415
2025-04-08,Jagdalpur,Grade A,2426
2025-04-09,Jagdalpur,Grade A,2417
2025-04-10,Jagdalpur,Grade A,2398
2025-04-11,Jagdalpur,Grade A,2394
2025-04-12,Jagdalpur,Grade A,2406
2025-04-13,Jagdalpur,Grade A,2415
2025-04-14,Jagdalpur,Grade A,2416
2025-04-15,Jagdalpur,Grade A,2431
2025-04-16,Jagdalpur,Grade A,2417
2025-04-17,Jagdalpur,Grade A,2428
2025-04-18,Jagdalpur,Grade A,2420
2025-04-19,Jagdalpur,Grade A,2384
2025-04-20,Jagdalpur,Grade A,2403
2025-04-21,Jagdalpur,Grade A,2389
2025-04-22,Jagdalpur,Grade A,2383
2025-04-23,Jagdalpur,Grade A,2374
2025-04-24,Jagdalpur,Grade A,2361
2025-04-25,Jagdalpur,Grade A,2389
2025-04-26,Jagdalpur,Grade A,2400
2025-04-27,Jagdalpur,Grade A,2407
2025-04-28,Jagdalpur,Grade A,2390
2025-04-29,Jagdalpur,Grade A,2371
2025-04-30,Jagdalpur,Grade A,2367
2025-05-01,Jagdalpur,Grade A,2374
2025-05-02,Jagdalpur,Grade A,2379
2025-05-03,Jagdalpur,Grade A,2378
2025-05-04,Jagdalpur,Grade A,2368
2025-05-05,Jagdalpur,Grade A,2372
2025-05-06,Jagdalpur,Grade A,2345
2025-05-07,Jagdalpur,Grade A,2375
2025-05-08,Jagdalpur,Grade A,2367
2025-05-09,Jagdalpur,Grade A,2359
2025-05-10,Jagdalpur,Grade A,2360
2025-05-11,Jagdalpur,Grade A,2352
2025-05-12,Jagdalpur,Grade A,2337
2025-05-13,Jagdalpur,Grade A,2324
2025-05-14,Jagdalpur,Grade A,2330
2025-05-15,Jagdalpur,Grade A,2319
2025-05-16,Jagdalpur,Grade A,2323
2025-05-17,Jagdalpur,Grade A,2316
2025-05-18,Jagdalpur,Grade A,2313
2025-05-19,Jagdalpur,Grade A,2333
2025-05-20,Jagdalpur,Grade A,2358
2025-05-21,Jagdalpur,Grade A,2364
2025-05-22,Jagdalpur,Grade A,2361
2025-05-23,Jagdalpur,Grade A,2331
2025-05-24,Jagdalpur,Grade A,2333
2025-05-25,Jagdalpur,Grade A,2350
2025-05-26,Jagdalpur,Grade A,2379
2025-05-27,Jagdalpur,Grade A,2381
2025-05-28,Jagdalpur,Grade A,2378
2025-05-29,Jagdalpur,Grade A,2359
2025-05-30,Jagdalpur,Grade A,2337
2025-05-31,Jagdalpur,Grade A,2340
2025-06-01,Jagdalpur,Grade A,2339
2025-06-02,Jagdalpur,Grade A,2323
2025-06-03,Jagdalpur,Grade A,2316
2025-06-04,Jagdalpur,Grade A,2324
2025-06-05,Jagdalpur,Grade A,2295
2025-06-06,Jagdalpur,Grade A,2301
2025-06-07,Jagdalpur,Grade A,2286
2025-06-08,Jagdalpur,Grade A,2301
2025-06-09,Jagdalpur,Grade A,2306
2025-06-10,Jagdalpur,Grade A,2309
2025-06-11,Jagdalpur,Grade A,2310
2025-06-12,Jagdalpur,Grade A,2289
2025-06-13,Jagdalpur,Grade A,2281
2025-06-14,Jagdalpur,Grade A,2268
2025-06-15,Jagdalpur,Grade A,2265
2025-06-16,Jagdalpur,Grade A,2252
2025-06-17,Jagdalpur,Grade A,2259
2025-06-18,Jagdalpur,Grade A,2279
2025-06-19,Jagdalpur,Grade A,2271
2025-06-20,Jagdalpur,Grade A,2268
2025-06-21,Jagdalpur,Grade A,2270
2025-06-22,Jagdalpur,Grade A,2273
2025-06-23,Jagdalpur,Grade A,2277
2025-06-24,Jagdalpur,Grade A,2277
2025-06-25,Jagdalpur,Grade A,2273
2025-06-26,Jagdalpur,Grade A,2295
2025-06-27,Jagdalpur,Grade A,2303
2025-06-28,Jagdalpur,Grade A,2278
2025-06-29,Jagdalpur,Grade A,2263
2025-06-30,Jagdalpur,Grade A,2277
2025-07-01,Jagdalpur,Grade A,2293
2025-07-02,Jagdalpur,Grade A,2287
2025-07-03,Jagdalpur,Grade A,2292
2025-07-04,Jagdalpur,Grade A,2298
2025-07-05,Jagdalpur,Grade A,2315
2025-07-06,Jagdalpur,Grade A,2301
2025-07-07,Jagdalpur,Grade A,2288
2025-07-08,Jagdalpur,Grade A,2264
2025-07-09,Jagdalpur,Grade A,2241
2025-07-10,Jagdalpur,Grade A,2252
2025-07-11,Jagdalpur,Grade A,2290
2025-07-12,Jagdalpur,Grade A,2309
2025-07-13,Jagdalpur,Grade A,2344
2025-07-14,Jagdalpur,Grade A,2353
2025-07-15,Jagdalpur,Grade A,2328
2025-07-16,Jagdalpur,Grade A,2308
2025-07-17,Jagdalpur,Grade A,2303
2025-07-18,Jagdalpur,Grade A,2289
2025-07-19,Jagdalpur,Grade A,2315
2025-07-20,Jagdalpur,Grade A,2335
2025-07-21,Jagdalpur,Grade A,2323
2025-07-22,Jagdalpur,Grade A,2344
2025-07-23,Jagdalpur,Grade A,2367
2025-07-24,Jagdalpur,Grade A,2358
2025-07-25,Jagdalpur,Grade A,2345
2025-07-26,Jagdalpur,Grade A,2351
2025-07-27,Jagdalpur,Grade A,2356
2025-07-28,Jagdalpur,Grade A,2378
2025-07-29,Jagdalpur,Grade A,2372
2025-07-30,Jagdalpur,Grade A,2377
2025-07-31,Jagdalpur,Grade A,2388
2025-08-01,Jagdalpur,Grade A,2385
2025-08-02,Jagdalpur,Grade A,2410
2025-08-03,Jagdalpur,Grade A,2407
2025-08-04,Jagdalpur,Grade A,2408
2025-08-05,Jagdalpur,Grade A,2384
2025-08-06,Jagdalpur,Grade A,2360
2025-08-07,Jagdalpur,Grade A,2373
2025-08-08,Jagdalpur,Grade A,2394
2025-08-09,Jagdalpur,Grade A,2411
2025-08-10,Jagdalpur,Grade A,2418
2025-08-11,Jagdalpur,Grade A,2435
2025-08-12,Jagdalpur,Grade A,2416
2025-08-13,Jagdalpur,Grade A,2399
2025-08-14,Jagdalpur,Grade A,2389
2025-08-15,Jagdalpur,Grade A,2407
2025-08-16,Jagdalpur,Grade A,2396
2025-08-17,Jagdalpur,Grade A,2397
2025-08-18,Jagdalpur,Grade A,2397
2025-08-19,Jagdalpur,Grade A,2398
2025-08-20,Jagdalpur,Grade A,2382
2025-08-21,Jagdalpur,Grade A,2373
2025-08-22,Jagdalpur,Grade A,2364
2025-08-23,Jagdalpur,Grade A,2374
2025-08-24,Jagdalpur,Grade A,2391
2025-08-25,Jagdalpur,Grade A,2356
2025-08-26,Jagdalpur,Grade A,2372
2025-08-27,Jagdalpur,Grade A,2355
2025-08-28,Jagdalpur,Grade A,2369
2025-08-29,Jagdalpur,Grade A,2392
2025-08-30,Jagdalpur,Grade A,2356
2025-08-31,Jagdalpur,Grade A,2373
2025-09-01,Jagdalpur,Grade A,2394
2025-09-02,Jagdalpur,Grade A,2400
2025-09-03,Jagdalpur,Grade A,2397
2025-09-04,Jagdalpur,Grade A,2390
2025-09-05,Jagdalpur,Grade A,2410
2025-09-06,Jagdalpur,Grade A,2384
2025-09-07,Jagdalpur,Grade A,2381
2025-09-08,Jagdalpur,Grade A,2386
2025-09-09,Jagdalpur,Grade A,2418
2025-09-10,Jagdalpur,Grade A,2446
2025-09-11,Jagdalpur,Grade A,2464
2025-09-12,Jagdalpur,Grade A,2462
2025-09-13,Jagdalpur,Grade A,2454
2025-09-14,Jagdalpur,Grade A,2473
2025-09-15,Jagdalpur,Grade A,2495
2025-09-16,Jagdalpur,Grade A,2513
2025-09-17,Jagdalpur,Grade A,2535
2025-09-18,Jagdalpur,Grade A,2515
2025-09-19,Jagdalpur,Grade A,2546
2025-09-20,Jagdalpur,Grade A,2555
2025-09-21,Jagdalpur,Grade A,2525
2025-09-22,Jagdalpur,Grade A,2537
2025-09-23,Jagdalpur,Grade A,2544
2025-09-24,Jagdalpur,Grade A,2540
2025-09-25,Jagdalpur,Grade A,2561
2025-09-26,Jagdalpur,Grade A,2541
2025-09-27,Jagdalpur,Grade A,2563
2025-09-28,Jagdalpur,Grade A,2582
2025-09-29,Jagdalpur,Grade A,2580
2025-09-30,Jagdalpur,Grade A,2566
2025-10-01,Jagdalpur,Grade A,2538
2025-10-02,Jagdalpur,Grade A,2532
2025-10-03,Jagdalpur,Grade A,2545
2025-10-04,Jagdalpur,Grade A,2560
2025-10-05,Jagdalpur,Grade A,2563
2025-10-06,Jagdalpur,Grade A,2551
2025-10-07,Jagdalpur,Grade A,2576
2025-10-08,Jagdalpur,Grade A,2574
2025-10-09,Jagdalpur,Grade A,2577
2025-10-10,Jagdalpur,Grade A,2603
2025-10-11,Jagdalpur,Grade A,2594
2025-10-12,Jagdalpur,Grade A,2588
2025-10-13,Jagdalpur,Grade A,2578
2025-10-14,Jagdalpur,Grade A,2569
2025-10-15,Jagdalpur,Grade A,2560
2025-10-16,Jagdalpur,Grade A,2550
2025-10-17,Jagdalpur,Grade A,2557
2025-10-18,Jagdalpur,Grade A,2558
2025-10-19,Jagdalpur,Grade A,2557
2025-10-20,Jagdalpur,Grade A,2555
2025-10-21,Jagdalpur,Grade A,2555
2025-10-22,Jagdalpur,Grade A,2543
2025-10-23,Jagdalpur,Grade A,2539
2025-10-24,Jagdalpur,Grade A,2536
2025-10-25,Jagdalpur,Grade A,2544
2025-10-26,Jagdalpur,Grade A,2545
2025-10-27,Jagdalpur,Grade A,2534
2025-10-28,Jagdalpur,Grade A,2528
2025-10-29,Jagdalpur,Grade A,2521
2025-10-30,Jagdalpur,Grade A,2531
2025-10-31,Jagdalpur,Grade A,2549
2025-11-01,Jagdalpur,Grade A,2543
2025-11-02,Jagdalpur,Grade A,2554
2025-11-03,Jagdalpur,Grade A,2520
2025-11-04,Jagdalpur,Grade A,2532
2025-11-05,Jagdalpur,Grade A,2545
2025-11-06,Jagdalpur,Grade A,2555
2025-11-07,Jagdalpur,Grade A,2578
2025-11-08,Jagdalpur,Grade A,2592
2025-11-09,Jagdalpur,Grade A,2564
2025-11-10,Jagdalpur,Grade A,2557
2025-11-11,Jagdalpur,Grade A,2553
2025-11-12,Jagdalpur,Grade A,2513
2025-11-13,Jagdalpur,Grade A,2518
2025-11-14,Jagdalpur,Grade A,2520
2025-11-15,Jagdalpur,Grade A,2518
2025-11-16,Jagdalpur,Grade A,2515
2025-11-17,Jagdalpur,Grade A,2551
2025-11-18,Jagdalpur,Grade A,2549
2025-11-19,Jagdalpur,Grade A,2553
2025-11-20,Jagdalpur,Grade A,2572
2025-11-21,Jagdalpur,Grade A,2596
2025-11-22,Jagdalpur,Grade A,2599
2025-11-23,Jagdalpur,Grade A,2561
2025-11-24,Jagdalpur,Grade A,2583
2025-11-25,Jagdalpur,Grade A,2613
2025-11-26,Jagdalpur,Grade A,2630
2025-11-27,Jagdalpur,Grade A,2631
2025-11-28,Jagdalpur,Grade A,2633
2025-11-29,Jagdalpur,Grade A,2659
2025-11-30,Jagdalpur,Grade A,2637
2025-12-01,Jagdalpur,Grade A,2649
2025-12-02,Jagdalpur,Grade A,2632
2025-12-03,Jagdalpur,Grade A,2618
2025-12-04,Jagdalpur,Grade A,2630
2025-12-05,Jagdalpur,Grade A,2630
2025-12-06,Jagdalpur,Grade A,2637
2025-12-07,Jagdalpur,Grade A,2625
2025-12-08,Jagdalpur,Grade A,2577
2025-12-09,Jagdalpur,Grade A,2555
2025-12-10,Jagdalpur,Grade A,2552
2025-12-11,Jagdalpur,Grade A,2563
2025-12-12,Jagdalpur,Grade A,2575
2025-12-13,Jagdalpur,Grade A,2542
2025-12-14,Jagdalpur,Grade A,2559
2025-12-15,Jagdalpur,Grade A,2579
2025-12-16,Jagdalpur,Grade A,2588
2025-12-17,Jagdalpur,Grade A,2577
2025-12-18,Jagdalpur,Grade A,2587
2025-12-19,Jagdalpur,Grade A,2577
2025-12-20,Jagdalpur,Grade A,2587
2025-12-21,Jagdalpur,Grade A,2571
2025-12-22,Jagdalpur,Grade A,2595
2025-12-23,Jagdalpur,Grade A,2602
2025-12-24,Jagdalpur,Grade A,2603
2025-12-25,Jagdalpur,Grade A,2627
2025-12-26,Jagdalpur,Grade A,2601
2025-12-27,Jagdalpur,Grade A,2614
2025-12-28,Jagdalpur,Grade A,2619
2025-12-29,Jagdalpur,Grade A,2637
2025-12-30,Jagdalpur,Grade A,2626
2025-12-31,Jagdalpur,Grade A,2633
